id,company_name,company_type,hq_city,hq_province,regions_served,primary_services,client_types,evidence_links,summary,fit_rationale,drone_lidar_fit_signals,contacts,public_email,public_phone,contact_form_url,outreach_angle,fit_score,confidence_score,pipeline_stage,notes,last_verified_date
on-001-4sight-utility-engineers,4Sight Utility Engineers,Civil Eng,Whitby,Ontario,Durham; York; Dufferin; Caledon,Subsurface Utility Engineering; Utility coordination; Utility design; Geophysics; LiDAR,Municipalities; Government; Transportation agencies; Utilities; Developers,https://www.4sightue.com/; https://acecontario.ca/member-directory/,"Employee-owned utility engineering firm providing SUE, utility coordination, utility design and geophysics.","Provides subsurface utility engineering, utility coordination, utility design, geophysics services for municipalities, government, creating overlap with infrastructure-focused drone mapping and inspection work.",LiDAR,NOT CONFIRMED | NOT CONFIRMED | Email: info@4sightue.com; Phone: 289-385-3303 | https://acecontario.ca/member-directory/,info@4sightue.com,289-385-3303,NOT CONFIRMED,"Introduce subcontract aerial data capture and inspection support for the firm’s subsurface utility engineering, utility coordination, utility design projects.",45,100,New,,2026-07-19
on-002-aecom-canada-ulc,AECOM Canada ULC,Multi-discipline,Markham,Ontario,Ontario; Canada,Infrastructure consulting; Engineering; Environmental services; Program management; Construction management; Water,Public sector; Private sector; Municipalities; Transportation agencies,https://aecom.com/en-ca/; https://acecontario.ca/member-directory/,"Infrastructure consulting firm serving transportation, buildings, water, energy and environmental markets.","Provides infrastructure consulting, engineering, environmental services, program management services for public sector, private sector, creating overlap with infrastructure-focused drone mapping and inspection work.",Infrastructure consulting; Environmental services; Construction management; Water,NOT CONFIRMED | NOT CONFIRMED | Email: terri.stade@aecom.com; Phone: 905-767-1774 | https://acecontario.ca/member-directory/,terri.stade@aecom.com,905-767-1774,https://aecom.com/en-ca/contact-us/,"Position corridor mapping, site modelling and inspection support around the firm’s infrastructure consulting, engineering, environmental services work.",50,100,New,,2026-07-19
on-003-accenture-infrastructure-capital-projects-,Accenture Infrastructure & Capital Projects Inc. (Comtech),CM,Richmond Hill,Ontario,Ontario,Program management; Project management; Construction management; Infrastructure advisory,Public sector; Transportation agencies; Infrastructure owners,https://www.teamcomtech.com/; https://acecontario.ca/member-directory/,"Infrastructure and capital-project consulting practice providing project, program and construction management.","Provides program management, project management, construction management, infrastructure advisory services for public sector, transportation agencies, creating overlap with infrastructure-focused drone mapping and inspection work.",Construction management; Infrastructure advisory,NOT CONFIRMED | NOT CONFIRMED | Email: info@teamcomtech.com; Phone: 905-474-4455 | https://acecontario.ca/member-directory/,info@teamcomtech.com,905-474-4455,NOT CONFIRMED,"Present repeatable aerial progress documentation and remote inspection as support for program management, project management, construction management.",30,100,New,,2026-07-19
on-004-ainley-group,Ainley Group,Multi-discipline,Collingwood,Ontario,Ontario,Civil engineering; Environmental services; Geotechnical engineering; Geomatics; Planning; Surveying; Water resources,Municipalities; Developers; Transportation agencies; Public sector; Private sector,https://www.ainleygroup.com/; https://acecontario.ca/member-directory/,Employee-owned engineering and planning firm with infrastructure development capabilities across Ontario.,"Provides civil engineering, environmental services, geotechnical engineering, geomatics services for municipalities, developers, creating overlap with infrastructure-focused drone mapping and inspection work.",Civil engineering; Environmental services; Geotechnical engineering; Geomatics; Surveying; Water resources,NOT CONFIRMED | NOT CONFIRMED | Email: collingwood@ainleygroup.com; Phone: 705-445-3451 | https://acecontario.ca/member-directory/,collingwood@ainleygroup.com,705-445-3451,NOT CONFIRMED,"Offer overflow aerial LiDAR, photogrammetry and field capture support for civil engineering, environmental services, geotechnical engineering assignments.",100,100,New,,2026-07-19
on-005-aplin-martin-consultants-ltd,Aplin Martin Consultants Ltd.,Civil Eng,Oakville,Ontario,Niagara; Greater Toronto Area; Durham,Civil engineering; Municipal infrastructure; Land development; Project management; Water resources,Municipalities; Developers; Private sector,https://www.aplinmartin.com/; https://acecontario.ca/member-directory/,"Civil engineering, planning and land-development consultancy serving municipal and private development projects.","Provides civil engineering, municipal infrastructure, land development, project management services for municipalities, developers, creating overlap with infrastructure-focused drone mapping and inspection work.",Civil engineering; Municipal infrastructure; Water resources,NOT CONFIRMED | NOT CONFIRMED | Email: cblahut@aplinmartin.com; Phone: 416-644-1900 | https://acecontario.ca/member-directory/,cblahut@aplinmartin.com,416-644-1900,NOT CONFIRMED,"Position corridor mapping, site modelling and inspection support around the firm’s civil engineering, municipal infrastructure, land development work.",60,100,New,,2026-07-19
on-006-arcadis-professional-services-canada-inc,Arcadis Professional Services (Canada) Inc.,Multi-discipline,Toronto,Ontario,Ontario; Canada,Engineering; Environmental consulting; Planning; Program management; Water; Transportation,Public sector; Private sector; Municipalities; Transportation agencies,https://www.arcadis.com/en-ca; https://acecontario.ca/member-directory/,"Design, engineering and consultancy firm working across natural and built assets.","Provides engineering, environmental consulting, planning, program management services for public sector, private sector, creating overlap with infrastructure-focused drone mapping and inspection work.",Environmental consulting; Water,NOT CONFIRMED | NOT CONFIRMED | Email: info@arcadis.com; Phone: 416-596-1930 | https://acecontario.ca/member-directory/,info@arcadis.com,416-596-1930,NOT CONFIRMED,"Position corridor mapping, site modelling and inspection support around the firm’s engineering, environmental consulting, planning work.",35,100,New,,2026-07-19
on-007-archibald-grey-mckay-engineering-ltd,"Archibald, Grey & McKay Engineering Ltd.",Civil Eng,London,Ontario,Southwestern Ontario,Civil engineering; Municipal engineering; Land development; Water resources,Municipalities; Developers; Private sector,https://agm.on.ca/; https://acecontario.ca/member-directory/,Ontario civil engineering consultancy supporting municipal infrastructure and land-development work.,"Provides civil engineering, municipal engineering, land development, water resources services for municipalities, developers, creating overlap with infrastructure-focused drone mapping and inspection work.",Civil engineering; Water resources,NOT CONFIRMED | NOT CONFIRMED | Email: hendrik@agm.on.ca; Phone: 519-685-5300 | https://acecontario.ca/member-directory/,hendrik@agm.on.ca,519-685-5300,NOT CONFIRMED,"Position corridor mapping, site modelling and inspection support around the firm’s civil engineering, municipal engineering, land development work.",60,100,New,,2026-07-19
on-008-arup-canada-inc,Arup Canada Inc.,Multi-discipline,Toronto,Ontario,Ontario; Canada,Engineering; Planning; Design; Transportation infrastructure; Built environment,Public sector; Private sector; Transportation agencies; Institutional clients,https://www.arup.com/; https://acecontario.ca/member-directory/,Multidisciplinary design and engineering consultancy active in transportation and the built environment.,"Provides engineering, planning, design, transportation infrastructure services for public sector, private sector, creating overlap with infrastructure-focused drone mapping and inspection work.",Transportation infrastructure,NOT CONFIRMED | NOT CONFIRMED | Phone: 416-515-0915 | https://acecontario.ca/member-directory/,NOT CONFIRMED,416-515-0915,NOT CONFIRMED,"Introduce subcontract aerial data capture and inspection support for the firm’s engineering, planning, design projects.",15,90,New,,2026-07-19
on-009-aspire-consulting-group-ltd,Aspire Consulting Group Ltd.,CM,St. Davids,Ontario,Ontario,Asset management; Infrastructure planning; Project delivery; Operations and maintenance advisory,Municipalities; Infrastructure owners; Public sector,https://aspireconsulting.ca/; https://acecontario.ca/member-directory/,"Infrastructure advisory firm supporting planning, delivery, operations and lifecycle asset management.","Provides asset management, infrastructure planning, project delivery, operations and maintenance advisory services for municipalities, infrastructure owners, creating overlap with infrastructure-focused drone mapping and inspection work.",Infrastructure planning,NOT CONFIRMED | NOT CONFIRMED | Email: info@aspireconsulting.ca; Phone: 905-932-4844 | https://acecontario.ca/member-directory/,info@aspireconsulting.ca,905-932-4844,NOT CONFIRMED,"Introduce subcontract aerial data capture and inspection support for the firm’s asset management, infrastructure planning, project delivery projects.",30,100,New,,2026-07-19
on-010-associated-engineering-ont-ltd,Associated Engineering (Ont.) Ltd.,Multi-discipline,Toronto,Ontario,Ontario; Canada,Civil engineering; Environmental services; Electrical engineering; Mechanical engineering; Water resources; Project management,Municipalities; Public sector; Transportation agencies; Private sector,https://www.ae.ca/; https://acecontario.ca/member-directory/,"Canadian consulting firm providing engineering, environmental, planning and asset-management services.","Provides civil engineering, environmental services, electrical engineering, mechanical engineering services for municipalities, public sector, creating overlap with infrastructure-focused drone mapping and inspection work.",Civil engineering; Environmental services; Water resources,NOT CONFIRMED | NOT CONFIRMED | Email: jonesm@ae.ca; Phone: 416-622-9502 | https://acecontario.ca/member-directory/,jonesm@ae.ca,416-622-9502,NOT CONFIRMED,"Position corridor mapping, site modelling and inspection support around the firm’s civil engineering, environmental services, electrical engineering work.",80,100,New,,2026-07-19
on-011-atkinsr-alis-canada-inc,AtkinsRéalis Canada Inc.,Multi-discipline,Etobicoke,Ontario,Ontario; Canada,Engineering; Project management; Infrastructure design; Environmental services; Transportation,Public sector; Private sector; Transportation agencies; Infrastructure owners,https://www.atkinsrealis.com/; https://acecontario.ca/member-directory/,"Engineering and project-management firm serving infrastructure, energy and built-environment markets.","Provides engineering, project management, infrastructure design, environmental services services for public sector, private sector, creating overlap with infrastructure-focused drone mapping and inspection work.",Infrastructure design; Environmental services,NOT CONFIRMED | NOT CONFIRMED | Phone: 416-252-5311 | https://acecontario.ca/member-directory/,NOT CONFIRMED,416-252-5311,NOT CONFIRMED,"Offer terrain, surface-change and site-documentation data for engineering, project management, infrastructure design projects.",35,90,New,,2026-07-19
on-012-b-m-ross-and-associates-ltd,B.M. Ross and Associates Ltd.,Multi-discipline,Goderich,Ontario,Southwestern Ontario,Civil engineering; Environmental engineering; Planning; Surveying; Water resources; Project management,Municipalities; Developers; Transportation agencies; Institutional clients,https://www.bmross.net/; https://acecontario.ca/member-directory/,"Ontario consulting firm providing civil, environmental, planning, surveying and water-resources services.","Provides civil engineering, environmental engineering, planning, surveying services for municipalities, developers, creating overlap with infrastructure-focused drone mapping and inspection work.",Civil engineering; Environmental engineering; Surveying; Water resources,NOT CONFIRMED | NOT CONFIRMED | Email: info@bmross.net; Phone: 519-524-2641 | https://acecontario.ca/member-directory/,info@bmross.net,519-524-2641,NOT CONFIRMED,"Offer overflow aerial LiDAR, photogrammetry and field capture support for civil engineering, environmental engineering, planning assignments.",100,100,New,,2026-07-19
on-013-ba-consulting-group-ltd,BA Consulting Group Ltd.,Civil Eng,Toronto,Ontario,Greater Toronto Area; Ontario,Transportation planning; Transportation engineering; Traffic engineering; Mobility consulting,Municipalities; Transportation agencies; Developers; Private sector,https://www.bagroup.com/; https://acecontario.ca/member-directory/,Transportation planning and engineering consultancy supporting mobility and development projects.,"Provides transportation planning, transportation engineering, traffic engineering, mobility consulting services for municipalities, transportation agencies, creating overlap with infrastructure-focused drone mapping and inspection work.",NOT CONFIRMED,NOT CONFIRMED | NOT CONFIRMED | Email: correia@bagroup.com; Phone: 416-961-7110 | https://acecontario.ca/member-directory/,correia@bagroup.com,416-961-7110,NOT CONFIRMED,"Introduce subcontract aerial data capture and inspection support for the firm’s transportation planning, transportation engineering, traffic engineering projects.",40,100,New,,2026-07-19
on-014-bba-e-c-inc,BBA E&C Inc.,Multi-discipline,Etobicoke,Ontario,Ontario; Canada,Engineering; Project management; Environmental services; Field services; Energy infrastructure; Mining infrastructure,Industrial clients; Energy companies; Mining companies; Infrastructure owners,https://www.bba.ca/; https://acecontario.ca/member-directory/,"Engineering consultancy providing project, environmental and field services for energy, industrial and mining assets.","Provides engineering, project management, environmental services, field services services for industrial clients, energy companies, creating overlap with infrastructure-focused drone mapping and inspection work.",Environmental services; Energy infrastructure; Mining infrastructure,NOT CONFIRMED | NOT CONFIRMED | Email: lou.bruno@bba.ca; Phone: 416-585-2115 | https://acecontario.ca/member-directory/,lou.bruno@bba.ca,416-585-2115,NOT CONFIRMED,"Offer terrain, surface-change and site-documentation data for engineering, project management, environmental services projects.",35,100,New,,2026-07-19
on-015-buildwell-consulting-inc,BuildWell Consulting Inc.,CM,Oakville,Ontario,Ontario,Contract administration; Construction inspection; Project management,Municipalities; Infrastructure owners; Public sector,https://buildwellconsulting.ca/; https://acecontario.ca/member-directory/,Construction consulting firm focused on contract administration and field inspection.,"Provides contract administration, construction inspection, project management services for municipalities, infrastructure owners, creating overlap with infrastructure-focused drone mapping and inspection work.",Construction inspection,NOT CONFIRMED | NOT CONFIRMED | Email: info@buildwellconsulting.ca; Phone: 289-259-4684 | https://acecontario.ca/member-directory/,info@buildwellconsulting.ca,289-259-4684,NOT CONFIRMED,"Present repeatable aerial progress documentation and remote inspection as support for contract administration, construction inspection, project management.",30,100,New,,2026-07-19
on-016-cbcl-limited,CBCL Limited,Multi-discipline,Ottawa,Ontario,Ontario; Canada,Civil engineering; Environmental engineering; Mechanical engineering; Water resources; Project management,Municipalities; Public sector; Private sector; Infrastructure owners,https://www.cbcl.ca/; https://acecontario.ca/member-directory/,Employee-owned multidisciplinary engineering and environmental consulting firm.,"Provides civil engineering, environmental engineering, mechanical engineering, water resources services for municipalities, public sector, creating overlap with infrastructure-focused drone mapping and inspection work.",Civil engineering; Environmental engineering; Water resources,NOT CONFIRMED | NOT CONFIRMED | Email: emcrae@cbcl.ca; Phone: 613-798-1036 | https://acecontario.ca/member-directory/,emcrae@cbcl.ca,613-798-1036,NOT CONFIRMED,"Position corridor mapping, site modelling and inspection support around the firm’s civil engineering, environmental engineering, mechanical engineering work.",80,100,New,,2026-07-19
on-017-cha-canada-inc,CHA Canada Inc.,Multi-discipline,St. Catharines,Ontario,Ontario; Canada,Civil engineering; Electrical engineering; Mechanical engineering; Process engineering; Energy infrastructure,Energy companies; Industrial clients; Infrastructure owners,https://www.chasolutions.com/; https://acecontario.ca/member-directory/,"Engineering consultancy supporting power, energy and infrastructure projects across multiple disciplines.","Provides civil engineering, electrical engineering, mechanical engineering, process engineering services for energy companies, industrial clients, creating overlap with infrastructure-focused drone mapping and inspection work.",Civil engineering; Energy infrastructure,NOT CONFIRMED | NOT CONFIRMED | Email: dradakovic@chacompanies.com; Phone: 289-273-7321 | https://acecontario.ca/member-directory/,dradakovic@chacompanies.com,289-273-7321,NOT CONFIRMED,"Introduce subcontract aerial data capture and inspection support for the firm’s civil engineering, electrical engineering, mechanical engineering projects.",40,100,New,,2026-07-19
on-018-cima-cima-canada-inc,CIMA+ (CIMA Canada Inc.),Multi-discipline,Mississauga,Ontario,Ontario; Canada,Civil engineering; Environmental services; Geomatics; Planning; Surveying; Water resources; Project management,Municipalities; Transportation agencies; Energy companies; Mining companies; Public sector,https://www.cima.ca/en/; https://acecontario.ca/member-directory/,"Employee-owned multidisciplinary engineering firm active in infrastructure, transportation, environment and resources.","Provides civil engineering, environmental services, geomatics, planning services for municipalities, transportation agencies, creating overlap with infrastructure-focused drone mapping and inspection work.",Civil engineering; Environmental services; Geomatics; Surveying; Water resources,NOT CONFIRMED | NOT CONFIRMED | Phone: 905-695-1005 | https://acecontario.ca/member-directory/,NOT CONFIRMED,905-695-1005,NOT CONFIRMED,"Offer overflow aerial LiDAR, photogrammetry and field capture support for civil engineering, environmental services, geomatics assignments.",100,90,New,,2026-07-19
on-019-consor-engineers,CONSOR Engineers,Civil Eng,Etobicoke,Ontario,Ontario; Canada,Civil engineering; Transportation engineering; Electrical engineering; Infrastructure design,Transportation agencies; Municipalities; Public sector,https://www.consoreng.com/; https://acecontario.ca/member-directory/,Infrastructure engineering firm focused on transportation and civil projects.,"Provides civil engineering, transportation engineering, electrical engineering, infrastructure design services for transportation agencies, municipalities, creating overlap with infrastructure-focused drone mapping and inspection work.",Civil engineering; Infrastructure design,NOT CONFIRMED | NOT CONFIRMED | Email: nkaushik@aiainc.com; Phone: 647-797-9411 | https://acecontario.ca/member-directory/,nkaushik@aiainc.com,647-797-9411,NOT CONFIRMED,"Introduce subcontract aerial data capture and inspection support for the firm’s civil engineering, transportation engineering, electrical engineering projects.",40,100,New,,2026-07-19
on-020-cambium-inc,Cambium Inc.,Environmental,Peterborough,Ontario,Ontario,Environmental consulting; Geotechnical engineering; Building science; Construction quality assurance; Surveying; Geomatics; Water resources,Municipalities; Developers; Infrastructure owners; Private sector,https://cambium-inc.com/; https://acecontario.ca/member-directory/,"Ontario environmental and geotechnical consultancy with geomatics, building-science and construction-QA services.","Provides environmental consulting, geotechnical engineering, building science, construction quality assurance services for municipalities, developers, creating overlap with infrastructure-focused drone mapping and inspection work.",Environmental consulting; Geotechnical engineering; Construction quality assurance; Surveying; Geomatics; Water resources,NOT CONFIRMED | NOT CONFIRMED | Email: info@cambium-inc.com; Phone: 705-742-7900 | https://acecontario.ca/member-directory/,info@cambium-inc.com,705-742-7900,NOT CONFIRMED,"Offer overflow aerial LiDAR, photogrammetry and field capture support for environmental consulting, geotechnical engineering, building science assignments.",100,100,New,,2026-07-19
on-021-aquafor-beech-limited,Aquafor Beech Limited,Environmental,Toronto,Ontario,Ontario,Water resources engineering; Stormwater management; Municipal infrastructure design; Environmental assessment; Environmental restoration; Ecology,Municipalities; Public sector; Private sector,https://www.aquaforbeech.com/; https://acecontario.ca/member-directory/,"Canadian engineering and environmental consultancy focused on water resources, stormwater, watershed planning, ecology and municipal infrastructure.","Provides water resources engineering, stormwater management, municipal infrastructure design, environmental assessment services for municipalities, public sector, creating overlap with infrastructure-focused drone mapping and inspection work.",Water resources engineering; Stormwater management; Municipal infrastructure design; Environmental assessment; Environmental restoration,,NOT CONFIRMED,NOT CONFIRMED,https://www.aquaforbeech.com/contact-us,"Position corridor mapping, site modelling and inspection support around the firm’s water resources engineering, stormwater management, municipal infrastructure design work.",80,80,New,,2026-07-19
on-022-civil-arsa-engineering-inc,Civil ArSa Engineering Inc.,Civil Eng,Queensville,Ontario,Greater Toronto Area; Ontario,Civil engineering; Municipal infrastructure; Land development,Municipalities; Developers; Private sector,https://civilarsa.ca/; https://acecontario.ca/member-directory/,Civil engineering consultancy supporting municipal infrastructure and development projects.,"Provides civil engineering, municipal infrastructure, land development services for municipalities, developers, creating overlap with infrastructure-focused drone mapping and inspection work.",Civil engineering; Municipal infrastructure,NOT CONFIRMED | NOT CONFIRMED | Email: info@civilarsa.ca; Phone: 905-604-4830 | https://acecontario.ca/member-directory/,info@civilarsa.ca,905-604-4830,NOT CONFIRMED,"Introduce subcontract aerial data capture and inspection support for the firm’s civil engineering, municipal infrastructure, land development projects.",40,100,New,,2026-07-19
on-023-comcor-environmental-ltd,Comcor Environmental Ltd.,Environmental,Cambridge,Ontario,Ontario; Canada,Environmental engineering; Landfill gas management; Waste management; Environmental monitoring,Municipalities; Waste-management operators; Infrastructure owners,https://www.comcor.com/; https://acecontario.ca/member-directory/,"Environmental engineering firm specializing in landfill gas, waste and environmental systems.","Provides environmental engineering, landfill gas management, waste management, environmental monitoring services for municipalities, waste-management operators, creating overlap with infrastructure-focused drone mapping and inspection work.",Environmental engineering; Environmental monitoring,NOT CONFIRMED | NOT CONFIRMED | Email: lorraine.monico@cel.ca; Phone: 519-621-6669 | https://acecontario.ca/member-directory/,lorraine.monico@cel.ca,519-621-6669,NOT CONFIRMED,"Offer terrain, surface-change and site-documentation data for environmental engineering, landfill gas management, waste management projects.",35,100,New,,2026-07-19
on-024-consultec-ltd,Consultec Ltd.,Multi-discipline,Toronto,Ontario,Ontario; Canada,Industrial engineering; Process engineering; Structural engineering; Project management; Construction support,Industrial clients; Manufacturers; Infrastructure owners,https://consultec.ca/; https://acecontario.ca/member-directory/,Employee-owned design engineering consultancy focused on heavy-process industrial projects.,"Provides industrial engineering, process engineering, structural engineering, project management services for industrial clients, manufacturers, creating overlap with infrastructure-focused drone mapping and inspection work.",Construction support,NOT CONFIRMED | NOT CONFIRMED | Email: aochrym@consultec.ca; Phone: 416-236-2426 | https://acecontario.ca/member-directory/,aochrym@consultec.ca,416-236-2426,NOT CONFIRMED,"Lead with high-resolution visual, thermal and LiDAR inspection support for industrial engineering, process engineering, structural engineering work.",15,100,New,,2026-07-19
on-025-cyril-j-demeyere-ltd,Cyril J. Demeyere Ltd.,Civil Eng,Tillsonburg,Ontario,Southwestern Ontario,Civil engineering; Municipal engineering; Water infrastructure; Wastewater infrastructure; Land development,Municipalities; Developers; Private sector,https://www.cjdleng.com/; https://acecontario.ca/member-directory/,Civil engineering firm serving municipal infrastructure and private development clients.,"Provides civil engineering, municipal engineering, water infrastructure, wastewater infrastructure services for municipalities, developers, creating overlap with infrastructure-focused drone mapping and inspection work.",Civil engineering; Water infrastructure; Wastewater infrastructure,NOT CONFIRMED | NOT CONFIRMED | Email: admin@cjdleng.com; Phone: 519-688-1000 | https://acecontario.ca/member-directory/,admin@cjdleng.com,519-688-1000,NOT CONFIRMED,"Position corridor mapping, site modelling and inspection support around the firm’s civil engineering, municipal engineering, water infrastructure work.",60,100,New,,2026-07-19
on-026-d-m-wills-associates-ltd,D.M. Wills Associates Ltd.,Multi-discipline,Peterborough,Ontario,Ontario,Civil engineering; Environmental services; Planning; Surveying; Water resources; Project management,Municipalities; Transportation agencies; Developers; Public sector,https://www.dmwills.com/; https://acecontario.ca/member-directory/,"Engineering, environmental and planning consultancy supporting municipal and transportation infrastructure.","Provides civil engineering, environmental services, planning, surveying services for municipalities, transportation agencies, creating overlap with infrastructure-focused drone mapping and inspection work.",Civil engineering; Environmental services; Surveying; Water resources,NOT CONFIRMED | NOT CONFIRMED | Email: wills@dmwills.com; Phone: 705-742-2297 | https://acecontario.ca/member-directory/,wills@dmwills.com,705-742-2297,NOT CONFIRMED,"Offer overflow aerial LiDAR, photogrammetry and field capture support for civil engineering, environmental services, planning assignments.",100,100,New,,2026-07-19
on-027-walterfedy,WalterFedy,Multi-discipline,Kitchener,Ontario,Ontario; Canada,Civil engineering; Structural engineering; Mechanical engineering; Electrical engineering; Planning; Surveying; Asset management,Municipalities; Building owners; Developers; Public sector; Private sector,https://www.walterfedy.com/; https://acecontario.ca/member-directory/,"Integrated Canadian design firm providing architecture, civil and building engineering, surveying, asset management and project delivery.","Provides civil engineering, structural engineering, mechanical engineering, electrical engineering services for municipalities, building owners, creating overlap with infrastructure-focused drone mapping and inspection work.",Civil engineering; Surveying,NOT CONFIRMED | NOT CONFIRMED | Email: engineeringrenewals@walterfedy.com; Phone: 519-576-2150 | https://acecontario.ca/member-directory/,engineeringrenewals@walterfedy.com,519-576-2150,https://www.walterfedy.com/contact/,"Offer overflow aerial LiDAR, photogrammetry and field capture support for civil engineering, structural engineering, mechanical engineering assignments.",85,100,New,,2026-07-19
on-028-david-schaeffer-engineering-ltd,David Schaeffer Engineering Ltd.,Civil Eng,Markham,Ontario,Greater Toronto Area; Ontario,Civil engineering; Land development; Municipal servicing; Stormwater management,Developers; Municipalities; Private sector,https://www.dsel.ca/; https://acecontario.ca/member-directory/,Civil engineering firm specializing in land development and municipal servicing.,"Provides civil engineering, land development, municipal servicing, stormwater management services for developers, municipalities, creating overlap with infrastructure-focused drone mapping and inspection work.",Civil engineering; Stormwater management,NOT CONFIRMED | NOT CONFIRMED | Email: tsmith@dsel.ca; Phone: 437-880-3403 | https://acecontario.ca/member-directory/,tsmith@dsel.ca,437-880-3403,NOT CONFIRMED,"Position corridor mapping, site modelling and inspection support around the firm’s civil engineering, land development, municipal servicing work.",60,100,New,,2026-07-19
on-029-davroc-associates-ltd,Davroc & Associates Ltd.,Multi-discipline,Brampton,Ontario,Ontario,Building science; Construction consulting; Building rehabilitation; Condition assessment,Building owners; Property managers; Institutional clients; Developers,https://www.davroc.com/; https://acecontario.ca/member-directory/,Building-science and construction consultancy providing assessment and rehabilitation services.,"Provides building science, construction consulting, building rehabilitation, condition assessment services for building owners, property managers, creating overlap with infrastructure-focused drone mapping and inspection work.",Construction consulting; Condition assessment,NOT CONFIRMED | NOT CONFIRMED | Email: ldixon@davroc.com; Phone: 905-792-7792 | https://acecontario.ca/member-directory/,ldixon@davroc.com,905-792-7792,NOT CONFIRMED,"Present repeatable aerial progress documentation and remote inspection as support for building science, construction consulting, building rehabilitation.",20,100,New,,2026-07-19
on-030-development-engineering-london-ltd,Development Engineering (London) Ltd.,Civil Eng,London,Ontario,Southwestern Ontario,Civil engineering; Surveying; Project management; Water resources; Municipal servicing,Municipalities; Developers; Transportation agencies,https://deveng.net/; https://acecontario.ca/member-directory/,Civil engineering and surveying firm supporting municipal and development projects.,"Provides civil engineering, surveying, project management, water resources services for municipalities, developers, creating overlap with infrastructure-focused drone mapping and inspection work.",Civil engineering; Surveying; Water resources,NOT CONFIRMED | NOT CONFIRMED | Email: rhern@deveng.net; Phone: 519-672-8310 | https://acecontario.ca/member-directory/,rhern@deveng.net,519-672-8310,NOT CONFIRMED,"Offer overflow aerial LiDAR, photogrammetry and field capture support for civil engineering, surveying, project management assignments.",90,100,New,,2026-07-19
on-031-dillon-consulting-limited,Dillon Consulting Limited,Multi-discipline,Toronto,Ontario,Ontario; Canada,Engineering; Environmental consulting; Planning; Project management; Infrastructure design,Municipalities; Public sector; Private sector; Infrastructure owners,https://www.dillon.ca/; https://acecontario.ca/member-directory/,"Employee-owned consulting firm providing engineering, planning, management and environmental services.","Provides engineering, environmental consulting, planning, project management services for municipalities, public sector, creating overlap with infrastructure-focused drone mapping and inspection work.",Environmental consulting; Infrastructure design,NOT CONFIRMED | NOT CONFIRMED | Email: info@dillon.ca; Phone: 416-229-4646 | https://acecontario.ca/member-directory/,info@dillon.ca,416-229-4646,NOT CONFIRMED,"Offer terrain, surface-change and site-documentation data for engineering, environmental consulting, planning projects.",35,100,New,,2026-07-19
on-032-doug-dixon-associates-inc,Doug Dixon & Associates Inc.,Civil Eng,Brampton,Ontario,Ontario,Bridge engineering; Civil engineering; Project management; Structure assessment,Municipalities; Transportation agencies; Infrastructure owners,https://dougdixonassociates.com/; https://acecontario.ca/member-directory/,Bridge and civil engineering consultancy supporting transportation structures and infrastructure owners.,"Provides bridge engineering, civil engineering, project management, structure assessment services for municipalities, transportation agencies, creating overlap with infrastructure-focused drone mapping and inspection work.",Bridge engineering; Civil engineering; Structure assessment,NOT CONFIRMED | NOT CONFIRMED | Email: ddixon@dougdixonassociates.com; Phone: 647-405-0634 | https://acecontario.ca/member-directory/,ddixon@dougdixonassociates.com,647-405-0634,NOT CONFIRMED,"Lead with high-resolution visual, thermal and LiDAR inspection support for bridge engineering, civil engineering, project management work.",55,100,New,,2026-07-19
on-033-exp-services-inc,EXP Services Inc.,Multi-discipline,Brampton,Ontario,Ontario; Canada,Civil engineering; Environmental services; Geotechnical engineering; Surveying; Water resources; Geomatics; Transportation,Municipalities; Transportation agencies; Developers; Public sector; Private sector,https://www.exp.com/; https://acecontario.ca/member-directory/,"Multidisciplinary engineering and consulting firm with civil, environmental, geomatics and water capabilities.","Provides civil engineering, environmental services, geotechnical engineering, surveying services for municipalities, transportation agencies, creating overlap with infrastructure-focused drone mapping and inspection work.",Civil engineering; Environmental services; Geotechnical engineering; Surveying; Water resources; Geomatics,NOT CONFIRMED | NOT CONFIRMED | Email: one@exp.com; Phone: 905-793-9800 | https://acecontario.ca/member-directory/,one@exp.com,905-793-9800,NOT CONFIRMED,"Offer overflow aerial LiDAR, photogrammetry and field capture support for civil engineering, environmental services, geotechnical engineering assignments.",100,100,New,,2026-07-19
on-034-egis-canada-ltd-formerly-mcintosh-perry,Egis Canada Ltd. (formerly McIntosh Perry),Multi-discipline,Woodbridge,Ontario,Ontario; Canada,Civil engineering; Environmental services; Surveying; Planning; Water resources; Infrastructure design,Municipalities; Transportation agencies; Public sector; Private sector,https://www.egis-group.com/; https://acecontario.ca/member-directory/,"Multidisciplinary infrastructure consultancy providing engineering, environmental, planning and surveying services.","Provides civil engineering, environmental services, surveying, planning services for municipalities, transportation agencies, creating overlap with infrastructure-focused drone mapping and inspection work.",Civil engineering; Environmental services; Surveying; Water resources; Infrastructure design,NOT CONFIRMED | NOT CONFIRMED | Email: info.north-america@egis-group.com; Phone: 905-856-5200 | https://acecontario.ca/member-directory/,info.north-america@egis-group.com,905-856-5200,NOT CONFIRMED,"Offer overflow aerial LiDAR, photogrammetry and field capture support for civil engineering, environmental services, surveying assignments.",100,100,New,,2026-07-19
on-035-elements-engineering-inc,Elements Engineering Inc.,Civil Eng,Aurora,Ontario,Ontario,Transportation engineering; Road-safety engineering; Civil engineering,Municipalities; Transportation agencies; Public sector,https://www.saferoadseng.com/; https://acecontario.ca/member-directory/,Transportation and road-safety engineering consultancy.,"Provides transportation engineering, road-safety engineering, civil engineering services for municipalities, transportation agencies, creating overlap with infrastructure-focused drone mapping and inspection work.",Civil engineering,NOT CONFIRMED | NOT CONFIRMED | Email: ar@saferoadseng.com; Phone: 905-727-4198 | https://acecontario.ca/member-directory/,ar@saferoadseng.com,905-727-4198,NOT CONFIRMED,"Introduce subcontract aerial data capture and inspection support for the firm’s transportation engineering, road-safety engineering, civil engineering projects.",40,100,New,,2026-07-19
on-036-envision-consultants-ltd,EnVision Consultants Ltd.,Environmental,Mississauga,Ontario,Ontario,Environmental consulting; Geotechnical engineering; Ecology; Infrastructure consulting,Municipalities; Developers; Infrastructure owners; Public sector,https://www.envisionconsultants.ca/; https://acecontario.ca/member-directory/,Environmental and geotechnical consultancy supporting ecology and infrastructure projects.,"Provides environmental consulting, geotechnical engineering, ecology, infrastructure consulting services for municipalities, developers, creating overlap with infrastructure-focused drone mapping and inspection work.",Environmental consulting; Geotechnical engineering; Infrastructure consulting,NOT CONFIRMED | NOT CONFIRMED | Phone: 905-677-0202 | https://acecontario.ca/member-directory/,NOT CONFIRMED,905-677-0202,NOT CONFIRMED,"Offer terrain, surface-change and site-documentation data for environmental consulting, geotechnical engineering, ecology projects.",35,90,New,,2026-07-19
on-037-englobe-corp,Englobe Corp.,Multi-discipline,Etobicoke,Ontario,Ontario; Canada,Civil engineering; Environmental services; Building science; Geomatics; Surveying; Materials engineering,Municipalities; Developers; Infrastructure owners; Industrial clients,https://englobecorp.com/; https://acecontario.ca/member-directory/,"Engineering and environmental consultancy with civil, geomatics, surveying and materials capabilities.","Provides civil engineering, environmental services, building science, geomatics services for municipalities, developers, creating overlap with infrastructure-focused drone mapping and inspection work.",Civil engineering; Environmental services; Geomatics; Surveying,NOT CONFIRMED | NOT CONFIRMED | Email: cara.ferreira@englobecorp.com; Phone: 877-300-4800 | https://acecontario.ca/member-directory/,cara.ferreira@englobecorp.com,877-300-4800,NOT CONFIRMED,"Offer overflow aerial LiDAR, photogrammetry and field capture support for civil engineering, environmental services, building science assignments.",100,100,New,,2026-07-19
on-038-entuitive-corporation,Entuitive Corporation,Multi-discipline,Toronto,Ontario,Ontario; Canada,Structural engineering; Building science; Civil engineering; Construction engineering; Condition assessment,Building owners; Developers; Institutional clients; Infrastructure owners,https://entuitive.com/; https://acecontario.ca/member-directory/,"Engineering consultancy providing structural, building-science and construction services.","Provides structural engineering, building science, civil engineering, construction engineering services for building owners, developers, creating overlap with infrastructure-focused drone mapping and inspection work.",Civil engineering; Construction engineering; Condition assessment,NOT CONFIRMED | NOT CONFIRMED | Email: communications@entuitive.com; Phone: 416-477-5832 | https://acecontario.ca/member-directory/,communications@entuitive.com,416-477-5832,NOT CONFIRMED,"Present repeatable aerial progress documentation and remote inspection as support for structural engineering, building science, civil engineering.",55,100,New,,2026-07-19
on-039-environmental-infrastructure-solutions-inc,Environmental Infrastructure Solutions Inc.,Water-WW,Markham,Ontario,Ontario,Water engineering; Wastewater engineering; Municipal infrastructure; Project management,Municipalities; Utilities; Public sector,https://www.eisgroup.ca/; https://acecontario.ca/member-directory/,Engineering and project-management firm focused on municipal water and wastewater infrastructure.,"Provides water engineering, wastewater engineering, municipal infrastructure, project management services for municipalities, utilities, creating overlap with infrastructure-focused drone mapping and inspection work.",Water engineering; Wastewater engineering; Municipal infrastructure,NOT CONFIRMED | NOT CONFIRMED | Email: horia.ispas@eisgroup.ca; Phone: 905-205-0060 | https://acecontario.ca/member-directory/,horia.ispas@eisgroup.ca,905-205-0060,NOT CONFIRMED,"Position corridor mapping, site modelling and inspection support around the firm’s water engineering, wastewater engineering, municipal infrastructure work.",60,100,New,,2026-07-19
on-040-eramosa-engineering-inc,Eramosa Engineering Inc.,Water-WW,Guelph,Ontario,Ontario; Canada,Electrical engineering; Instrumentation and controls; SCADA; IT/OT systems; Water infrastructure; Renewable energy,Municipalities; Utilities; Water and wastewater operators; Energy companies,https://eramosa.com/; https://acecontario.ca/member-directory/,"Engineering firm specializing in electrical, control, SCADA and digital systems for water and energy infrastructure.","Provides electrical engineering, instrumentation and controls, scada, it/ot systems services for municipalities, utilities, creating overlap with infrastructure-focused drone mapping and inspection work.",Water infrastructure,NOT CONFIRMED | NOT CONFIRMED | Email: david.chamberlain@cima.ca; Phone: 519-763-7774 | https://acecontario.ca/member-directory/,david.chamberlain@cima.ca,519-763-7774,NOT CONFIRMED,"Position corridor mapping, site modelling and inspection support around the firm’s electrical engineering, instrumentation and controls, scada work.",35,100,New,Eramosa is part of CIMA+ but retained as a separate operating brand/contact because the directory lists it separately.,2026-07-19
on-041-gei-consultants-canada-ltd,GEI Consultants Canada Ltd.,Multi-discipline,Guelph,Ontario,Ontario; Canada,Civil engineering; Environmental services; Geotechnical engineering; Planning; Surveying; Water resources,Municipalities; Developers; Infrastructure owners; Public sector,https://www.geiconsultants.com/; https://acecontario.ca/member-directory/,"Engineering and environmental consultancy with civil, geotechnical, surveying and water-resources services.","Provides civil engineering, environmental services, geotechnical engineering, planning services for municipalities, developers, creating overlap with infrastructure-focused drone mapping and inspection work.",Civil engineering; Environmental services; Geotechnical engineering; Surveying; Water resources,NOT CONFIRMED | NOT CONFIRMED | Email: sdougherty@geiconsultants.com; Phone: 800-810-3281 | https://acecontario.ca/member-directory/,sdougherty@geiconsultants.com,800-810-3281,NOT CONFIRMED,"Offer overflow aerial LiDAR, photogrammetry and field capture support for civil engineering, environmental services, geotechnical engineering assignments.",100,100,New,,2026-07-19
on-042-gemtec-consulting-engineers-and-scientists,GEMTEC Consulting Engineers and Scientists Ltd.,Environmental,Barrie,Ontario,Ontario; Canada,Geotechnical engineering; Environmental consulting; Materials testing; Civil engineering,Municipalities; Developers; Infrastructure owners; Private sector,https://www.gemtec.ca/; https://acecontario.ca/member-directory/,"Consulting engineering and science firm focused on geotechnical, environmental, civil and materials work.","Provides geotechnical engineering, environmental consulting, materials testing, civil engineering services for municipalities, developers, creating overlap with infrastructure-focused drone mapping and inspection work.",Geotechnical engineering; Environmental consulting; Civil engineering,NOT CONFIRMED | NOT CONFIRMED | Phone: 613-836-1422 | https://acecontario.ca/member-directory/,NOT CONFIRMED,613-836-1422,NOT CONFIRMED,"Offer terrain, surface-change and site-documentation data for geotechnical engineering, environmental consulting, materials testing projects.",60,90,New,,2026-07-19
on-043-ghd-limited,GHD Limited,Multi-discipline,Waterloo,Ontario,Ontario; Canada,Civil engineering; Environmental services; Geotechnical engineering; Planning; Surveying; Water resources,Municipalities; Public sector; Private sector; Infrastructure owners,https://www.ghd.com/en-ca; https://acecontario.ca/member-directory/,"Global professional-services firm providing engineering, environmental, planning and water solutions.","Provides civil engineering, environmental services, geotechnical engineering, planning services for municipalities, public sector, creating overlap with infrastructure-focused drone mapping and inspection work.",Civil engineering; Environmental services; Geotechnical engineering; Surveying; Water resources,NOT CONFIRMED | NOT CONFIRMED | Phone: 519-884-0510 | https://acecontario.ca/member-directory/,NOT CONFIRMED,519-884-0510,NOT CONFIRMED,"Offer overflow aerial LiDAR, photogrammetry and field capture support for civil engineering, environmental services, geotechnical engineering assignments.",100,90,New,,2026-07-19
on-044-grit-engineering-inc,GRIT Engineering Inc.,Multi-discipline,Stratford,Ontario,Southwestern Ontario,Civil engineering; Environmental services; Geotechnical engineering; Project management; Surveying,Municipalities; Developers; Private sector,https://gritengineering.ca/; https://acecontario.ca/member-directory/,"Ontario engineering consultancy providing civil, environmental, geotechnical, management and surveying services.","Provides civil engineering, environmental services, geotechnical engineering, project management services for municipalities, developers, creating overlap with infrastructure-focused drone mapping and inspection work.",Civil engineering; Environmental services; Geotechnical engineering; Surveying,NOT CONFIRMED | NOT CONFIRMED | Email: admin@gritengineering.ca; Phone: 519-305-5727 | https://acecontario.ca/member-directory/,admin@gritengineering.ca,519-305-5727,NOT CONFIRMED,"Offer overflow aerial LiDAR, photogrammetry and field capture support for civil engineering, environmental services, geotechnical engineering assignments.",90,100,New,,2026-07-19
on-045-gft-gannett-fleming-canada-ulc,GFT (Gannett Fleming Canada ULC),Multi-discipline,Toronto,Ontario,Ontario; Canada,Transportation engineering; Water infrastructure; Power infrastructure; Building engineering; Construction services,Transportation agencies; Municipalities; Utilities; Public sector; Private sector,https://www.gftinc.com/canada/; https://acecontario.ca/member-directory/; https://www.gftinc.com/news/gannett-fleming-transystems-changes-name-to-gft-and-appoints-mike-orth-as-chief-executive-officer/,"AEC firm delivering transportation, water, power and building infrastructure solutions.","Provides transportation engineering, water infrastructure, power infrastructure, building engineering services for transportation agencies, municipalities, creating overlap with infrastructure-focused drone mapping and inspection work.",Water infrastructure; Power infrastructure; Construction services,NOT CONFIRMED | NOT CONFIRMED | Email: emoroz@fgfnet.com; Phone: 416-512-6499 | https://acecontario.ca/member-directory/,emoroz@fgfnet.com,416-512-6499,NOT CONFIRMED,"Position corridor mapping, site modelling and inspection support around the firm’s transportation engineering, water infrastructure, power infrastructure work.",60,100,New,Gannett Fleming TranSystems rebranded to GFT in April 2025.,2026-07-19
on-046-geoterre-limited,GeoTerre Limited,Environmental,Brampton,Ontario,Ontario,Geotechnical engineering; Environmental consulting; Construction materials testing,Municipalities; Developers; Infrastructure owners,https://geoterre.ca/; https://acecontario.ca/member-directory/,Geotechnical and environmental consultancy supporting development and infrastructure projects.,"Provides geotechnical engineering, environmental consulting, construction materials testing services for municipalities, developers, creating overlap with infrastructure-focused drone mapping and inspection work.",Geotechnical engineering; Environmental consulting; Construction materials testing,NOT CONFIRMED | NOT CONFIRMED | Email: icorbett@geoterre.ca; Phone: 905-455-5666 | https://acecontario.ca/member-directory/,icorbett@geoterre.ca,905-455-5666,NOT CONFIRMED,"Offer terrain, surface-change and site-documentation data for geotechnical engineering, environmental consulting, construction materials testing projects.",35,100,New,,2026-07-19
on-047-homes-water-inc,HOMES Water Inc.,Water-WW,Oakville,Ontario,Ontario,Water engineering; Water infrastructure consulting,Municipalities; Utilities; Infrastructure owners,https://www.homes-water.com/; https://acecontario.ca/member-directory/,Ontario water-infrastructure consulting firm.,"Provides water engineering, water infrastructure consulting services for municipalities, utilities, creating overlap with infrastructure-focused drone mapping and inspection work.",Water engineering; Water infrastructure consulting,NOT CONFIRMED | NOT CONFIRMED | Email: info@homes-water.com; Phone: 647-949-2837 | https://acecontario.ca/member-directory/,info@homes-water.com,647-949-2837,NOT CONFIRMED,"Position corridor mapping, site modelling and inspection support around the firm’s water engineering, water infrastructure consulting work.",35,100,New,,2026-07-19
on-048-haddad-morgan-associates-ltd,"Haddad, Morgan & Associates Ltd.",Civil Eng,Windsor,Ontario,Southwestern Ontario,Civil engineering; Structural engineering; Municipal infrastructure,Government; Public sector; Institutional clients; Commercial clients; Industrial clients; Developers,https://www.haddadmorgan.com/; https://acecontario.ca/member-directory/,"Civil and structural engineering consultancy serving public, institutional, commercial, residential and industrial clients.","Provides civil engineering, structural engineering, municipal infrastructure services for government, public sector, creating overlap with infrastructure-focused drone mapping and inspection work.",Civil engineering; Municipal infrastructure,NOT CONFIRMED | NOT CONFIRMED | Email: hma@haddadmorgan.com; Phone: 519-973-1177 | https://acecontario.ca/member-directory/,hma@haddadmorgan.com,519-973-1177,NOT CONFIRMED,"Lead with high-resolution visual, thermal and LiDAR inspection support for civil engineering, structural engineering, municipal infrastructure work.",40,100,New,,2026-07-19
on-049-harbourside-engineering-consultants,Harbourside Engineering Consultants,Civil Eng,Stoney Creek,Ontario,Ontario; Canada,Heavy civil engineering; Bridge engineering; Marine engineering; Construction engineering; Structural engineering,Municipalities; Transportation agencies; Ports; Infrastructure owners; Contractors,https://www.harboursideengineering.ca/; https://acecontario.ca/member-directory/,"Engineering consultancy focused on heavy civil, bridges, marine structures and construction engineering.","Provides heavy civil engineering, bridge engineering, marine engineering, construction engineering services for municipalities, transportation agencies, creating overlap with infrastructure-focused drone mapping and inspection work.",Heavy civil engineering; Bridge engineering; Construction engineering,NOT CONFIRMED | NOT CONFIRMED | Email: nmaceachern@harboursideengineering.ca; Phone: 905-528-4040 | https://acecontario.ca/member-directory/,nmaceachern@harboursideengineering.ca,905-528-4040,NOT CONFIRMED,"Lead with high-resolution visual, thermal and LiDAR inspection support for heavy civil engineering, bridge engineering, marine engineering work.",55,100,New,,2026-07-19
on-050-hatch-ltd,Hatch Ltd.,Multi-discipline,Mississauga,Ontario,Ontario; Canada; Global,Civil engineering; Environmental services; Planning; Surveying; Water resources; Project management,Infrastructure owners; Energy companies; Mining companies; Industrial clients; Public sector,https://www.hatch.com/; https://acecontario.ca/member-directory/,"Global engineering and project-delivery firm serving infrastructure, energy, mining and industrial markets.","Provides civil engineering, environmental services, planning, surveying services for infrastructure owners, energy companies, creating overlap with infrastructure-focused drone mapping and inspection work.",Civil engineering; Environmental services; Surveying; Water resources,NOT CONFIRMED | NOT CONFIRMED | Email: webmaster@hatch.com; Phone: 905-855-7600 | https://acecontario.ca/member-directory/,webmaster@hatch.com,905-855-7600,NOT CONFIRMED,"Offer overflow aerial LiDAR, photogrammetry and field capture support for civil engineering, environmental services, planning assignments.",100,100,New,,2026-07-19
on-051-highway-construction-inspection-ontario-in,Highway Construction Inspection Ontario Inc.,CM,Barrie,Ontario,Ontario,Contract administration; Construction inspection; Transportation infrastructure,Ontario Ministry of Transportation; Municipalities; Regional governments; Transportation agencies,https://hcio.com/; https://acecontario.ca/member-directory/,Ontario firm providing contract administration and inspection for transportation infrastructure.,"Provides contract administration, construction inspection, transportation infrastructure services for ontario ministry of transportation, municipalities, creating overlap with infrastructure-focused drone mapping and inspection work.",Construction inspection; Transportation infrastructure,NOT CONFIRMED | NOT CONFIRMED | Email: matt.gleben@hcio.com; Phone: 705-734-2973 | https://acecontario.ca/member-directory/,matt.gleben@hcio.com,705-734-2973,NOT CONFIRMED,"Present repeatable aerial progress documentation and remote inspection as support for contract administration, construction inspection, transportation infrastructure.",30,100,New,,2026-07-19
on-052-in-engineering-surveying,IN Engineering + Surveying,Geomatics,Brockville,Ontario,Eastern Ontario,Surveying; Geomatics; Civil engineering; Municipal engineering; Planning; Water resources; Project management,Municipalities; Developers; Public sector; Private sector,https://www.insurveying.ca/; https://acecontario.ca/member-directory/,"Integrated engineering and surveying firm with civil, municipal, geomatics, planning and water-resources services.","Provides surveying, geomatics, civil engineering, municipal engineering services for municipalities, developers, creating overlap with infrastructure-focused drone mapping and inspection work.",Surveying; Geomatics; Civil engineering; Water resources,NOT CONFIRMED | NOT CONFIRMED | Email: frontdesk@ineng.ca; Phone: 613-342-2611 | https://acecontario.ca/member-directory/,frontdesk@ineng.ca,613-342-2611,NOT CONFIRMED,"Offer overflow aerial LiDAR, photogrammetry and field capture support for surveying, geomatics, civil engineering assignments.",90,100,New,,2026-07-19
on-053-infrastructure-united-inc,Infrastructure United Inc.,CM,Vaughan,Ontario,Ontario,Infrastructure consulting; Project management; Construction management,Infrastructure owners; Public sector; Private sector,https://infrastructureunited.com/; https://acecontario.ca/member-directory/,Ontario infrastructure consulting and project-delivery firm.,"Provides infrastructure consulting, project management, construction management services for infrastructure owners, public sector, creating overlap with infrastructure-focused drone mapping and inspection work.",Infrastructure consulting; Construction management,NOT CONFIRMED | NOT CONFIRMED | Email: mk.elsayed@infrastructureunited.com; Phone: 647-859-4507 | https://acecontario.ca/member-directory/,mk.elsayed@infrastructureunited.com,647-859-4507,NOT CONFIRMED,"Present repeatable aerial progress documentation and remote inspection as support for infrastructure consulting, project management, construction management.",30,100,New,,2026-07-19
on-054-j-h-cohoon-engineering-ltd,J.H. Cohoon Engineering Ltd.,Water-WW,Brantford,Ontario,Southwestern Ontario,Road engineering; Sewer engineering; Watermain engineering; Site grading; Stormwater management; Drinking-water treatment,Municipalities; Developers; Utilities,https://www.cohooneng.com/; https://acecontario.ca/member-directory/,"Civil engineering firm delivering roads, sewers, watermains, stormwater and drinking-water projects.","Provides road engineering, sewer engineering, watermain engineering, site grading services for municipalities, developers, creating overlap with infrastructure-focused drone mapping and inspection work.",Watermain engineering; Stormwater management; Drinking-water treatment,NOT CONFIRMED | NOT CONFIRMED | Email: rphillips@cohooneng.com; Phone: 519-753-2656 | https://acecontario.ca/member-directory/,rphillips@cohooneng.com,519-753-2656,NOT CONFIRMED,"Position corridor mapping, site modelling and inspection support around the firm’s road engineering, sewer engineering, watermain engineering work.",60,100,New,,2026-07-19
on-055-j-l-richards-associates-limited,J.L. Richards & Associates Limited,Multi-discipline,Ottawa,Ontario,Ontario; Canada,Civil engineering; Environmental engineering; Planning; Architecture; Water infrastructure; Project management,Municipalities; Public sector; Private sector; Mining companies; Energy companies,https://www.jlrichards.ca/; https://acecontario.ca/member-directory/,"Employee-owned multidisciplinary firm providing engineering, architecture, planning and project management.","Provides civil engineering, environmental engineering, planning, architecture services for municipalities, public sector, creating overlap with infrastructure-focused drone mapping and inspection work.",Civil engineering; Environmental engineering; Water infrastructure,NOT CONFIRMED | NOT CONFIRMED | Email: corpaffairs@jlrichards.ca; Phone: 613-728-3571 | https://acecontario.ca/member-directory/,corpaffairs@jlrichards.ca,613-728-3571,https://www.jlrichards.ca/contact/,"Position corridor mapping, site modelling and inspection support around the firm’s civil engineering, environmental engineering, planning work.",80,100,New,,2026-07-19
on-056-jacobs,Jacobs,Multi-discipline,Toronto,Ontario,Ontario; Canada; Global,Civil engineering; Environmental services; Project management; Planning; Water resources; Transportation,Municipalities; Transportation agencies; Mining companies; Energy companies; Public sector,https://www.jacobs.com/; https://acecontario.ca/member-directory/,"Global consulting and engineering firm supporting municipal, transportation, water, mining and energy infrastructure.","Provides civil engineering, environmental services, project management, planning services for municipalities, transportation agencies, creating overlap with infrastructure-focused drone mapping and inspection work.",Civil engineering; Environmental services; Water resources,NOT CONFIRMED | NOT CONFIRMED | Email: shannon.bryant@jacobs.com; Phone: 416-499-9000 | https://acecontario.ca/member-directory/,shannon.bryant@jacobs.com,416-499-9000,NOT CONFIRMED,"Position corridor mapping, site modelling and inspection support around the firm’s civil engineering, environmental services, project management work.",80,100,New,,2026-07-19
on-057-jewell-engineering-inc,Jewell Engineering Inc.,Civil Eng,Belleville,Ontario,Eastern Ontario,Municipal engineering; Land development; Infrastructure renewal; Civil engineering; Surveying; Water resources,Municipalities; Developers; Public sector; Private sector,https://www.jewelleng.ca/; https://acecontario.ca/member-directory/,"Civil engineering firm focused on municipal infrastructure, renewal, land development and water resources.","Provides municipal engineering, land development, infrastructure renewal, civil engineering services for municipalities, developers, creating overlap with infrastructure-focused drone mapping and inspection work.",Infrastructure renewal; Civil engineering; Surveying; Water resources,NOT CONFIRMED | NOT CONFIRMED | Email: matt@jewelleng.ca; Phone: 613-969-1111 | https://acecontario.ca/member-directory/,matt@jewelleng.ca,613-969-1111,NOT CONFIRMED,"Offer overflow aerial LiDAR, photogrammetry and field capture support for municipal engineering, land development, infrastructure renewal assignments.",90,100,New,,2026-07-19
on-058-jp2g-consultants-inc,Jp2g Consultants Inc.,Multi-discipline,Pembroke,Ontario,Eastern Ontario; Northern Ontario,Civil engineering; Municipal servicing; Surveying; Water resources; Water treatment; Wastewater treatment; Stormwater management,Municipalities; Utilities; Developers; Public sector,https://www.jp2g.com/; https://acecontario.ca/member-directory/,"Multidisciplinary consultancy delivering municipal servicing, survey, water, wastewater and stormwater projects.","Provides civil engineering, municipal servicing, surveying, water resources services for municipalities, utilities, creating overlap with infrastructure-focused drone mapping and inspection work.",Civil engineering; Surveying; Water resources; Water treatment; Wastewater treatment; Stormwater management,NOT CONFIRMED | NOT CONFIRMED | Phone: 613-735-2507 | https://acecontario.ca/member-directory/,NOT CONFIRMED,613-735-2507,NOT CONFIRMED,"Offer overflow aerial LiDAR, photogrammetry and field capture support for civil engineering, municipal servicing, surveying assignments.",90,90,New,,2026-07-19
on-059-k-smart-associates-limited,K. Smart Associates Limited,Geomatics,Kitchener,Ontario,Waterloo Region; Southwestern Ontario,Civil engineering; Environmental services; Planning; Surveying; Water resources,Municipalities; Developers; Private sector,https://www.ksmart.ca/; https://acecontario.ca/member-directory/,"Civil engineering, planning and surveying firm serving municipal and development clients.","Provides civil engineering, environmental services, planning, surveying services for municipalities, developers, creating overlap with infrastructure-focused drone mapping and inspection work.",Civil engineering; Environmental services; Surveying; Water resources,NOT CONFIRMED | NOT CONFIRMED | Email: info@ksmart.ca; Phone: 519-748-1199 | https://acecontario.ca/member-directory/,info@ksmart.ca,519-748-1199,NOT CONFIRMED,"Offer overflow aerial LiDAR, photogrammetry and field capture support for civil engineering, environmental services, planning assignments.",100,100,New,,2026-07-19
on-060-kgs-group,KGS Group,Multi-discipline,Mississauga,Ontario,Ontario; Canada,Civil engineering; Structural engineering; Environmental services; Water resources; Project management,Municipalities; Infrastructure owners; Industrial clients; Public sector,https://www.kgsgroup.com/; https://acecontario.ca/member-directory/,"Multidisciplinary engineering consultancy supporting infrastructure, water and industrial projects.","Provides civil engineering, structural engineering, environmental services, water resources services for municipalities, infrastructure owners, creating overlap with infrastructure-focused drone mapping and inspection work.",Civil engineering; Environmental services; Water resources,NOT CONFIRMED | NOT CONFIRMED | Email: skohnen@kgsgroup.com; Phone: 905-848-2473 | https://acecontario.ca/member-directory/,skohnen@kgsgroup.com,905-848-2473,NOT CONFIRMED,"Position corridor mapping, site modelling and inspection support around the firm’s civil engineering, structural engineering, environmental services work.",80,100,New,,2026-07-19
on-061-kihl-construction-management-ltd,KIHL Construction Management Ltd.,CM,Georgetown,Ontario,Ontario,Contract administration; Construction management; Construction inspection,Municipalities; Infrastructure owners; Public sector,https://kihl.ca/; https://acecontario.ca/member-directory/,Ontario construction-management firm providing contract administration and field inspection.,"Provides contract administration, construction management, construction inspection services for municipalities, infrastructure owners, creating overlap with infrastructure-focused drone mapping and inspection work.",Construction management; Construction inspection,NOT CONFIRMED | NOT CONFIRMED | Email: okaminski@kihl.ca; Phone: 905-693-2288 | https://acecontario.ca/member-directory/,okaminski@kihl.ca,905-693-2288,NOT CONFIRMED,"Present repeatable aerial progress documentation and remote inspection as support for contract administration, construction management, construction inspection.",30,100,New,,2026-07-19
on-062-kerry-t-howe-engineering-ltd,Kerry T. Howe Engineering Ltd.,Civil Eng,St. Catharines,Ontario,Niagara; Ontario,Civil engineering; Structural engineering; Transportation infrastructure,Municipalities; Transportation agencies; Infrastructure owners,https://www.kthengineering.com/; https://acecontario.ca/member-directory/,Civil and structural engineering firm serving transportation and infrastructure projects.,"Provides civil engineering, structural engineering, transportation infrastructure services for municipalities, transportation agencies, creating overlap with infrastructure-focused drone mapping and inspection work.",Civil engineering; Transportation infrastructure,NOT CONFIRMED | NOT CONFIRMED | Phone: 905-688-6550 | https://acecontario.ca/member-directory/,NOT CONFIRMED,905-688-6550,NOT CONFIRMED,"Lead with high-resolution visual, thermal and LiDAR inspection support for civil engineering, structural engineering, transportation infrastructure work.",40,90,New,,2026-07-19
on-063-klohn-crippen-berger-ltd,Klohn Crippen Berger Ltd.,Environmental,Sudbury,Ontario,Northern Ontario; Canada; Global,Civil engineering; Environmental services; Geotechnical engineering; Materials engineering; Mining infrastructure,Mining companies; Energy companies; Infrastructure owners; Public sector,https://www.klohn.com/; https://acecontario.ca/member-directory/,"Engineering consultancy specializing in geotechnical, environmental and resource-infrastructure work.","Provides civil engineering, environmental services, geotechnical engineering, materials engineering services for mining companies, energy companies, creating overlap with infrastructure-focused drone mapping and inspection work.",Civil engineering; Environmental services; Geotechnical engineering; Mining infrastructure,NOT CONFIRMED | NOT CONFIRMED | Email: cdiaz@klohn.com; Phone: 705-522-1367 | https://acecontario.ca/member-directory/,cdiaz@klohn.com,705-522-1367,NOT CONFIRMED,"Offer terrain, surface-change and site-documentation data for civil engineering, environmental services, geotechnical engineering projects.",60,100,New,,2026-07-19
on-064-lea-consulting-ltd,LEA Consulting Ltd.,Civil Eng,Markham,Ontario,Ontario; Canada,Civil engineering; Transportation planning; Infrastructure design; Contract administration; Water resources; Project management,Municipalities; Transportation agencies; Developers; Public sector,https://www.lea.ca/; https://acecontario.ca/member-directory/,"Infrastructure engineering and planning firm serving transportation, municipal and development projects.","Provides civil engineering, transportation planning, infrastructure design, contract administration services for municipalities, transportation agencies, creating overlap with infrastructure-focused drone mapping and inspection work.",Civil engineering; Infrastructure design; Water resources,NOT CONFIRMED | NOT CONFIRMED | Email: general@lea.ca; Phone: 905-470-0015 | https://acecontario.ca/member-directory/,general@lea.ca,905-470-0015,NOT CONFIRMED,"Position corridor mapping, site modelling and inspection support around the firm’s civil engineering, transportation planning, infrastructure design work.",75,100,New,,2026-07-19
on-065-mna-engineering-ltd,MNA Engineering Ltd.,Environmental,Scarborough,Ontario,Ontario,Geotechnical engineering; Environmental consulting; Materials testing; Construction inspection,Municipalities; Provincial government; Developers; Infrastructure owners,https://www.mnaeng.ca/; https://acecontario.ca/member-directory/,"Geotechnical, environmental, materials-testing and construction-inspection consultancy.","Provides geotechnical engineering, environmental consulting, materials testing, construction inspection services for municipalities, provincial government, creating overlap with infrastructure-focused drone mapping and inspection work.",Geotechnical engineering; Environmental consulting; Construction inspection,NOT CONFIRMED | NOT CONFIRMED | Phone: 416-757-8882 | https://acecontario.ca/member-directory/,NOT CONFIRMED,416-757-8882,NOT CONFIRMED,"Present repeatable aerial progress documentation and remote inspection as support for geotechnical engineering, environmental consulting, materials testing.",50,90,New,,2026-07-19
on-066-mte-consultants-inc,MTE Consultants Inc.,Multi-discipline,Kitchener,Ontario,Ontario,Civil engineering; Structural engineering; Environmental engineering; Building science; Surveying; Geomatics; Water resources,Municipalities; Developers; Institutional clients; Industrial clients,https://www.mte85.com/; https://acecontario.ca/member-directory/,"Canadian multidisciplinary engineering firm with civil, environmental, surveying, geomatics and infrastructure capabilities.","Provides civil engineering, structural engineering, environmental engineering, building science services for municipalities, developers, creating overlap with infrastructure-focused drone mapping and inspection work.",Civil engineering; Environmental engineering; Surveying; Geomatics; Water resources,"Ted Rowe, P.Eng. | Chief Executive Officer | Phone: 519-743-6500 | https://www.mte85.com/contact-us/; NOT CONFIRMED | NOT CONFIRMED | Email: proposals@mte85.com; Phone: 519-743-6500 | https://acecontario.ca/member-directory/",proposals@mte85.com,519-743-6500,https://www.mte85.com/contact-us/,"Offer overflow aerial LiDAR, photogrammetry and field capture support for civil engineering, structural engineering, environmental engineering assignments.",100,100,New,,2026-07-19
on-067-meritech-engineering,Meritech Engineering,Civil Eng,Cambridge,Ontario,Southwestern Ontario,Municipal engineering; Civil engineering; Construction administration; Planning; Surveying; Water resources,Municipalities; Developers; Public sector,https://www.meritech.ca/; https://acecontario.ca/member-directory/,"Municipal engineering firm providing design, construction administration, survey, planning and water-resources services.","Provides municipal engineering, civil engineering, construction administration, planning services for municipalities, developers, creating overlap with infrastructure-focused drone mapping and inspection work.",Civil engineering; Construction administration; Surveying; Water resources,NOT CONFIRMED | NOT CONFIRMED | Email: info@meritech.ca; Phone: 519-623-1140 | https://acecontario.ca/member-directory/,info@meritech.ca,519-623-1140,NOT CONFIRMED,"Offer overflow aerial LiDAR, photogrammetry and field capture support for municipal engineering, civil engineering, construction administration assignments.",90,100,New,,2026-07-19
on-068-mott-macdonald-canada-ltd,Mott MacDonald Canada Ltd.,Multi-discipline,Toronto,Ontario,Ontario; Canada; Global,Engineering; Development consulting; Project management; Transportation; Water; Energy; Buildings,Public sector; Private sector; Transportation agencies; Utilities; Infrastructure owners,https://www.mottmac.com/en-ca/; https://acecontario.ca/member-directory/,"Global engineering, management and development consultancy serving transport, water, energy and built-environment projects.","Provides engineering, development consulting, project management, transportation services for public sector, private sector, creating overlap with infrastructure-focused drone mapping and inspection work.",Water,NOT CONFIRMED | NOT CONFIRMED | Email: laurie.guthrie@mottmac.com; Phone: 416-429-9345 | https://acecontario.ca/member-directory/,laurie.guthrie@mottmac.com,416-429-9345,NOT CONFIRMED,"Position corridor mapping, site modelling and inspection support around the firm’s engineering, development consulting, project management work.",15,100,New,,2026-07-19
on-069-nasiruddin-engineering-ltd,Nasiruddin Engineering Ltd.,Environmental,Mississauga,Ontario,Ontario,Construction inspection; Geotechnical engineering; Geoenvironmental consulting; Building science; Materials testing,Public sector; Private sector; Infrastructure owners; Developers,https://www.nasiruddineng.com/; https://acecontario.ca/member-directory/,"Engineering consultancy providing construction inspection, geotechnical, geoenvironmental, building-science and materials services.","Provides construction inspection, geotechnical engineering, geoenvironmental consulting, building science services for public sector, private sector, creating overlap with infrastructure-focused drone mapping and inspection work.",Construction inspection; Geotechnical engineering; Geoenvironmental consulting,NOT CONFIRMED | NOT CONFIRMED | Email: shakeel@nasiruddineng.com; Phone: 416-882-5136 | https://acecontario.ca/member-directory/,shakeel@nasiruddineng.com,416-882-5136,NOT CONFIRMED,"Present repeatable aerial progress documentation and remote inspection as support for construction inspection, geotechnical engineering, geoenvironmental consulting.",50,100,New,,2026-07-19
on-070-novatech,Novatech,Multi-discipline,Ottawa,Ontario,Eastern Ontario,Civil engineering; Transportation engineering; Water resources; Land-use planning; Urban design; Project administration,Municipalities; Developers; Transportation agencies; Public sector,https://www.novatech-eng.com/; https://acecontario.ca/member-directory/,"Engineering and planning firm providing civil, transportation, water-resources and project-administration services.","Provides civil engineering, transportation engineering, water resources, land-use planning services for municipalities, developers, creating overlap with infrastructure-focused drone mapping and inspection work.",Civil engineering; Water resources,NOT CONFIRMED | NOT CONFIRMED | Email: novainfo@novatech-eng.com; Phone: 613-254-9643 | https://acecontario.ca/member-directory/,novainfo@novatech-eng.com,613-254-9643,NOT CONFIRMED,"Position corridor mapping, site modelling and inspection support around the firm’s civil engineering, transportation engineering, water resources work.",60,100,New,,2026-07-19
on-071-ohe-consultants,OHE Consultants,Environmental,Mississauga,Ontario,Ontario; Canada,Environmental consulting; Hazardous materials; Occupational hygiene; Building science; Geotechnical engineering,Building owners; Industrial clients; Institutional clients; Infrastructure owners,https://www.oheconsultants.com/; https://acecontario.ca/member-directory/,"Environmental and occupational-health consultancy with hazardous-materials, building-science and geotechnical capabilities.","Provides environmental consulting, hazardous materials, occupational hygiene, building science services for building owners, industrial clients, creating overlap with infrastructure-focused drone mapping and inspection work.",Environmental consulting; Geotechnical engineering,NOT CONFIRMED | NOT CONFIRMED | Email: info@oheconsultants.com; Phone: 905-890-9000 | https://acecontario.ca/member-directory/,info@oheconsultants.com,905-890-9000,NOT CONFIRMED,"Offer terrain, surface-change and site-documentation data for environmental consulting, hazardous materials, occupational hygiene projects.",50,100,New,,2026-07-19
on-072-pg-geotechnical-consultants-corp,PG Geotechnical Consultants Corp.,Environmental,Toronto,Ontario,Ontario,Geotechnical engineering; Civil engineering; Structural engineering; Hydrogeology; Drainage; Mining infrastructure,Developers; Mining companies; Infrastructure owners; Public sector,https://www.pgconsultants.ca/; https://acecontario.ca/member-directory/,"Geotechnical consultancy providing civil, structural, hydrogeological, drainage and mining-related services.","Provides geotechnical engineering, civil engineering, structural engineering, hydrogeology services for developers, mining companies, creating overlap with infrastructure-focused drone mapping and inspection work.",Geotechnical engineering; Civil engineering; Mining infrastructure,NOT CONFIRMED | NOT CONFIRMED | Email: agfm@pgconsultants.ca; Phone: 437-929-9359 | https://acecontario.ca/member-directory/,agfm@pgconsultants.ca,437-929-9359,NOT CONFIRMED,"Offer terrain, surface-change and site-documentation data for geotechnical engineering, civil engineering, structural engineering projects.",60,100,New,,2026-07-19
on-073-parsons-inc,Parsons Inc.,Multi-discipline,Markham,Ontario,Ontario; Canada,Civil engineering; Environmental services; Project management; Planning; Water resources; Transportation,Municipalities; Transportation agencies; Public sector; Infrastructure owners,https://www.parsons.com/canada/; https://acecontario.ca/member-directory/,"Infrastructure engineering and program-management company serving transportation, environmental and water projects.","Provides civil engineering, environmental services, project management, planning services for municipalities, transportation agencies, creating overlap with infrastructure-focused drone mapping and inspection work.",Civil engineering; Environmental services; Water resources,NOT CONFIRMED | NOT CONFIRMED | Email: jennifer.delo@parsons.com; Phone: 905-943-0500 | https://acecontario.ca/member-directory/,jennifer.delo@parsons.com,905-943-0500,NOT CONFIRMED,"Position corridor mapping, site modelling and inspection support around the firm’s civil engineering, environmental services, project management work.",80,100,New,,2026-07-19
on-074-patriot-engineering-ltd,Patriot Engineering Ltd.,Environmental,Toronto,Ontario,Ontario,Geotechnical engineering; Geoenvironmental consulting; Construction inspection; Materials testing; Building science,Municipalities; Developers; Infrastructure owners; Private sector,https://www.patrioteng.ca/; https://acecontario.ca/member-directory/,"Engineering consultancy providing geotechnical, geoenvironmental, inspection, materials and building-science services.","Provides geotechnical engineering, geoenvironmental consulting, construction inspection, materials testing services for municipalities, developers, creating overlap with infrastructure-focused drone mapping and inspection work.",Geotechnical engineering; Geoenvironmental consulting; Construction inspection,NOT CONFIRMED | NOT CONFIRMED | Email: info@patrioteng.ca; Phone: 416-293-7716 | https://acecontario.ca/member-directory/,info@patrioteng.ca,416-293-7716,NOT CONFIRMED,"Present repeatable aerial progress documentation and remote inspection as support for geotechnical engineering, geoenvironmental consulting, construction inspection.",50,100,New,,2026-07-19
on-075-piotrowski-consultants-ltd,Piotrowski Consultants Ltd.,Civil Eng,North Bay,Ontario,Northern Ontario,Civil engineering; Structural engineering; Municipal infrastructure,Municipalities; Public sector; Private sector,https://piotrowskiconsultants.ca/; https://acecontario.ca/member-directory/,Northern Ontario consulting engineering firm serving municipal and private infrastructure projects.,"Provides civil engineering, structural engineering, municipal infrastructure services for municipalities, public sector, creating overlap with infrastructure-focused drone mapping and inspection work.",Civil engineering; Municipal infrastructure,NOT CONFIRMED | NOT CONFIRMED | Email: bgrassi@piotrowskiconsultants.ca; Phone: 705-472-2536 | https://acecontario.ca/member-directory/,bgrassi@piotrowskiconsultants.ca,705-472-2536,NOT CONFIRMED,"Lead with high-resolution visual, thermal and LiDAR inspection support for civil engineering, structural engineering, municipal infrastructure work.",40,100,New,,2026-07-19
on-076-r-e-poisson-engineering-inc,R.E. Poisson Engineering Inc.,Water-WW,Guelph,Ontario,Ontario,Water engineering; Wastewater engineering; Environmental engineering; Mechanical engineering; Water resources,Municipalities; Industrial clients; Utilities,https://www.repoisson.com/; https://acecontario.ca/member-directory/,Engineering firm focused on municipal and industrial water and wastewater systems.,"Provides water engineering, wastewater engineering, environmental engineering, mechanical engineering services for municipalities, industrial clients, creating overlap with infrastructure-focused drone mapping and inspection work.",Water engineering; Wastewater engineering; Environmental engineering; Water resources,NOT CONFIRMED | NOT CONFIRMED | Email: robert@repoisson.com; Phone: 519-767-2004 | https://acecontario.ca/member-directory/,robert@repoisson.com,519-767-2004,NOT CONFIRMED,"Position corridor mapping, site modelling and inspection support around the firm’s water engineering, wastewater engineering, environmental engineering work.",55,100,New,,2026-07-19
on-077-r-j-burnside-associates-limited,R.J. Burnside & Associates Limited,Multi-discipline,Orangeville,Ontario,Ontario; Canada,Infrastructure engineering; Environmental consulting; Planning; Design; Project management; Water resources,Municipalities; Developers; Public sector; Private sector,https://www.rjburnside.com/; https://acecontario.ca/member-directory/,"Canadian engineering and environmental consultancy providing infrastructure, planning, design and project-management services.","Provides infrastructure engineering, environmental consulting, planning, design services for municipalities, developers, creating overlap with infrastructure-focused drone mapping and inspection work.",Infrastructure engineering; Environmental consulting; Water resources,NOT CONFIRMED | NOT CONFIRMED | Email: sarah.draper@rjburnside.com; Phone: 519-941-5331 | https://acecontario.ca/member-directory/,sarah.draper@rjburnside.com,519-941-5331,NOT CONFIRMED,"Position corridor mapping, site modelling and inspection support around the firm’s infrastructure engineering, environmental consulting, planning work.",80,100,New,,2026-07-19
on-078-r-v-anderson-associates-limited,R.V. Anderson Associates Limited,Multi-discipline,Toronto,Ontario,Ontario; Canada,Water engineering; Wastewater engineering; Transportation engineering; Urban infrastructure; Environmental services; Project management,Municipalities; Utilities; Transportation agencies; Public sector,https://rvanderson.com/; https://acecontario.ca/member-directory/,"Employee-owned engineering firm specializing in water, wastewater, transportation and urban infrastructure.","Provides water engineering, wastewater engineering, transportation engineering, urban infrastructure services for municipalities, utilities, creating overlap with infrastructure-focused drone mapping and inspection work.",Water engineering; Wastewater engineering; Urban infrastructure; Environmental services,NOT CONFIRMED | NOT CONFIRMED | Email: zfilinov@rvanderson.com; Phone: 416-497-8600 | https://acecontario.ca/member-directory/,zfilinov@rvanderson.com,416-497-8600,NOT CONFIRMED,"Position corridor mapping, site modelling and inspection support around the firm’s water engineering, wastewater engineering, transportation engineering work.",80,100,New,,2026-07-19
on-079-rand-engineering-corporation,RAND Engineering Corporation,Civil Eng,Mississauga,Ontario,Ontario,Civil engineering; Project management; Infrastructure design; Contract administration; Construction inspection,Municipalities; Developers; Infrastructure owners,https://www.randengineering.ca/; https://acecontario.ca/member-directory/,"Civil engineering firm providing design, project management, contract administration and inspection.","Provides civil engineering, project management, infrastructure design, contract administration services for municipalities, developers, creating overlap with infrastructure-focused drone mapping and inspection work.",Civil engineering; Infrastructure design; Construction inspection,NOT CONFIRMED | NOT CONFIRMED | Email: dsemkiw@randengineering.ca; Phone: 905-625-9500 | https://acecontario.ca/member-directory/,dsemkiw@randengineering.ca,905-625-9500,NOT CONFIRMED,"Present repeatable aerial progress documentation and remote inspection as support for civil engineering, project management, infrastructure design.",55,100,New,,2026-07-19
on-080-rjc-engineers,RJC Engineers,Multi-discipline,Toronto,Ontario,Ontario; Canada,Structural engineering; Building science; Restoration; Façade engineering; Condition assessment,Building owners; Developers; Institutional clients; Infrastructure owners,https://www.rjc.ca/; https://acecontario.ca/member-directory/,"Structural and building-science consultancy providing restoration, façade and condition-assessment services.","Provides structural engineering, building science, restoration, façade engineering services for building owners, developers, creating overlap with infrastructure-focused drone mapping and inspection work.",Condition assessment,NOT CONFIRMED | NOT CONFIRMED | Email: tpapasin@rjc.ca; Phone: 416-639-1658 | https://acecontario.ca/member-directory/,tpapasin@rjc.ca,416-639-1658,NOT CONFIRMED,"Present repeatable aerial progress documentation and remote inspection as support for structural engineering, building science, restoration.",30,100,New,,2026-07-19
on-081-rtg-systems-inc,RTG Systems Inc.,Civil Eng,Burlington,Ontario,Ontario,Utility infrastructure design; Project management; Civil engineering,Utilities; Municipalities; Infrastructure owners,https://rtgsystems.com/; https://acecontario.ca/member-directory/,Engineering firm supporting utility-infrastructure design and project management.,"Provides utility infrastructure design, project management, civil engineering services for utilities, municipalities, creating overlap with infrastructure-focused drone mapping and inspection work.",Utility infrastructure design; Civil engineering,NOT CONFIRMED | NOT CONFIRMED | Email: clessard@rtgsystems.com; Phone: 905-827-7887 | https://acecontario.ca/member-directory/,clessard@rtgsystems.com,905-827-7887,NOT CONFIRMED,"Introduce subcontract aerial data capture and inspection support for the firm’s utility infrastructure design, project management, civil engineering projects.",40,100,New,,2026-07-19
on-082-rathco-eng-ltd,Rathco ENG Ltd.,Multi-discipline,Guelph,Ontario,Ontario; Canada,Energy engineering; Environmental engineering; District energy; Project management,Municipalities; Energy companies; Building owners; Infrastructure owners,https://www.rathco.pro/; https://acecontario.ca/member-directory/,"Engineering consultancy focused on energy, environmental, district-energy and project-management services.","Provides energy engineering, environmental engineering, district energy, project management services for municipalities, energy companies, creating overlap with infrastructure-focused drone mapping and inspection work.",Environmental engineering,NOT CONFIRMED | NOT CONFIRMED | Email: contact@rathco.pro; Phone: 888-632-3330 | https://acecontario.ca/member-directory/,contact@rathco.pro,888-632-3330,NOT CONFIRMED,"Offer terrain, surface-change and site-documentation data for energy engineering, environmental engineering, district energy projects.",35,100,New,,2026-07-19
on-083-robert-g-mcewen-associates-ltd,Robert G. McEwen & Associates Ltd.,CM,Mississauga,Ontario,Ontario,Building science; Project management; Construction management; Condition assessment,Building owners; Property managers; Institutional clients; Developers,https://mcewenconsulting.ca/; https://acecontario.ca/member-directory/,Building-science and construction-management consultancy serving owners and property managers.,"Provides building science, project management, construction management, condition assessment services for building owners, property managers, creating overlap with infrastructure-focused drone mapping and inspection work.",Construction management; Condition assessment,NOT CONFIRMED | NOT CONFIRMED | Email: robert@mcewenconsulting.ca; Phone: 905-997-8532 | https://acecontario.ca/member-directory/,robert@mcewenconsulting.ca,905-997-8532,NOT CONFIRMED,"Present repeatable aerial progress documentation and remote inspection as support for building science, project management, construction management.",20,100,New,,2026-07-19
on-084-robinson-consultants-inc,Robinson Consultants Inc.,Multi-discipline,Ottawa,Ontario,Ontario,Civil engineering; Project management; Surveying; Water resources; Planning; Municipal infrastructure,Municipalities; Transportation agencies; Public sector; Developers,https://www.rcii.com/; https://acecontario.ca/member-directory/,"Employee-owned engineering firm providing municipal, civil, water-resources, survey and planning services.","Provides civil engineering, project management, surveying, water resources services for municipalities, transportation agencies, creating overlap with infrastructure-focused drone mapping and inspection work.",Civil engineering; Surveying; Water resources; Municipal infrastructure,NOT CONFIRMED | NOT CONFIRMED | Email: dpotvin@rcii.com; Phone: 613-592-6060 | https://acecontario.ca/member-directory/,dpotvin@rcii.com,613-592-6060,NOT CONFIRMED,"Offer overflow aerial LiDAR, photogrammetry and field capture support for civil engineering, project management, surveying assignments.",90,100,New,,2026-07-19
on-085-sener-ses-canada-inc,SENER SES Canada Inc.,Multi-discipline,Toronto,Ontario,Ontario; Canada,Engineering; Transportation infrastructure; Project management; Industrial engineering,Transportation agencies; Public sector; Industrial clients; Infrastructure owners,https://www.group.sener/en; https://acecontario.ca/member-directory/,"Engineering and technology company serving transportation, infrastructure and industrial projects.","Provides engineering, transportation infrastructure, project management, industrial engineering services for transportation agencies, public sector, creating overlap with infrastructure-focused drone mapping and inspection work.",Transportation infrastructure,NOT CONFIRMED | NOT CONFIRMED | Email: info@senercanada.ca; Phone: 416-901-7448 | https://acecontario.ca/member-directory/,info@senercanada.ca,416-901-7448,NOT CONFIRMED,"Introduce subcontract aerial data capture and inspection support for the firm’s engineering, transportation infrastructure, project management projects.",15,100,New,,2026-07-19
on-086-schaeffer-associates-ltd,Schaeffer & Associates Ltd.,Civil Eng,Concord,Ontario,Greater Toronto Area; Ontario,Civil engineering; Land development; Municipal infrastructure; Water resources; Water and wastewater; Project management,Municipalities; Developers; Utilities,https://www.schaeffers.com/; https://acecontario.ca/member-directory/,"Civil engineering firm providing land development, municipal infrastructure, water-resources and water/wastewater services.","Provides civil engineering, land development, municipal infrastructure, water resources services for municipalities, developers, creating overlap with infrastructure-focused drone mapping and inspection work.",Civil engineering; Municipal infrastructure; Water resources; Water and wastewater,NOT CONFIRMED | NOT CONFIRMED | Email: kshahbikian@schaeffers.com; Phone: 905-738-6100 | https://acecontario.ca/member-directory/,kshahbikian@schaeffers.com,905-738-6100,NOT CONFIRMED,"Position corridor mapping, site modelling and inspection support around the firm’s civil engineering, land development, municipal infrastructure work.",60,100,New,,2026-07-19
on-087-shaba-testing-services-ltd,Shaba Testing Services Ltd.,Environmental,Kirkland Lake,Ontario,Northern Ontario,Geotechnical engineering; Structural engineering; Municipal engineering; Construction inspection; Materials testing,Municipalities; Developers; Infrastructure owners; Mining companies,https://www.shabatesting.com/; https://acecontario.ca/member-directory/,"Northern Ontario engineering and testing firm providing geotechnical, municipal, inspection and materials services.","Provides geotechnical engineering, structural engineering, municipal engineering, construction inspection services for municipalities, developers, creating overlap with infrastructure-focused drone mapping and inspection work.",Geotechnical engineering; Construction inspection,NOT CONFIRMED | NOT CONFIRMED | Email: shabatesting@shabatesting.com; Phone: 705-567-4187 | https://acecontario.ca/member-directory/,shabatesting@shabatesting.com,705-567-4187,NOT CONFIRMED,"Present repeatable aerial progress documentation and remote inspection as support for geotechnical engineering, structural engineering, municipal engineering.",50,100,New,,2026-07-19
on-088-skira-associates-ltd,Skira & Associates Ltd.,Civil Eng,Mississauga,Ontario,Greater Toronto Area; Ontario,Civil engineering; Land development; Municipal infrastructure,Developers; Local government; Private sector,https://skiraconsult.com/; https://acecontario.ca/member-directory/,Civil and land-development engineering consultancy serving private and local-government clients.,"Provides civil engineering, land development, municipal infrastructure services for developers, local government, creating overlap with infrastructure-focused drone mapping and inspection work.",Civil engineering; Municipal infrastructure,NOT CONFIRMED | NOT CONFIRMED | Phone: 905-276-5100 | https://acecontario.ca/member-directory/,NOT CONFIRMED,905-276-5100,NOT CONFIRMED,"Introduce subcontract aerial data capture and inspection support for the firm’s civil engineering, land development, municipal infrastructure projects.",30,90,New,,2026-07-19
on-089-spriet-associates-limited,Spriet Associates Limited,Multi-discipline,London,Ontario,Southwestern Ontario,Civil engineering; Architecture; Municipal infrastructure; Industrial engineering,Municipalities; Provincial government; Industrial clients; Commercial clients,https://www.spriet.ca/; https://acecontario.ca/member-directory/,"Engineering and architecture firm serving municipal, provincial, industrial and commercial clients.","Provides civil engineering, architecture, municipal infrastructure, industrial engineering services for municipalities, provincial government, creating overlap with infrastructure-focused drone mapping and inspection work.",Civil engineering; Municipal infrastructure,NOT CONFIRMED | NOT CONFIRMED | Email: mail@spriet.ca; Phone: 519-672-4100 | https://acecontario.ca/member-directory/,mail@spriet.ca,519-672-4100,NOT CONFIRMED,"Introduce subcontract aerial data capture and inspection support for the firm’s civil engineering, architecture, municipal infrastructure projects.",40,100,New,,2026-07-19
on-090-stantec-consulting-ltd,Stantec Consulting Ltd.,Multi-discipline,Ottawa,Ontario,Ontario; Canada; Global,Civil engineering; Environmental services; Water; Surveying; Planning; Transportation; Program management,Municipalities; Transportation agencies; Utilities; Public sector; Private sector,https://www.stantec.com/en; https://acecontario.ca/member-directory/,"Global design and consulting firm with broad engineering, environmental, water, survey and planning capabilities.","Provides civil engineering, environmental services, water, surveying services for municipalities, transportation agencies, creating overlap with infrastructure-focused drone mapping and inspection work.",Civil engineering; Environmental services; Water; Surveying,NOT CONFIRMED | NOT CONFIRMED | Email: dylan.hemmings@stantec.com; Phone: 613-738-6057 | https://acecontario.ca/member-directory/,dylan.hemmings@stantec.com,613-738-6057,https://www.stantec.com/en/contact-us,"Offer overflow aerial LiDAR, photogrammetry and field capture support for civil engineering, environmental services, water assignments.",90,100,New,,2026-07-19
on-091-t-y-lin-international-canada-inc,T.Y. Lin International Canada Inc.,Civil Eng,Toronto,Ontario,Greater Toronto Area; Ontario,Municipal engineering; Land development engineering; Water resources engineering; Transportation planning; Project management,Municipalities; Developers; Transportation agencies,https://www.tylin.com/; https://acecontario.ca/member-directory/,"Infrastructure consultancy providing municipal, land-development, water-resources and transportation services.","Provides municipal engineering, land development engineering, water resources engineering, transportation planning services for municipalities, developers, creating overlap with infrastructure-focused drone mapping and inspection work.",Water resources engineering,NOT CONFIRMED | NOT CONFIRMED | Email: jason.kim@tylin.com; Phone: 905-738-5700 | https://acecontario.ca/member-directory/,jason.kim@tylin.com,905-738-5700,NOT CONFIRMED,"Position corridor mapping, site modelling and inspection support around the firm’s municipal engineering, land development engineering, water resources engineering work.",60,100,New,,2026-07-19
on-092-tulloch-engineering,TULLOCH Engineering,Multi-discipline,Thessalon,Ontario,Ontario; Canada,Civil engineering; Environmental services; Planning; Surveying; Water resources; Geomatics; Geotechnical engineering,Municipalities; Transportation agencies; Mining companies; Developers; Public sector; Private sector,https://www.tulloch.ca/; https://acecontario.ca/member-directory/,Multidisciplinary engineering and survey firm serving public and private infrastructure projects across Ontario and Canada.,"Provides civil engineering, environmental services, planning, surveying services for municipalities, transportation agencies, creating overlap with infrastructure-focused drone mapping and inspection work.",Civil engineering; Environmental services; Surveying; Water resources; Geomatics; Geotechnical engineering,NOT CONFIRMED | NOT CONFIRMED | Email: heather.paterson@tulloch.ca; Phone: 905-481-1678 | https://acecontario.ca/member-directory/,heather.paterson@tulloch.ca,905-481-1678,NOT CONFIRMED,"Offer overflow aerial LiDAR, photogrammetry and field capture support for civil engineering, environmental services, planning assignments.",100,100,New,,2026-07-19
on-093-tatham-engineering-limited,Tatham Engineering Limited,Multi-discipline,Collingwood,Ontario,Ontario,Municipal engineering; Civil engineering; Structural engineering; Transportation; Water resources; Water and wastewater; Electrical engineering; Mechanical engineering,Municipalities; Developers; Transportation agencies; Infrastructure owners,https://www.tathameng.com/; https://acecontario.ca/member-directory/,"Employee-owned multidisciplinary firm providing municipal, transportation, water, wastewater and building engineering.","Provides municipal engineering, civil engineering, structural engineering, transportation services for municipalities, developers, creating overlap with infrastructure-focused drone mapping and inspection work.",Civil engineering; Water resources; Water and wastewater,NOT CONFIRMED | NOT CONFIRMED | Email: info@tathameng.com; Phone: 705-444-2565 | https://acecontario.ca/member-directory/,info@tathameng.com,705-444-2565,NOT CONFIRMED,"Position corridor mapping, site modelling and inspection support around the firm’s municipal engineering, civil engineering, structural engineering work.",60,100,New,,2026-07-19
on-094-tecsar-engineering-inc,Tecsar Engineering Inc.,CM,Sarnia,Ontario,Southwestern Ontario,Engineering; Procurement; Construction management; Industrial project delivery,Industrial clients; Energy companies; Infrastructure owners,https://www.tecsar.com/; https://acecontario.ca/member-directory/,"Engineering, procurement and construction-management firm serving industrial projects.","Provides engineering, procurement, construction management, industrial project delivery services for industrial clients, energy companies, creating overlap with infrastructure-focused drone mapping and inspection work.",Construction management,NOT CONFIRMED | NOT CONFIRMED | Email: tecsar@tecsar.com; Phone: 519-383-8028 | https://acecontario.ca/member-directory/,tecsar@tecsar.com,519-383-8028,NOT CONFIRMED,"Present repeatable aerial progress documentation and remote inspection as support for engineering, procurement, construction management.",30,100,New,,2026-07-19
on-095-thurber-engineering-ltd,Thurber Engineering Ltd.,Environmental,Oakville,Ontario,Ontario; Canada,Geotechnical engineering; Environmental consulting; Construction materials testing,Municipalities; Developers; Infrastructure owners; Public sector,https://thurber.ca/; https://acecontario.ca/member-directory/,Canadian geotechnical and environmental consultancy with construction-materials testing capabilities.,"Provides geotechnical engineering, environmental consulting, construction materials testing services for municipalities, developers, creating overlap with infrastructure-focused drone mapping and inspection work.",Geotechnical engineering; Environmental consulting; Construction materials testing,NOT CONFIRMED | NOT CONFIRMED | Email: wmehdawi@thurber.ca; Phone: 905-829-8666 | https://acecontario.ca/member-directory/,wmehdawi@thurber.ca,905-829-8666,NOT CONFIRMED,"Offer terrain, surface-change and site-documentation data for geotechnical engineering, environmental consulting, construction materials testing projects.",35,100,New,,2026-07-19
on-096-triton-engineering-services-limited,Triton Engineering Services Limited,Civil Eng,Fergus,Ontario,Waterloo Region; Wellington County; Central Ontario,Civil engineering; Municipal infrastructure; Infrastructure renewal; Land development,Municipalities; Developers; Public sector,https://www.tritoneng.ca/; https://acecontario.ca/member-directory/,Community-based civil engineering firm focused on municipal growth and public-infrastructure renewal.,"Provides civil engineering, municipal infrastructure, infrastructure renewal, land development services for municipalities, developers, creating overlap with infrastructure-focused drone mapping and inspection work.",Civil engineering; Municipal infrastructure; Infrastructure renewal,NOT CONFIRMED | NOT CONFIRMED | Email: thutchison@tritoneng.on.ca; Phone: 519-843-3920 | https://acecontario.ca/member-directory/,thutchison@tritoneng.on.ca,519-843-3920,NOT CONFIRMED,"Introduce subcontract aerial data capture and inspection support for the firm’s civil engineering, municipal infrastructure, infrastructure renewal projects.",40,100,New,,2026-07-19
on-097-upper-canada-planning-engineering-consulta,Upper Canada Planning & Engineering Consultants,Civil Eng,St. Catharines,Ontario,Niagara,Civil engineering; Urban planning; Municipal infrastructure; Land development; Community servicing,Municipalities; Developers; Private sector,https://ucc.com/; https://acecontario.ca/member-directory/,Niagara multidisciplinary firm providing civil engineering and urban planning for municipal and development projects.,"Provides civil engineering, urban planning, municipal infrastructure, land development services for municipalities, developers, creating overlap with infrastructure-focused drone mapping and inspection work.",Civil engineering; Municipal infrastructure,NOT CONFIRMED | NOT CONFIRMED | Email: adam@ucc.com; Phone: 905-688-9400 | https://acecontario.ca/member-directory/,adam@ucc.com,905-688-9400,NOT CONFIRMED,"Introduce subcontract aerial data capture and inspection support for the firm’s civil engineering, urban planning, municipal infrastructure projects.",40,100,New,,2026-07-19
on-098-wsp-canada-inc,WSP Canada Inc.,Multi-discipline,Thornhill,Ontario,Ontario; Canada; Global,Civil engineering; Environmental services; Geotechnical engineering; Planning; Surveying; Water resources; Program management,Municipalities; Transportation agencies; Mining companies; Energy companies; Public sector; Private sector,https://www.wsp.com/en-ca; https://acecontario.ca/member-directory/,"Global professional-services firm providing infrastructure, environmental, water, survey and program-delivery services.","Provides civil engineering, environmental services, geotechnical engineering, planning services for municipalities, transportation agencies, creating overlap with infrastructure-focused drone mapping and inspection work.",Civil engineering; Environmental services; Geotechnical engineering; Surveying; Water resources,NOT CONFIRMED | NOT CONFIRMED | Email: ca-licence@wsp.com; Phone: 905-882-1100 | https://acecontario.ca/member-directory/,ca-licence@wsp.com,905-882-1100,https://www.wsp.com/en-ca/contact-us,"Offer overflow aerial LiDAR, photogrammetry and field capture support for civil engineering, environmental services, geotechnical engineering assignments.",100,100,New,,2026-07-19
on-099-wt-infrastructure-solutions-incorporated,WT Infrastructure Solutions Incorporated,Civil Eng,Guelph,Ontario,Niagara; Hamilton; Halton; Brant; Waterloo; Wellington,Infrastructure consulting; Civil engineering,Municipalities; Infrastructure owners,https://www.wtinfrastructure.ca/; https://acecontario.ca/member-directory/,Ontario infrastructure consulting firm serving communities across southwestern and south-central Ontario.,"Provides infrastructure consulting, civil engineering services for municipalities, infrastructure owners, creating overlap with infrastructure-focused drone mapping and inspection work.",Infrastructure consulting; Civil engineering,NOT CONFIRMED | NOT CONFIRMED | Email: info@wtinfrastructure.ca; Phone: 833-984-6372 | https://acecontario.ca/member-directory/,info@wtinfrastructure.ca,833-984-6372,NOT CONFIRMED,"Introduce subcontract aerial data capture and inspection support for the firm’s infrastructure consulting, civil engineering projects.",40,100,New,,2026-07-19
on-100-twd-technologies-ltd,TWD Technologies Ltd.,Multi-discipline,Burlington,Ontario,Southern Ontario; Canada,Civil engineering; Control systems; Electrical engineering; Mechanical engineering; Process engineering; Project management,Energy companies; Industrial clients; Infrastructure owners,https://www.twdepcm.com/; https://acecontario.ca/member-directory/,"Engineering, procurement and project-delivery firm serving energy and industrial projects.","Provides civil engineering, control systems, electrical engineering, mechanical engineering services for energy companies, industrial clients, creating overlap with infrastructure-focused drone mapping and inspection work.",Civil engineering,NOT CONFIRMED | NOT CONFIRMED | Email: mtsiapalis@twdepcm.com; Phone: 905-510-6165 | https://acecontario.ca/member-directory/,mtsiapalis@twdepcm.com,905-510-6165,NOT CONFIRMED,"Introduce subcontract aerial data capture and inspection support for the firm’s civil engineering, control systems, electrical engineering projects.",40,100,New,,2026-07-19
on-wave1-kpk-surveying-inc,KPK Surveying Inc.,Geomatics,Huntsville,Ontario,Muskoka; Parry Sound; Haliburton,Topographic surveys; Construction layout; Boundary surveys; Plans of subdivision,Developers; Builders; Property owners,https://kpksurvey.ca/,"Surveying and geomatics firm offering topographic surveys, construction layout, boundary surveys services.","Provides topographic surveys, construction layout, boundary surveys, plans of subdivision services for developers, builders, property owners, creating a direct fit for overflow RPAS LiDAR, photogrammetry, topo capture, construction documentation and inspection support.",Topographic surveys; Construction layout,NOT CONFIRMED | NOT CONFIRMED | Email: info@KPKsurvey.ca; Phone: 705-788-2701; Website/contact form | https://kpksurvey.ca/,info@KPKsurvey.ca,705-788-2701,NOT CONFIRMED,"Offer subcontract aerial LiDAR, photogrammetry, site modelling and field capture support for topographic surveys, construction layout, boundary surveys workloads.",80,100,New,Wave 1 surveyor/geomatics expansion.,2026-07-20
on-wave1-altimap-land-surveyors,Altimap Land Surveyors,Geomatics,Toronto,Ontario,Greater Toronto Area,Topographic surveys; Construction survey; Site and grading plans; Reference plans,Developers; Builders; Civil engineers,https://altimap.ca/,"Surveying and geomatics firm offering topographic surveys, construction survey, site and grading plans services.","Provides topographic surveys, construction survey, site and grading plans, reference plans services for developers, builders, civil engineers, creating a direct fit for overflow RPAS LiDAR, photogrammetry, topo capture, construction documentation and inspection support.",Topographic surveys; Construction survey,NOT CONFIRMED | NOT CONFIRMED | Email: info@altimap.ca; Phone: 416-990-3001; Website/contact form | https://altimap.ca/,info@altimap.ca,416-990-3001,NOT CONFIRMED,"Offer subcontract aerial LiDAR, photogrammetry, site modelling and field capture support for topographic surveys, construction survey, site and grading plans workloads.",80,100,New,Wave 1 surveyor/geomatics expansion.,2026-07-20
on-wave1-watson-land-surveyors-ltd,Watson Land Surveyors Ltd.,Geomatics,Belleville,Ontario,South Hastings; Prince Edward County,Topographic plans; Construction layout; Condominium plans; Legal boundary surveys,Builders; Municipalities; Developers,https://www.watsonsurveyors.ca/,"Surveying and geomatics firm offering topographic plans, construction layout, condominium plans services.","Provides topographic plans, construction layout, condominium plans, legal boundary surveys services for builders, municipalities, developers, creating a direct fit for overflow RPAS LiDAR, photogrammetry, topo capture, construction documentation and inspection support.",Topographic plans; Construction layout,NOT CONFIRMED | NOT CONFIRMED | Email: info@watsonsurveyors.ca; Phone: 613-962-9521; Website/contact form | https://www.watsonsurveyors.ca/,info@watsonsurveyors.ca,613-962-9521,NOT CONFIRMED,"Offer subcontract aerial LiDAR, photogrammetry, site modelling and field capture support for topographic plans, construction layout, condominium plans workloads.",80,100,New,Wave 1 surveyor/geomatics expansion.,2026-07-20
on-wave1-avant-garde-geomatics,Avant Garde Geomatics,Geomatics,Kingston,Ontario,Eastern Ontario; Northern Ontario,Topographic surveying and mapping; 3D scanning; LiDAR; Drones; Construction and land development,Developers; Commercial clients; Municipalities,https://aggeo.ca/,"Surveying and geomatics firm offering topographic surveying and mapping, 3d scanning, lidar services.","Provides topographic surveying and mapping, 3d scanning, lidar, drones services for developers, commercial clients, municipalities, creating a direct fit for overflow RPAS LiDAR, photogrammetry, topo capture, construction documentation and inspection support.",Topographic surveying and mapping; 3D scanning; LiDAR; Drones; Construction and land development,NOT CONFIRMED | NOT CONFIRMED | Email: info@aggeo.ca; Phone: 613-699-7630; Website/contact form | https://aggeo.ca/,info@aggeo.ca,613-699-7630,NOT CONFIRMED,"Offer subcontract aerial LiDAR, photogrammetry, site modelling and field capture support for topographic surveying and mapping, 3d scanning, lidar workloads.",90,100,New,Wave 1 surveyor/geomatics expansion.,2026-07-20
on-wave1-jaymac-land-surveys-inc,JAYMAC Land Surveys Inc.,Geomatics,Perth,Ontario,Eastern Ontario,Topographic plans; Construction stakeouts; DTM/TIN models for machine control; 3D LiDAR scanning and mapping; GIS data collection,Builders; Construction companies; Infrastructure companies; Municipalities,https://www.jaymaclandsurveys.com/services,"Surveying and geomatics firm offering topographic plans, construction stakeouts, dtm/tin models for machine control services.","Provides topographic plans, construction stakeouts, dtm/tin models for machine control, 3d lidar scanning and mapping services for builders, construction companies, infrastructure companies, creating a direct fit for overflow RPAS LiDAR, photogrammetry, topo capture, construction documentation and inspection support.",Topographic plans; Construction stakeouts; DTM/TIN models for machine control; 3D LiDAR scanning and mapping,NOT CONFIRMED | NOT CONFIRMED | Email: info@jaymaclandsurveys.com; Phone: 613-701-3220; Website/contact form | https://www.jaymaclandsurveys.com/services,info@jaymaclandsurveys.com,613-701-3220,NOT CONFIRMED,"Offer subcontract aerial LiDAR, photogrammetry, site modelling and field capture support for topographic plans, construction stakeouts, dtm/tin models for machine control workloads.",90,100,New,Wave 1 surveyor/geomatics expansion.,2026-07-20
on-wave1-vaughan-land-surveyors,Vaughan Land Surveyors,Geomatics,Colborne,Ontario,Ontario,Topographic surveys; Construction layout; Subdivision planning; GNSS field execution,Developers; Municipalities; Property owners,https://www.vaughansurveys.com/,"Surveying and geomatics firm offering topographic surveys, construction layout, subdivision planning services.","Provides topographic surveys, construction layout, subdivision planning, gnss field execution services for developers, municipalities, property owners, creating a direct fit for overflow RPAS LiDAR, photogrammetry, topo capture, construction documentation and inspection support.",Topographic surveys; Construction layout,NOT CONFIRMED | NOT CONFIRMED | Email: info@vaughansurveys.com; Phone: 416-839-1530; Website/contact form | https://www.vaughansurveys.com/,info@vaughansurveys.com,416-839-1530,NOT CONFIRMED,"Offer subcontract aerial LiDAR, photogrammetry, site modelling and field capture support for topographic surveys, construction layout, subdivision planning workloads.",80,100,New,Wave 1 surveyor/geomatics expansion.,2026-07-20
on-wave1-r-pe-surveying-ltd,R-PE Surveying Ltd.,Geomatics,Woodbridge,Ontario,South-Central Ontario,Construction layout; Topographic surveys; Volume determination; Bathymetric surveys; Geodetic surveys,Land developers; Home builders; Construction companies,https://www.r-pe.ca/,"Surveying and geomatics firm offering construction layout, topographic surveys, volume determination services.","Provides construction layout, topographic surveys, volume determination, bathymetric surveys services for land developers, home builders, construction companies, creating a direct fit for overflow RPAS LiDAR, photogrammetry, topo capture, construction documentation and inspection support.",Construction layout; Topographic surveys; Volume determination,NOT CONFIRMED | NOT CONFIRMED | Email: info@r-pe.ca; Phone: 416-635-5000; Website/contact form | https://www.r-pe.ca/,info@r-pe.ca,416-635-5000,NOT CONFIRMED,"Offer subcontract aerial LiDAR, photogrammetry, site modelling and field capture support for construction layout, topographic surveys, volume determination workloads.",90,100,New,Wave 1 surveyor/geomatics expansion.,2026-07-20
on-wave1-geoplan-surveying-ltd,GEOPLAN Surveying Ltd.,Geomatics,Toronto,Ontario,Greater Toronto Area,Topographic surveys; Construction surveys; Subdivision plans; Cadastral surveys,Engineering firms; Architects; Builders; Development companies,https://geoplansurveying.com/,"Surveying and geomatics firm offering topographic surveys, construction surveys, subdivision plans services.","Provides topographic surveys, construction surveys, subdivision plans, cadastral surveys services for engineering firms, architects, builders, creating a direct fit for overflow RPAS LiDAR, photogrammetry, topo capture, construction documentation and inspection support.",Topographic surveys; Construction surveys,NOT CONFIRMED | NOT CONFIRMED | Email: info@geoplansurveying.com; Phone: 647-479-4649; Website/contact form | https://geoplansurveying.com/,info@geoplansurveying.com,647-479-4649,NOT CONFIRMED,"Offer subcontract aerial LiDAR, photogrammetry, site modelling and field capture support for topographic surveys, construction surveys, subdivision plans workloads.",80,100,New,Wave 1 surveyor/geomatics expansion.,2026-07-20
on-wave1-bishop-geyer-surveying-inc,Bishop Geyer Surveying Inc.,Geomatics,Haliburton,Ontario,Haliburton; North Hastings; Northern Kawartha Lakes,Topographic surveys; Construction and grading; 3-D laser scanning; GPS surveys; As-built surveys,Residential clients; Commercial clients; Industrial clients,https://www.bgsurveys.ca/services,"Surveying and geomatics firm offering topographic surveys, construction and grading, 3-d laser scanning services.","Provides topographic surveys, construction and grading, 3-d laser scanning, gps surveys services for residential clients, commercial clients, industrial clients, creating a direct fit for overflow RPAS LiDAR, photogrammetry, topo capture, construction documentation and inspection support.",Topographic surveys; Construction and grading; As-built surveys,NOT CONFIRMED | NOT CONFIRMED | Email: info@bgsurveys.ca; Phone: 705-457-2811; Website/contact form | https://www.bgsurveys.ca/services,info@bgsurveys.ca,705-457-2811,NOT CONFIRMED,"Offer subcontract aerial LiDAR, photogrammetry, site modelling and field capture support for topographic surveys, construction and grading, 3-d laser scanning workloads.",80,100,New,Wave 1 surveyor/geomatics expansion.,2026-07-20
on-wave1-schultz-barrette-surveying,Schultz Barrette Surveying,Geomatics,Hawkesbury,Ontario,Eastern Ontario,Topographic surveys; GNSS surveys; Terrestrial LiDAR; Drone technology; Construction planning,Residential developers; Commercial developers; Industrial developers,https://sbsurveying1.althosted.com/services/topographic-surveys,"Surveying and geomatics firm offering topographic surveys, gnss surveys, terrestrial lidar services.","Provides topographic surveys, gnss surveys, terrestrial lidar, drone technology services for residential developers, commercial developers, industrial developers, creating a direct fit for overflow RPAS LiDAR, photogrammetry, topo capture, construction documentation and inspection support.",Topographic surveys; Terrestrial LiDAR; Drone technology; Construction planning,NOT CONFIRMED | NOT CONFIRMED | Email: info@sbsurveying.ca; Phone: 613-632-7611; Website/contact form | https://sbsurveying1.althosted.com/services/topographic-surveys,info@sbsurveying.ca,613-632-7611,NOT CONFIRMED,"Offer subcontract aerial LiDAR, photogrammetry, site modelling and field capture support for topographic surveys, gnss surveys, terrestrial lidar workloads.",90,100,New,Wave 1 surveyor/geomatics expansion.,2026-07-20
on-wave1-hjv,HJV,Geomatics,Vaughan,Ontario,Southern Ontario,Topographic surveys; Construction layout; Control surveys; Roof surveys; Government agency surveying,Construction companies; Government agencies; Engineers; Architects,https://www.hjv-ols.ca/,"Surveying and geomatics firm offering topographic surveys, construction layout, control surveys services.","Provides topographic surveys, construction layout, control surveys, roof surveys services for construction companies, government agencies, engineers, creating a direct fit for overflow RPAS LiDAR, photogrammetry, topo capture, construction documentation and inspection support.",Topographic surveys; Construction layout; Control surveys,NOT CONFIRMED | NOT CONFIRMED | Email: hjv@hjv-ols.ca; Phone: 905-660-4000; Website/contact form | https://www.hjv-ols.ca/,hjv@hjv-ols.ca,905-660-4000,NOT CONFIRMED,"Offer subcontract aerial LiDAR, photogrammetry, site modelling and field capture support for topographic surveys, construction layout, control surveys workloads.",80,100,New,Wave 1 surveyor/geomatics expansion.,2026-07-20
on-wave1-better-measures,Better Measures,Geomatics,Flesherton,Ontario,Ontario,Topographic and site plans; Construction layout; Bathymetric survey; Volume calculations; Data preparation,Contractors; Engineering teams; Construction clients,https://bettermeasures.ca/,"Surveying and geomatics firm offering topographic and site plans, construction layout, bathymetric survey services.","Provides topographic and site plans, construction layout, bathymetric survey, volume calculations services for contractors, engineering teams, construction clients, creating a direct fit for overflow RPAS LiDAR, photogrammetry, topo capture, construction documentation and inspection support.",Topographic and site plans; Construction layout; Volume calculations,NOT CONFIRMED | NOT CONFIRMED | Email: bmbetts@everus.ca; Phone: 519-372-5855; Website/contact form | https://bettermeasures.ca/,bmbetts@everus.ca,519-372-5855,NOT CONFIRMED,"Offer subcontract aerial LiDAR, photogrammetry, site modelling and field capture support for topographic and site plans, construction layout, bathymetric survey workloads.",90,85,New,Wave 1 surveyor/geomatics expansion.,2026-07-20
on-wave1-sbm-geomatics,SBM Geomatics,Geomatics,London,Ontario,Southwestern Ontario,Field engineering; Topographical plans; Volume calculations; LiDAR feature extraction; Control networks,Public sector; Private sector; Design teams,https://www.sbmgeomatics.ca/,"Surveying and geomatics firm offering field engineering, topographical plans, volume calculations services.","Provides field engineering, topographical plans, volume calculations, lidar feature extraction services for public sector, private sector, design teams, creating a direct fit for overflow RPAS LiDAR, photogrammetry, topo capture, construction documentation and inspection support.",Topographical plans; Volume calculations; LiDAR feature extraction; Control networks,NOT CONFIRMED | NOT CONFIRMED | Email: info@sbmgeomatics.ca; Phone: 519-914-1134; Website/contact form | https://www.sbmgeomatics.ca/,info@sbmgeomatics.ca,519-914-1134,NOT CONFIRMED,"Offer subcontract aerial LiDAR, photogrammetry, site modelling and field capture support for field engineering, topographical plans, volume calculations workloads.",90,100,New,Wave 1 surveyor/geomatics expansion.,2026-07-20
on-wave1-f-s-surveying-inc,F.S. Surveying Inc.,Geomatics,Mississauga,Ontario,Greater Toronto Area,Engineering surveys; As-built surveys; Topographic surveys; Construction layout; Monitoring surveys,Public sector; Private sector; Industrial clients,https://www.fssurveying.com/about,"Surveying and geomatics firm offering engineering surveys, as-built surveys, topographic surveys services.","Provides engineering surveys, as-built surveys, topographic surveys, construction layout services for public sector, private sector, industrial clients, creating a direct fit for overflow RPAS LiDAR, photogrammetry, topo capture, construction documentation and inspection support.",As-built surveys; Topographic surveys; Construction layout,NOT CONFIRMED | NOT CONFIRMED | Website/contact form | https://www.fssurveying.com/about,NOT CONFIRMED,NOT CONFIRMED,NOT CONFIRMED,"Offer subcontract aerial LiDAR, photogrammetry, site modelling and field capture support for engineering surveys, as-built surveys, topographic surveys workloads.",80,75,New,Wave 1 surveyor/geomatics expansion.,2026-07-20
on-wave1-speight-van-nostrand-gibson-limited,"Speight, van Nostrand & Gibson Limited",Geomatics,Toronto,Ontario,Toronto; Greater Toronto Area,Topographic and engineering surveys; Construction layout; GIS; 3D scanning and modelling; Monitoring and control surveys,Developers; Engineers; Construction clients,https://svng.on.ca/services.html,"Surveying and geomatics firm offering topographic and engineering surveys, construction layout, gis services.","Provides topographic and engineering surveys, construction layout, gis, 3d scanning and modelling services for developers, engineers, construction clients, creating a direct fit for overflow RPAS LiDAR, photogrammetry, topo capture, construction documentation and inspection support.",Topographic and engineering surveys; Construction layout; 3D scanning and modelling; Monitoring and control surveys,NOT CONFIRMED | NOT CONFIRMED | Email: toronto@svng.on.ca; Phone: 416-749-7864; Website/contact form | https://svng.on.ca/services.html,toronto@svng.on.ca,416-749-7864,NOT CONFIRMED,"Offer subcontract aerial LiDAR, photogrammetry, site modelling and field capture support for topographic and engineering surveys, construction layout, gis workloads.",90,100,New,Wave 1 surveyor/geomatics expansion.,2026-07-20
on-wave1-mte-consultants-surveying,MTE Consultants - Surveying,Geomatics,Kitchener,Ontario,Kitchener; London; Burlington; Toronto,Topographical surveys; Construction surveys; Bridge and culvert layout; 3D surface modelling; Volume calculations,Construction contractors; Public sector; Private developers,https://mte85.com/services/surveys/,"Surveying and geomatics firm offering topographical surveys, construction surveys, bridge and culvert layout services.","Provides topographical surveys, construction surveys, bridge and culvert layout, 3d surface modelling services for construction contractors, public sector, private developers, creating a direct fit for overflow RPAS LiDAR, photogrammetry, topo capture, construction documentation and inspection support.",Topographical surveys; Construction surveys; 3D surface modelling; Volume calculations,NOT CONFIRMED | NOT CONFIRMED | Phone: 519-743-6500; Website/contact form | https://mte85.com/services/surveys/,NOT CONFIRMED,519-743-6500,NOT CONFIRMED,"Offer subcontract aerial LiDAR, photogrammetry, site modelling and field capture support for topographical surveys, construction surveys, bridge and culvert layout workloads.",90,90,New,Wave 1 surveyor/geomatics expansion.,2026-07-20
on-wave1-farley-smith-denis-surveying-ltd,"Farley, Smith & Denis Surveying Ltd.",Geomatics,Ottawa,Ontario,Ottawa; Eastern Ontario,Topographic surveys; Construction layout and as-built surveys; Reference plans; Real property reports,Residential clients; Commercial clients; Institutional clients; Government clients,https://fsdsurveys.ca/our-services,"Surveying and geomatics firm offering topographic surveys, construction layout and as-built surveys, reference plans services.","Provides topographic surveys, construction layout and as-built surveys, reference plans, real property reports services for residential clients, commercial clients, institutional clients, creating a direct fit for overflow RPAS LiDAR, photogrammetry, topo capture, construction documentation and inspection support.",Topographic surveys; Construction layout and as-built surveys,NOT CONFIRMED | NOT CONFIRMED | Email: info@fsdsurveys.ca; Phone: 613-727-8226; Website/contact form | https://fsdsurveys.ca/our-services,info@fsdsurveys.ca,613-727-8226,NOT CONFIRMED,"Offer subcontract aerial LiDAR, photogrammetry, site modelling and field capture support for topographic surveys, construction layout and as-built surveys, reference plans workloads.",80,100,New,Wave 1 surveyor/geomatics expansion.,2026-07-20
on-wave1-protect-your-boundaries-inc,Protect Your Boundaries Inc.,Geomatics,Mississauga,Ontario,Greater Toronto Area,Topographic surveys; Existing conditions surveys; Construction layout; As-constructed surveys; Commercial property surveys,Commercial property owners; Developers; Legal and real estate professionals,https://www.protectyourboundaries.ca/commercial-property-survey.html,"Surveying and geomatics firm offering topographic surveys, existing conditions surveys, construction layout services.","Provides topographic surveys, existing conditions surveys, construction layout, as-constructed surveys services for commercial property owners, developers, legal and real estate professionals, creating a direct fit for overflow RPAS LiDAR, photogrammetry, topo capture, construction documentation and inspection support.",Topographic surveys; Construction layout,NOT CONFIRMED | NOT CONFIRMED | Email: info@ProtectYourBoundaries.ca; Phone: 877-392-2662; Website/contact form | https://www.protectyourboundaries.ca/commercial-property-survey.html,info@ProtectYourBoundaries.ca,877-392-2662,NOT CONFIRMED,"Offer subcontract aerial LiDAR, photogrammetry, site modelling and field capture support for topographic surveys, existing conditions surveys, construction layout workloads.",80,100,New,Wave 1 surveyor/geomatics expansion.,2026-07-20
on-wave1-promap-surveying,ProMap Surveying,Geomatics,Richmond Hill,Ontario,Greater Toronto Area,Topographic surveys; Construction layout; Site and grading plans; 3D laser scanning; Monitoring,Property owners; Builders; Developers,https://promapsurveying.com/,"Surveying and geomatics firm offering topographic surveys, construction layout, site and grading plans services.","Provides topographic surveys, construction layout, site and grading plans, 3d laser scanning services for property owners, builders, developers, creating a direct fit for overflow RPAS LiDAR, photogrammetry, topo capture, construction documentation and inspection support.",Topographic surveys; Construction layout; 3D laser scanning,NOT CONFIRMED | NOT CONFIRMED | Phone: 289-637-7775; Website/contact form | https://promapsurveying.com/,NOT CONFIRMED,289-637-7775,NOT CONFIRMED,"Offer subcontract aerial LiDAR, photogrammetry, site modelling and field capture support for topographic surveys, construction layout, site and grading plans workloads.",90,85,New,Wave 1 surveyor/geomatics expansion.,2026-07-20
on-wave1-geosolutions-surveying-engineering,GeoSolutions Surveying & Engineering,Geomatics,Whitby,Ontario,Greater Toronto Area; Durham Region,Topographic surveys; Construction layout; Drone mapping; LiDAR; As-built surveys,Engineers; Architects; Contractors; Developers,https://www.geosolutionsurveying.com/,"Surveying and geomatics firm offering topographic surveys, construction layout, drone mapping services.","Provides topographic surveys, construction layout, drone mapping, lidar services for engineers, architects, contractors, creating a direct fit for overflow RPAS LiDAR, photogrammetry, topo capture, construction documentation and inspection support.",Topographic surveys; Construction layout; Drone mapping; LiDAR; As-built surveys,NOT CONFIRMED | NOT CONFIRMED | Email: info@geosolutionsurveying.com; Phone: 905-429-0310; Website/contact form | https://www.geosolutionsurveying.com/,info@geosolutionsurveying.com,905-429-0310,NOT CONFIRMED,"Offer subcontract aerial LiDAR, photogrammetry, site modelling and field capture support for topographic surveys, construction layout, drone mapping workloads.",90,100,New,Wave 1 surveyor/geomatics expansion.,2026-07-20
on-wave1-grad-surveying,Grad Surveying,Geomatics,Toronto,Ontario,Greater Toronto Area,Topographical surveys; Construction layout surveys; As-built surveys; Geodetic control surveys; Volume calculations,Developers; Builders; Property owners,https://www.gradsurveying.ca/,"Surveying and geomatics firm offering topographical surveys, construction layout surveys, as-built surveys services.","Provides topographical surveys, construction layout surveys, as-built surveys, geodetic control surveys services for developers, builders, property owners, creating a direct fit for overflow RPAS LiDAR, photogrammetry, topo capture, construction documentation and inspection support.",Topographical surveys; Construction layout surveys; As-built surveys; Geodetic control surveys; Volume calculations,NOT CONFIRMED | NOT CONFIRMED | Email: info@gradsurveying.ca; Phone: 647-518-1362; Website/contact form | https://www.gradsurveying.ca/,info@gradsurveying.ca,647-518-1362,NOT CONFIRMED,"Offer subcontract aerial LiDAR, photogrammetry, site modelling and field capture support for topographical surveys, construction layout surveys, as-built surveys workloads.",90,100,New,Wave 1 surveyor/geomatics expansion.,2026-07-20
on-wave1-paya-surveying,Paya Surveying,Geomatics,Markham,Ontario,Greater Toronto Area,Construction layout; Topographic mapping; Drone/UAV surveying; LiDAR mapping; 3D scanning,Engineers; Builders; Architects; Developers,https://payasurveying.ca/,"Surveying and geomatics firm offering construction layout, topographic mapping, drone/uav surveying services.","Provides construction layout, topographic mapping, drone/uav surveying, lidar mapping services for engineers, builders, architects, creating a direct fit for overflow RPAS LiDAR, photogrammetry, topo capture, construction documentation and inspection support.",Construction layout; Topographic mapping; Drone/UAV surveying; LiDAR mapping; 3D scanning,NOT CONFIRMED | NOT CONFIRMED | Email: info@payasurveying.ca; Phone: 289-906-4449; Website/contact form | https://payasurveying.ca/,info@payasurveying.ca,289-906-4449,NOT CONFIRMED,"Offer subcontract aerial LiDAR, photogrammetry, site modelling and field capture support for construction layout, topographic mapping, drone/uav surveying workloads.",90,100,New,Wave 1 surveyor/geomatics expansion.,2026-07-20
on-wave1-topotec-inc,Topotec Inc.,Geomatics,Toronto,Ontario,Greater Toronto Area,Topographic and engineering surveys; Construction surveying; As-built surveys; LiDAR surveys; Drone photogrammetry,Property owners; Developers; Contractors,https://www.topotec.ca/,"Surveying and geomatics firm offering topographic and engineering surveys, construction surveying, as-built surveys services.","Provides topographic and engineering surveys, construction surveying, as-built surveys, lidar surveys services for property owners, developers, contractors, creating a direct fit for overflow RPAS LiDAR, photogrammetry, topo capture, construction documentation and inspection support.",Topographic and engineering surveys; Construction surveying; As-built surveys; LiDAR surveys; Drone photogrammetry,NOT CONFIRMED | NOT CONFIRMED | Website/contact form | https://www.topotec.ca/,NOT CONFIRMED,NOT CONFIRMED,NOT CONFIRMED,"Offer subcontract aerial LiDAR, photogrammetry, site modelling and field capture support for topographic and engineering surveys, construction surveying, as-built surveys workloads.",90,75,New,Wave 1 surveyor/geomatics expansion.,2026-07-20
on-wave1-pelto-consulting,Pelto Consulting,Geomatics,Lively,Ontario,Northern Ontario; Canada,Industrial survey services; LiDAR scanning; 3D mapping; UAV drone surveys; Volumetric calculations,Industrial clients; Mining companies; Construction clients; Engineering firms,https://pelto.ca/,"Surveying and geomatics firm offering industrial survey services, lidar scanning, 3d mapping services.","Provides industrial survey services, lidar scanning, 3d mapping, uav drone surveys services for industrial clients, mining companies, construction clients, creating a direct fit for overflow RPAS LiDAR, photogrammetry, topo capture, construction documentation and inspection support.",LiDAR scanning; 3D mapping; UAV drone surveys; Volumetric calculations,NOT CONFIRMED | NOT CONFIRMED | Email: keith@pelto.ca; Phone: 705-929-2295; Website/contact form | https://pelto.ca/,keith@pelto.ca,705-929-2295,NOT CONFIRMED,"Offer subcontract aerial LiDAR, photogrammetry, site modelling and field capture support for industrial survey services, lidar scanning, 3d mapping workloads.",90,100,New,Wave 1 surveyor/geomatics expansion.,2026-07-20
on-wave1-stratus-aerial-geomatics,Stratus Aerial Geomatics,Geomatics,Vaughan,Ontario,Greater Toronto Area; Ontario,Drone mapping; LiDAR survey; Topographic surveys; Machine control files; GPS data preparation,Construction teams; Engineering teams; Earthworks contractors,https://stratusgeomatics.ca/,"Surveying and geomatics firm offering drone mapping, lidar survey, topographic surveys services.","Provides drone mapping, lidar survey, topographic surveys, machine control files services for construction teams, engineering teams, earthworks contractors, creating a direct fit for overflow RPAS LiDAR, photogrammetry, topo capture, construction documentation and inspection support.",Drone mapping; LiDAR survey; Topographic surveys; Machine control files,NOT CONFIRMED | NOT CONFIRMED | Website/contact form | https://stratusgeomatics.ca/,NOT CONFIRMED,NOT CONFIRMED,NOT CONFIRMED,"Offer subcontract aerial LiDAR, photogrammetry, site modelling and field capture support for drone mapping, lidar survey, topographic surveys workloads.",90,75,New,Wave 1 surveyor/geomatics expansion.,2026-07-20
on-wave1-ontario-drone-survey,Ontario Drone Survey,Geomatics,Etobicoke,Ontario,Ontario,Drone surveying; Topographic mapping; Volumetric calculations; Thermal roof inspections; 3D renders,Construction clients; Agriculture clients; Industrial roofing clients,https://ontariodronesurvey.ca/,"Surveying and geomatics firm offering drone surveying, topographic mapping, volumetric calculations services.","Provides drone surveying, topographic mapping, volumetric calculations, thermal roof inspections services for construction clients, agriculture clients, industrial roofing clients, creating a direct fit for overflow RPAS LiDAR, photogrammetry, topo capture, construction documentation and inspection support.",Drone surveying; Topographic mapping; Volumetric calculations; 3D renders,NOT CONFIRMED | NOT CONFIRMED | Email: ontariodronesurvey@gmail.com; Phone: 705-816-5352; Website/contact form | https://ontariodronesurvey.ca/,ontariodronesurvey@gmail.com,705-816-5352,NOT CONFIRMED,"Offer subcontract aerial LiDAR, photogrammetry, site modelling and field capture support for drone surveying, topographic mapping, volumetric calculations workloads.",90,100,New,Wave 1 surveyor/geomatics expansion.,2026-07-20
on-wave1-elev8-visions,Elev8 Visions,Geomatics,Ontario,Ontario,Ontario,Drone survey services; Topographic surveys; Aerial LiDAR surveys; Volumetric calculations; Orthomosaics,Construction clients; Aggregates; Earthworks clients,https://www.elev8visions.com/drone-survey-services,"Surveying and geomatics firm offering drone survey services, topographic surveys, aerial lidar surveys services.","Provides drone survey services, topographic surveys, aerial lidar surveys, volumetric calculations services for construction clients, aggregates, earthworks clients, creating a direct fit for overflow RPAS LiDAR, photogrammetry, topo capture, construction documentation and inspection support.",Drone survey services; Topographic surveys; Aerial LiDAR surveys; Volumetric calculations,NOT CONFIRMED | NOT CONFIRMED | Website/contact form | https://www.elev8visions.com/drone-survey-services,NOT CONFIRMED,NOT CONFIRMED,NOT CONFIRMED,"Offer subcontract aerial LiDAR, photogrammetry, site modelling and field capture support for drone survey services, topographic surveys, aerial lidar surveys workloads.",90,75,New,Wave 1 surveyor/geomatics expansion.,2026-07-20
on-wave1-fairhall-moffatt-woodland-limited,"Fairhall, Moffatt & Woodland Limited",Geomatics,Ottawa,Ontario,Ottawa; Eastern Ontario,Land surveying; Topographic surveys; Construction layout; Reference plans,Developers; Engineers; Municipal clients,https://www.fmw.on.ca,"Surveying and geomatics firm offering land surveying, topographic surveys, construction layout services.","Provides land surveying, topographic surveys, construction layout, reference plans services for developers, engineers, municipal clients, creating a direct fit for overflow RPAS LiDAR, photogrammetry, topo capture, construction documentation and inspection support.",Topographic surveys; Construction layout,NOT CONFIRMED | NOT CONFIRMED | Website/contact form | https://www.fmw.on.ca,NOT CONFIRMED,NOT CONFIRMED,NOT CONFIRMED,"Offer subcontract aerial LiDAR, photogrammetry, site modelling and field capture support for land surveying, topographic surveys, construction layout workloads.",80,70,New,Wave 1 surveyor/geomatics expansion.,2026-07-20
on-wave1-ivan-b-wallace-ols-ltd,Ivan B Wallace OLS Ltd.,Geomatics,Bowmanville,Ontario,Durham Region; Ontario,Land surveying; Topographic surveys; Construction layout; Reference plans,Developers; Builders; Municipal clients,https://www.ibwsurveyors.com,"Surveying and geomatics firm offering land surveying, topographic surveys, construction layout services.","Provides land surveying, topographic surveys, construction layout, reference plans services for developers, builders, municipal clients, creating a direct fit for overflow RPAS LiDAR, photogrammetry, topo capture, construction documentation and inspection support.",Topographic surveys; Construction layout,NOT CONFIRMED | NOT CONFIRMED | Website/contact form | https://www.ibwsurveyors.com,NOT CONFIRMED,NOT CONFIRMED,NOT CONFIRMED,"Offer subcontract aerial LiDAR, photogrammetry, site modelling and field capture support for land surveying, topographic surveys, construction layout workloads.",80,70,New,Wave 1 surveyor/geomatics expansion.,2026-07-20
on-wave1-mackay-mackay-peters-limited,MacKay MacKay & Peters Limited,Geomatics,Burlington,Ontario,Halton; Greater Toronto Area,Land surveying; Topographic surveys; Construction layout; Reference plans,Developers; Builders; Engineers,https://www.mmplimited.com,"Surveying and geomatics firm offering land surveying, topographic surveys, construction layout services.","Provides land surveying, topographic surveys, construction layout, reference plans services for developers, builders, engineers, creating a direct fit for overflow RPAS LiDAR, photogrammetry, topo capture, construction documentation and inspection support.",Topographic surveys; Construction layout,NOT CONFIRMED | NOT CONFIRMED | Website/contact form | https://www.mmplimited.com,NOT CONFIRMED,NOT CONFIRMED,NOT CONFIRMED,"Offer subcontract aerial LiDAR, photogrammetry, site modelling and field capture support for land surveying, topographic surveys, construction layout workloads.",80,70,New,Wave 1 surveyor/geomatics expansion.,2026-07-20
on-wave1-rivacore,RivaCore,Geomatics,Brampton,Ontario,Greater Toronto Area,Land surveying; Geomatics; Mapping; Site data services,Construction clients; Engineering teams; Infrastructure owners,https://www.rivacore.com,"Surveying and geomatics firm offering land surveying, geomatics, mapping services.","Provides land surveying, geomatics, mapping, site data services services for construction clients, engineering teams, infrastructure owners, creating a direct fit for overflow RPAS LiDAR, photogrammetry, topo capture, construction documentation and inspection support.",Mapping,NOT CONFIRMED | NOT CONFIRMED | Website/contact form | https://www.rivacore.com,NOT CONFIRMED,NOT CONFIRMED,NOT CONFIRMED,"Offer subcontract aerial LiDAR, photogrammetry, site modelling and field capture support for land surveying, geomatics, mapping workloads.",80,70,New,Wave 1 surveyor/geomatics expansion.,2026-07-20
on-wave1-surveyors-on-site-inc,Surveyors On Site Inc.,Geomatics,Windsor,Ontario,Windsor; Southwestern Ontario,Land surveying; Construction layout; Topographic surveys; Site survey support,Builders; Developers; Construction clients,http://www.surveyorsonsite.com,"Surveying and geomatics firm offering land surveying, construction layout, topographic surveys services.","Provides land surveying, construction layout, topographic surveys, site survey support services for builders, developers, construction clients, creating a direct fit for overflow RPAS LiDAR, photogrammetry, topo capture, construction documentation and inspection support.",Construction layout; Topographic surveys,NOT CONFIRMED | NOT CONFIRMED | Website/contact form | http://www.surveyorsonsite.com,NOT CONFIRMED,NOT CONFIRMED,NOT CONFIRMED,"Offer subcontract aerial LiDAR, photogrammetry, site modelling and field capture support for land surveying, construction layout, topographic surveys workloads.",80,70,New,Wave 1 surveyor/geomatics expansion.,2026-07-20
on-wave1-van-harten-surveying-inc,Van Harten Surveying Inc.,Geomatics,Guelph,Ontario,Guelph; Waterloo Region; Wellington County,Land surveying; Topographic surveys; Construction layout; Survey records,Developers; Builders; Municipal clients,https://www.vanharten.com,"Surveying and geomatics firm offering land surveying, topographic surveys, construction layout services.","Provides land surveying, topographic surveys, construction layout, survey records services for developers, builders, municipal clients, creating a direct fit for overflow RPAS LiDAR, photogrammetry, topo capture, construction documentation and inspection support.",Topographic surveys; Construction layout,NOT CONFIRMED | NOT CONFIRMED | Website/contact form | https://www.vanharten.com,NOT CONFIRMED,NOT CONFIRMED,NOT CONFIRMED,"Offer subcontract aerial LiDAR, photogrammetry, site modelling and field capture support for land surveying, topographic surveys, construction layout workloads.",80,70,New,Wave 1 surveyor/geomatics expansion.,2026-07-20
on-wave1-j-d-barnes-limited,J.D. Barnes Limited,Geomatics,Markham,Ontario,Ontario; Canada,Land surveying; Aerial mapping; GIS; Construction layout; Topographic surveys,Developers; Municipal clients; Infrastructure owners,https://www.jdbarnes.com,"Surveying and geomatics firm offering land surveying, aerial mapping, gis services.","Provides land surveying, aerial mapping, gis, construction layout services for developers, municipal clients, infrastructure owners, creating a direct fit for overflow RPAS LiDAR, photogrammetry, topo capture, construction documentation and inspection support.",Aerial mapping; Construction layout; Topographic surveys,NOT CONFIRMED | NOT CONFIRMED | Website/contact form | https://www.jdbarnes.com,NOT CONFIRMED,NOT CONFIRMED,NOT CONFIRMED,"Offer subcontract aerial LiDAR, photogrammetry, site modelling and field capture support for land surveying, aerial mapping, gis workloads.",80,70,New,Wave 1 surveyor/geomatics expansion.,2026-07-20
on-wave1-a-t-mclaren-limited,A.T. McLaren Limited,Geomatics,Toronto,Ontario,Greater Toronto Area,Ontario land surveying; Topographic surveys; Construction layout; Reference plans,Developers; Builders; Engineers,https://www.atmclaren.com,"Surveying and geomatics firm offering ontario land surveying, topographic surveys, construction layout services.","Provides ontario land surveying, topographic surveys, construction layout, reference plans services for developers, builders, engineers, creating a direct fit for overflow RPAS LiDAR, photogrammetry, topo capture, construction documentation and inspection support.",Topographic surveys; Construction layout,NOT CONFIRMED | NOT CONFIRMED | Website/contact form | https://www.atmclaren.com,NOT CONFIRMED,NOT CONFIRMED,NOT CONFIRMED,"Offer subcontract aerial LiDAR, photogrammetry, site modelling and field capture support for ontario land surveying, topographic surveys, construction layout workloads.",80,70,New,Wave 1 surveyor/geomatics expansion.,2026-07-20
on-wave1-callon-dietz-inc,Callon Dietz Inc.,Geomatics,London,Ontario,Ontario,Land surveying; Geomatics; Topographic surveys; Construction layout,Developers; Public sector; Private sector,https://callondietz.com,"Surveying and geomatics firm offering land surveying, geomatics, topographic surveys services.","Provides land surveying, geomatics, topographic surveys, construction layout services for developers, public sector, private sector, creating a direct fit for overflow RPAS LiDAR, photogrammetry, topo capture, construction documentation and inspection support.",Topographic surveys; Construction layout,NOT CONFIRMED | NOT CONFIRMED | Website/contact form | https://callondietz.com,NOT CONFIRMED,NOT CONFIRMED,NOT CONFIRMED,"Offer subcontract aerial LiDAR, photogrammetry, site modelling and field capture support for land surveying, geomatics, topographic surveys workloads.",80,70,New,Wave 1 surveyor/geomatics expansion.,2026-07-20
on-wave1-coote-hiley-jemmett-limited,Coote Hiley Jemmett Limited,Geomatics,Toronto,Ontario,Greater Toronto Area,Land surveying; Topographic surveys; Construction layout; Reference plans,Developers; Engineers; Legal professionals,https://www.chjsurveyors.com,"Surveying and geomatics firm offering land surveying, topographic surveys, construction layout services.","Provides land surveying, topographic surveys, construction layout, reference plans services for developers, engineers, legal professionals, creating a direct fit for overflow RPAS LiDAR, photogrammetry, topo capture, construction documentation and inspection support.",Topographic surveys; Construction layout,NOT CONFIRMED | NOT CONFIRMED | Website/contact form | https://www.chjsurveyors.com,NOT CONFIRMED,NOT CONFIRMED,NOT CONFIRMED,"Offer subcontract aerial LiDAR, photogrammetry, site modelling and field capture support for land surveying, topographic surveys, construction layout workloads.",80,70,New,Wave 1 surveyor/geomatics expansion.,2026-07-20
on-wave1-krcmar-surveyors-ltd,Krcmar Surveyors Ltd.,Geomatics,Thornhill,Ontario,Greater Toronto Area,Construction surveying; Land surveying; Topographic surveys; 3D laser scanning; Control surveys,Construction clients; Developers; Engineers,https://www.krcmar.ca,"Surveying and geomatics firm offering construction surveying, land surveying, topographic surveys services.","Provides construction surveying, land surveying, topographic surveys, 3d laser scanning services for construction clients, developers, engineers, creating a direct fit for overflow RPAS LiDAR, photogrammetry, topo capture, construction documentation and inspection support.",Construction surveying; Topographic surveys; 3D laser scanning; Control surveys,NOT CONFIRMED | NOT CONFIRMED | Email: info@krcmar.ca; Phone: 905-738-0053; Website/contact form | https://www.krcmar.ca,info@krcmar.ca,905-738-0053,NOT CONFIRMED,"Offer subcontract aerial LiDAR, photogrammetry, site modelling and field capture support for construction surveying, land surveying, topographic surveys workloads.",90,100,New,Wave 1 surveyor/geomatics expansion.,2026-07-20
on-wave1-alex-marton-ltd,Alex Marton Ltd.,Geomatics,Concord,Ontario,Greater Toronto Area,Topographic surveys; Construction layout surveys; Volume calculations; GPS surveys; 3D LiDAR scanning,Government agencies; Builders; Engineers; Architects,http://www.amsurveying.ca,"Surveying and geomatics firm offering topographic surveys, construction layout surveys, volume calculations services.","Provides topographic surveys, construction layout surveys, volume calculations, gps surveys services for government agencies, builders, engineers, creating a direct fit for overflow RPAS LiDAR, photogrammetry, topo capture, construction documentation and inspection support.",Topographic surveys; Construction layout surveys; Volume calculations; 3D LiDAR scanning,NOT CONFIRMED | NOT CONFIRMED | Email: alex@amsurveying.ca; Phone: 905-879-9889; Website/contact form | http://www.amsurveying.ca,alex@amsurveying.ca,905-879-9889,NOT CONFIRMED,"Offer subcontract aerial LiDAR, photogrammetry, site modelling and field capture support for topographic surveys, construction layout surveys, volume calculations workloads.",90,100,New,Wave 1 surveyor/geomatics expansion.,2026-07-20
on-wave1-tarasick-mcmillan-kubicki-limited,Tarasick McMillan Kubicki Limited,Geomatics,Mississauga,Ontario,Mississauga; Greater Toronto and Hamilton Area,Topographical plans; Site grading plans; Control surveying; Construction layout; Volume calculations,Developers; Builders; Engineers,http://www.tmksurveyors.com,"Surveying and geomatics firm offering topographical plans, site grading plans, control surveying services.","Provides topographical plans, site grading plans, control surveying, construction layout services for developers, builders, engineers, creating a direct fit for overflow RPAS LiDAR, photogrammetry, topo capture, construction documentation and inspection support.",Topographical plans; Control surveying; Construction layout; Volume calculations,NOT CONFIRMED | NOT CONFIRMED | Website/contact form | http://www.tmksurveyors.com,NOT CONFIRMED,NOT CONFIRMED,NOT CONFIRMED,"Offer subcontract aerial LiDAR, photogrammetry, site modelling and field capture support for topographical plans, site grading plans, control surveying workloads.",90,70,New,Wave 1 surveyor/geomatics expansion.,2026-07-20
on-wave1-lejan-land-surveying-inc,Lejan Land Surveying Inc.,Geomatics,Hamilton,Ontario,Hamilton; Burlington; Oakville; Greater Toronto Area,Engineering surveys; Topographic surveys; Construction layout; DTM; Volume calculations,Developers; Builders; Engineering clients,https://www.lejansurveying.ca/,"Surveying and geomatics firm offering engineering surveys, topographic surveys, construction layout services.","Provides engineering surveys, topographic surveys, construction layout, dtm services for developers, builders, engineering clients, creating a direct fit for overflow RPAS LiDAR, photogrammetry, topo capture, construction documentation and inspection support.",Topographic surveys; Construction layout; Volume calculations,NOT CONFIRMED | NOT CONFIRMED | Phone: 905-643-6131; Website/contact form | https://www.lejansurveying.ca/,NOT CONFIRMED,905-643-6131,NOT CONFIRMED,"Offer subcontract aerial LiDAR, photogrammetry, site modelling and field capture support for engineering surveys, topographic surveys, construction layout workloads.",90,90,New,Wave 1 surveyor/geomatics expansion.,2026-07-20
on-wave1-hopkins-chitty-land-surveyors-inc,Hopkins Chitty Land Surveyors Inc.,Geomatics,Kingston,Ontario,Kingston; Brockville; Eastern Ontario,Topographic surveys; Construction layout; Robotic total station surveys; GPS surveys; Digital land survey information,Builders; Architects; Engineers; Municipalities,https://www.hopkinschitty.com/,"Surveying and geomatics firm offering topographic surveys, construction layout, robotic total station surveys services.","Provides topographic surveys, construction layout, robotic total station surveys, gps surveys services for builders, architects, engineers, creating a direct fit for overflow RPAS LiDAR, photogrammetry, topo capture, construction documentation and inspection support.",Topographic surveys; Construction layout,NOT CONFIRMED | NOT CONFIRMED | Email: info@hopkinschitty.com; Phone: 613-384-9266; Website/contact form | https://www.hopkinschitty.com/,info@hopkinschitty.com,613-384-9266,NOT CONFIRMED,"Offer subcontract aerial LiDAR, photogrammetry, site modelling and field capture support for topographic surveys, construction layout, robotic total station surveys workloads.",80,100,New,Wave 1 surveyor/geomatics expansion.,2026-07-20
on-wave1-kerr-potvin-inc,Kerr & Potvin Inc.,Geomatics,Carleton Place,Ontario,Eastern Ontario,Topographic and site detail surveys; Culvert and bridge surveys; Hydrographic surveys; Public works surveys,Municipalities; Public works departments; Property owners,https://www.kpsurveyors.com/municipalities,"Surveying and geomatics firm offering topographic and site detail surveys, culvert and bridge surveys, hydrographic surveys services.","Provides topographic and site detail surveys, culvert and bridge surveys, hydrographic surveys, public works surveys services for municipalities, public works departments, property owners, creating a direct fit for overflow RPAS LiDAR, photogrammetry, topo capture, construction documentation and inspection support.",Topographic and site detail surveys,NOT CONFIRMED | NOT CONFIRMED | Email: info@kpsurveyors.com; Phone: 613-412-4222; Website/contact form | https://www.kpsurveyors.com/municipalities,info@kpsurveyors.com,613-412-4222,NOT CONFIRMED,"Offer subcontract aerial LiDAR, photogrammetry, site modelling and field capture support for topographic and site detail surveys, culvert and bridge surveys, hydrographic surveys workloads.",80,100,New,Wave 1 surveyor/geomatics expansion.,2026-07-20
on-wave1-becker-starcevic-ltd,Becker & Starcevic Ltd.,Geomatics,Ontario,Ontario,Ontario,Boundary surveys; Topographic surveys; Construction staking; Grading plans; Reference plans,Property owners; Construction professionals; Developers,https://becker-starcevic.ca/resources-and-faq,"Surveying and geomatics firm offering boundary surveys, topographic surveys, construction staking services.","Provides boundary surveys, topographic surveys, construction staking, grading plans services for property owners, construction professionals, developers, creating a direct fit for overflow RPAS LiDAR, photogrammetry, topo capture, construction documentation and inspection support.",Topographic surveys; Construction staking,NOT CONFIRMED | NOT CONFIRMED | Email: info@becker-starcevic.ca; Website/contact form | https://becker-starcevic.ca/resources-and-faq,info@becker-starcevic.ca,NOT CONFIRMED,NOT CONFIRMED,"Offer subcontract aerial LiDAR, photogrammetry, site modelling and field capture support for boundary surveys, topographic surveys, construction staking workloads.",80,85,New,Wave 1 surveyor/geomatics expansion.,2026-07-20
on-wave1-rouse-surveyors-inc,Rouse Surveyors Inc.,Geomatics,Toronto,Ontario,Greater Toronto Area; Ontario,Construction layout; Rail and transit surveys; 3D laser scanning; Monitoring surveys; Drone surveying,Contractors; Engineers; Developers; Municipalities,http://www.rousesurveyors.com,"Surveying and geomatics firm offering construction layout, rail and transit surveys, 3d laser scanning services.","Provides construction layout, rail and transit surveys, 3d laser scanning, monitoring surveys services for contractors, engineers, developers, creating a direct fit for overflow RPAS LiDAR, photogrammetry, topo capture, construction documentation and inspection support.",Construction layout; 3D laser scanning; Drone surveying,NOT CONFIRMED | NOT CONFIRMED | Email: info@rousesurveyors.com; Website/contact form | http://www.rousesurveyors.com,info@rousesurveyors.com,NOT CONFIRMED,NOT CONFIRMED,"Offer subcontract aerial LiDAR, photogrammetry, site modelling and field capture support for construction layout, rail and transit surveys, 3d laser scanning workloads.",90,85,New,Wave 1 surveyor/geomatics expansion.,2026-07-20
on-wave1-young-young-surveying,Young & Young Surveying,Geomatics,Toronto,Ontario,Greater Toronto Area,Land surveying; Topographic surveys; Construction layout; Reference plans,Developers; Builders; Engineers,https://www.youngandyoungsurveying.com,"Surveying and geomatics firm offering land surveying, topographic surveys, construction layout services.","Provides land surveying, topographic surveys, construction layout, reference plans services for developers, builders, engineers, creating a direct fit for overflow RPAS LiDAR, photogrammetry, topo capture, construction documentation and inspection support.",Topographic surveys; Construction layout,NOT CONFIRMED | NOT CONFIRMED | Website/contact form | https://www.youngandyoungsurveying.com,NOT CONFIRMED,NOT CONFIRMED,NOT CONFIRMED,"Offer subcontract aerial LiDAR, photogrammetry, site modelling and field capture support for land surveying, topographic surveys, construction layout workloads.",80,65,New,Wave 1 surveyor/geomatics expansion.,2026-07-20
on-wave1-avanti-surveying-inc,Avanti Surveying Inc.,Geomatics,Toronto,Ontario,Greater Toronto Area,Land surveying; Construction surveying; Topographic surveys; Site plans,Developers; Builders; Construction clients,https://www.avantisurveying.com,"Surveying and geomatics firm offering land surveying, construction surveying, topographic surveys services.","Provides land surveying, construction surveying, topographic surveys, site plans services for developers, builders, construction clients, creating a direct fit for overflow RPAS LiDAR, photogrammetry, topo capture, construction documentation and inspection support.",Construction surveying; Topographic surveys,NOT CONFIRMED | NOT CONFIRMED | Website/contact form | https://www.avantisurveying.com,NOT CONFIRMED,NOT CONFIRMED,NOT CONFIRMED,"Offer subcontract aerial LiDAR, photogrammetry, site modelling and field capture support for land surveying, construction surveying, topographic surveys workloads.",80,65,New,Wave 1 surveyor/geomatics expansion.,2026-07-20
on-wave1-y-zhang-surveying-limited,Y. Zhang Surveying Limited,Geomatics,Mississauga,Ontario,Greater Toronto Area,Land surveying; Topographic surveys; Construction layout; Reference plans,Developers; Builders; Property owners,https://www.yzhangsurveying.com,"Surveying and geomatics firm offering land surveying, topographic surveys, construction layout services.","Provides land surveying, topographic surveys, construction layout, reference plans services for developers, builders, property owners, creating a direct fit for overflow RPAS LiDAR, photogrammetry, topo capture, construction documentation and inspection support.",Topographic surveys; Construction layout,NOT CONFIRMED | NOT CONFIRMED | Website/contact form | https://www.yzhangsurveying.com,NOT CONFIRMED,NOT CONFIRMED,NOT CONFIRMED,"Offer subcontract aerial LiDAR, photogrammetry, site modelling and field capture support for land surveying, topographic surveys, construction layout workloads.",80,65,New,Wave 1 surveyor/geomatics expansion.,2026-07-20
on-wave1-monument-urso-surveying-ltd,Monument-Urso Surveying Ltd.,Geomatics,Ottawa,Ontario,Ottawa; Sault Ste. Marie,Topographic surveys; Construction surveys; Legal boundary surveys; Property surveys,Property owners; Construction clients; Developers,https://www.monument-urso.ca/faqs,"Surveying and geomatics firm offering topographic surveys, construction surveys, legal boundary surveys services.","Provides topographic surveys, construction surveys, legal boundary surveys, property surveys services for property owners, construction clients, developers, creating a direct fit for overflow RPAS LiDAR, photogrammetry, topo capture, construction documentation and inspection support.",Topographic surveys; Construction surveys,NOT CONFIRMED | NOT CONFIRMED | Email: info@monument-urso.ca; Phone: 613-800-1583; Website/contact form | https://www.monument-urso.ca/faqs,info@monument-urso.ca,613-800-1583,NOT CONFIRMED,"Offer subcontract aerial LiDAR, photogrammetry, site modelling and field capture support for topographic surveys, construction surveys, legal boundary surveys workloads.",80,100,New,Wave 1 surveyor/geomatics expansion.,2026-07-20
on-wave1-groundpulse,GroundPulse,Geomatics,Ontario,Ontario,Ontario,Topographic site surveys; Construction layout and staking; Legal survey coordination; Utility locating integration,Contractors; Excavators; Developers; Infrastructure owners,https://groundpulse.ca/capabilities,"Surveying and geomatics firm offering topographic site surveys, construction layout and staking, legal survey coordination services.","Provides topographic site surveys, construction layout and staking, legal survey coordination, utility locating integration services for contractors, excavators, developers, creating a direct fit for overflow RPAS LiDAR, photogrammetry, topo capture, construction documentation and inspection support.",Topographic site surveys; Construction layout and staking,NOT CONFIRMED | NOT CONFIRMED | Phone: 519-902-5428; Website/contact form | https://groundpulse.ca/capabilities,NOT CONFIRMED,519-902-5428,NOT CONFIRMED,"Offer subcontract aerial LiDAR, photogrammetry, site modelling and field capture support for topographic site surveys, construction layout and staking, legal survey coordination workloads.",80,75,New,Wave 1 surveyor/geomatics expansion.,2026-07-20
on-wave1-geoverra,GeoVerra,Geomatics,Ontario,Ontario,Ontario; Canada,Geomatics; Surveying; LiDAR; Mapping; Construction survey support,Infrastructure owners; Energy clients; Construction clients,https://www.geoverra.com,"Surveying and geomatics firm offering geomatics, surveying, lidar services.","Provides geomatics, surveying, lidar, mapping services for infrastructure owners, energy clients, construction clients, creating a direct fit for overflow RPAS LiDAR, photogrammetry, topo capture, construction documentation and inspection support.",LiDAR; Mapping; Construction survey support,NOT CONFIRMED | NOT CONFIRMED | Website/contact form | https://www.geoverra.com,NOT CONFIRMED,NOT CONFIRMED,NOT CONFIRMED,"Offer subcontract aerial LiDAR, photogrammetry, site modelling and field capture support for geomatics, surveying, lidar workloads.",90,65,New,Wave 1 surveyor/geomatics expansion.,2026-07-20
on-wave1-tham-surveying-limited,Tham Surveying Limited,Geomatics,Toronto,Ontario,Greater Toronto Area,Land surveying; Topographic surveys; Construction layout; Reference plans,Developers; Builders; Property owners,https://thamsurveying.com,"Surveying and geomatics firm offering land surveying, topographic surveys, construction layout services.","Provides land surveying, topographic surveys, construction layout, reference plans services for developers, builders, property owners, creating a direct fit for overflow RPAS LiDAR, photogrammetry, topo capture, construction documentation and inspection support.",Topographic surveys; Construction layout,NOT CONFIRMED | NOT CONFIRMED | Website/contact form | https://thamsurveying.com,NOT CONFIRMED,NOT CONFIRMED,NOT CONFIRMED,"Offer subcontract aerial LiDAR, photogrammetry, site modelling and field capture support for land surveying, topographic surveys, construction layout workloads.",80,65,New,Wave 1 surveyor/geomatics expansion.,2026-07-20
on-wave2-24-7-vacuum-excavation,24/7 Vacuum Excavation,Construction,Pickering,Ontario,Greater Toronto Area,Vacuum excavation; Utility daylighting; Hydrovac services; Site support,Excavators; Utilities; Contractors,https://www.247vac.com/; https://orcga.com/members/,"Construction firm with public signals for vacuum excavation, utility daylighting, hydrovac services work.","Provides vacuum excavation, utility daylighting, hydrovac services, site support services for excavators, utilities, contractors, creating a fit for RPAS site documentation, aerial progress capture, LiDAR/topographic support and inspection imagery.",Utility daylighting; Site support,NOT CONFIRMED | NOT CONFIRMED | Website/contact form | https://www.247vac.com/,NOT CONFIRMED,NOT CONFIRMED,NOT CONFIRMED,"Offer construction-progress mapping, as-built documentation, aerial LiDAR/topographic capture and inspection imagery around vacuum excavation, utility daylighting, hydrovac services workloads.",82,75,New,Wave 2 construction/heavy-civil/inspection expansion.,2026-07-20
on-wave2-a-j-vacworx-inc,A & J Vacworx Inc.,Construction,Mount Albert,Ontario,York Region; Ontario,Vacuum excavation; Hydrovac services; Utility exposure; Site support,Utilities; Excavators; Contractors,https://www.ajvac.ca/; https://orcga.com/members/,"Construction firm with public signals for vacuum excavation, hydrovac services, utility exposure work.","Provides vacuum excavation, hydrovac services, utility exposure, site support services for utilities, excavators, contractors, creating a fit for RPAS site documentation, aerial progress capture, LiDAR/topographic support and inspection imagery.",Utility exposure; Site support,NOT CONFIRMED | NOT CONFIRMED | Website/contact form | https://www.ajvac.ca/,NOT CONFIRMED,NOT CONFIRMED,NOT CONFIRMED,"Offer construction-progress mapping, as-built documentation, aerial LiDAR/topographic capture and inspection imagery around vacuum excavation, hydrovac services, utility exposure workloads.",82,75,New,Wave 2 construction/heavy-civil/inspection expansion.,2026-07-20
on-wave2-accuworx-inc,Accuworx Inc.,Heavy Civil,Mississauga,Ontario,Ontario,Environmental contracting; Infrastructure services; Road-builder support; Site remediation,Municipalities; Utilities; Contractors,https://www.accuworx.ca/; https://orcga.com/members/,"Heavy Civil firm with public signals for environmental contracting, infrastructure services, road-builder support work.","Provides environmental contracting, infrastructure services, road-builder support, site remediation services for municipalities, utilities, contractors, creating a fit for RPAS site documentation, aerial progress capture, LiDAR/topographic support and inspection imagery.",Road-builder support; Site remediation,NOT CONFIRMED | NOT CONFIRMED | Website/contact form | https://www.accuworx.ca/,NOT CONFIRMED,NOT CONFIRMED,NOT CONFIRMED,"Offer construction-progress mapping, as-built documentation, aerial LiDAR/topographic capture and inspection imagery around environmental contracting, infrastructure services, road-builder support workloads.",82,75,New,Wave 2 construction/heavy-civil/inspection expansion.,2026-07-20
on-wave2-aecon-civil-and-utilities,Aecon Civil and Utilities,Heavy Civil,Toronto,Ontario,Ontario; Canada,Civil construction; Utilities; Road building; Infrastructure construction,Transportation agencies; Utilities; Municipalities,https://www.aecon.com/; https://orcga.com/members/,"Heavy Civil firm with public signals for civil construction, utilities, road building work.","Provides civil construction, utilities, road building, infrastructure construction services for transportation agencies, utilities, municipalities, creating a fit for RPAS site documentation, aerial progress capture, LiDAR/topographic support and inspection imagery.",Road building,NOT CONFIRMED | NOT CONFIRMED | Website/contact form | https://www.aecon.com/,NOT CONFIRMED,NOT CONFIRMED,NOT CONFIRMED,"Offer construction-progress mapping, as-built documentation, aerial LiDAR/topographic capture and inspection imagery around civil construction, utilities, road building workloads.",82,75,New,Wave 2 construction/heavy-civil/inspection expansion.,2026-07-20
on-wave2-aecon-construction-ontario-east,Aecon Construction Ontario East,Heavy Civil,Carp,Ontario,Eastern Ontario,Road building; Civil construction; Aggregates; Infrastructure construction,Municipalities; Transportation agencies; Developers,https://www.karson.ca/; https://orcga.com/members/,"Heavy Civil firm with public signals for road building, civil construction, aggregates work.","Provides road building, civil construction, aggregates, infrastructure construction services for municipalities, transportation agencies, developers, creating a fit for RPAS site documentation, aerial progress capture, LiDAR/topographic support and inspection imagery.",Road building,NOT CONFIRMED | NOT CONFIRMED | Website/contact form | https://www.karson.ca/,NOT CONFIRMED,NOT CONFIRMED,NOT CONFIRMED,"Offer construction-progress mapping, as-built documentation, aerial LiDAR/topographic capture and inspection imagery around road building, civil construction, aggregates workloads.",82,75,New,Wave 2 construction/heavy-civil/inspection expansion.,2026-07-20
on-wave2-all-clear-locates-inc,All Clear Locates Inc.,Inspection,Stouffville,Ontario,Ontario,Utility locating; Site investigation; Damage prevention; Subsurface utility support,Excavators; Contractors; Utilities,https://www.allclearlocates.com/; https://orcga.com/members/,"Inspection firm with public signals for utility locating, site investigation, damage prevention work.","Provides utility locating, site investigation, damage prevention, subsurface utility support services for excavators, contractors, utilities, creating a fit for RPAS site documentation, aerial progress capture, LiDAR/topographic support and inspection imagery.",Utility locating; Site investigation; Subsurface utility support,NOT CONFIRMED | NOT CONFIRMED | Website/contact form | https://www.allclearlocates.com/,NOT CONFIRMED,NOT CONFIRMED,NOT CONFIRMED,"Offer construction-progress mapping, as-built documentation, aerial LiDAR/topographic capture and inspection imagery around utility locating, site investigation, damage prevention workloads.",82,75,New,Wave 2 construction/heavy-civil/inspection expansion.,2026-07-20
on-wave2-altech-utility-services,Altech Utility Services,Inspection,Cambridge,Ontario,Ontario,Utility locating; Subsurface utility support; Field investigation; Damage prevention,Utilities; Excavators; Municipal clients,http://www.altechworld.com/; https://orcga.com/members/,"Inspection firm with public signals for utility locating, subsurface utility support, field investigation work.","Provides utility locating, subsurface utility support, field investigation, damage prevention services for utilities, excavators, municipal clients, creating a fit for RPAS site documentation, aerial progress capture, LiDAR/topographic support and inspection imagery.",Utility locating; Subsurface utility support,NOT CONFIRMED | NOT CONFIRMED | Website/contact form | http://www.altechworld.com/,NOT CONFIRMED,NOT CONFIRMED,NOT CONFIRMED,"Offer construction-progress mapping, as-built documentation, aerial LiDAR/topographic capture and inspection imagery around utility locating, subsurface utility support, field investigation workloads.",82,75,New,Wave 2 construction/heavy-civil/inspection expansion.,2026-07-20
on-wave2-antrim-contracting,Antrim Contracting,Construction,Arnprior,Ontario,Eastern Ontario,Excavation; Site servicing; Grading; Heavy equipment,Municipalities; Builders; Developers,http://www.antrimcontracting.com/; https://orcga.com/members/,"Construction firm with public signals for excavation, site servicing, grading work.","Provides excavation, site servicing, grading, heavy equipment services for municipalities, builders, developers, creating a fit for RPAS site documentation, aerial progress capture, LiDAR/topographic support and inspection imagery.",Site servicing; Grading,NOT CONFIRMED | NOT CONFIRMED | Website/contact form | http://www.antrimcontracting.com/,NOT CONFIRMED,NOT CONFIRMED,NOT CONFIRMED,"Offer construction-progress mapping, as-built documentation, aerial LiDAR/topographic capture and inspection imagery around excavation, site servicing, grading workloads.",82,75,New,Wave 2 construction/heavy-civil/inspection expansion.,2026-07-20
on-wave2-ardel-construction-aggregates-ltd,Ardel Construction & Aggregates Ltd.,Construction,North Bay,Ontario,Northern Ontario,Excavation; Aggregates; Site works; Road-builder support,Municipalities; Contractors; Developers,https://ardelconstruction.ca/; https://orcga.com/members/,"Construction firm with public signals for excavation, aggregates, site works work.","Provides excavation, aggregates, site works, road-builder support services for municipalities, contractors, developers, creating a fit for RPAS site documentation, aerial progress capture, LiDAR/topographic support and inspection imagery.",Site works; Road-builder support,NOT CONFIRMED | NOT CONFIRMED | Website/contact form | https://ardelconstruction.ca/,NOT CONFIRMED,NOT CONFIRMED,NOT CONFIRMED,"Offer construction-progress mapping, as-built documentation, aerial LiDAR/topographic capture and inspection imagery around excavation, aggregates, site works workloads.",82,70,New,Wave 2 construction/heavy-civil/inspection expansion.,2026-07-20
on-wave2-arnott-construction,Arnott Construction,Construction,Midhurst,Ontario,Simcoe County; Ontario,Excavation; Site servicing; Sewer and watermain; Heavy civil construction,Municipalities; Developers; Contractors,https://arnottconstruction.com/; https://orcga.com/members/,"Construction firm with public signals for excavation, site servicing, sewer and watermain work.","Provides excavation, site servicing, sewer and watermain, heavy civil construction services for municipalities, developers, contractors, creating a fit for RPAS site documentation, aerial progress capture, LiDAR/topographic support and inspection imagery.",Site servicing; Sewer and watermain,NOT CONFIRMED | NOT CONFIRMED | Website/contact form | https://arnottconstruction.com/,NOT CONFIRMED,NOT CONFIRMED,NOT CONFIRMED,"Offer construction-progress mapping, as-built documentation, aerial LiDAR/topographic capture and inspection imagery around excavation, site servicing, sewer and watermain workloads.",82,75,New,Wave 2 construction/heavy-civil/inspection expansion.,2026-07-20
on-wave2-avertex-utility-solutions-inc,Avertex Utility Solutions Inc.,Construction,Amaranth,Ontario,Ontario,Utility construction; Excavation; Directional drilling; Site support,Utilities; Municipalities; Contractors,https://www.avertex.ca/; https://orcga.com/members/,"Construction firm with public signals for utility construction, excavation, directional drilling work.","Provides utility construction, excavation, directional drilling, site support services for utilities, municipalities, contractors, creating a fit for RPAS site documentation, aerial progress capture, LiDAR/topographic support and inspection imagery.",Utility construction; Site support,NOT CONFIRMED | NOT CONFIRMED | Website/contact form | https://www.avertex.ca/,NOT CONFIRMED,NOT CONFIRMED,NOT CONFIRMED,"Offer construction-progress mapping, as-built documentation, aerial LiDAR/topographic capture and inspection imagery around utility construction, excavation, directional drilling workloads.",82,75,New,Wave 2 construction/heavy-civil/inspection expansion.,2026-07-20
on-wave2-wrc-contracting,WRC Contracting,Construction,Pakenham,Ontario,Ottawa; Eastern Ontario,Excavating contractors; Site services; Grading; Sewers and watermains,Builders; Municipalities; Contractors,https://wrccontracting.com/; https://oca.ca/member-directory/,"Construction firm with public signals for excavating contractors, site services, grading work.","Provides excavating contractors, site services, grading, sewers and watermains services for builders, municipalities, contractors, creating a fit for RPAS site documentation, aerial progress capture, LiDAR/topographic support and inspection imagery.",Site services; Grading; Sewers and watermains,NOT CONFIRMED | NOT CONFIRMED | Website/contact form | https://wrccontracting.com/,NOT CONFIRMED,NOT CONFIRMED,NOT CONFIRMED,"Offer construction-progress mapping, as-built documentation, aerial LiDAR/topographic capture and inspection imagery around excavating contractors, site services, grading workloads.",82,75,New,Wave 2 construction/heavy-civil/inspection expansion.,2026-07-20
on-wave2-malwood,Malwood,Construction,Dunrobin,Ontario,Ottawa; Eastern Ontario,Concrete contractors; Excavating contractors; Crane service; Site support,Contractors; Builders; Commercial clients,https://malwood.ca/; https://oca.ca/member-directory/,"Construction firm with public signals for concrete contractors, excavating contractors, crane service work.","Provides concrete contractors, excavating contractors, crane service, site support services for contractors, builders, commercial clients, creating a fit for RPAS site documentation, aerial progress capture, LiDAR/topographic support and inspection imagery.",Site support,NOT CONFIRMED | NOT CONFIRMED | Website/contact form | https://malwood.ca/,NOT CONFIRMED,NOT CONFIRMED,NOT CONFIRMED,"Offer construction-progress mapping, as-built documentation, aerial LiDAR/topographic capture and inspection imagery around concrete contractors, excavating contractors, crane service workloads.",82,70,New,Wave 2 construction/heavy-civil/inspection expansion.,2026-07-20
on-wave2-coco-paving-inc,Coco Paving Inc.,Heavy Civil,Toronto,Ontario,Ontario,Road building; Asphalt paving; Heavy civil construction; Infrastructure construction,Municipalities; Transportation agencies; Developers,https://www.cocopaving.com/; https://orba.org/,"Heavy Civil firm with public signals for road building, asphalt paving, heavy civil construction work.","Provides road building, asphalt paving, heavy civil construction, infrastructure construction services for municipalities, transportation agencies, developers, creating a fit for RPAS site documentation, aerial progress capture, LiDAR/topographic support and inspection imagery.",Road building,NOT CONFIRMED | NOT CONFIRMED | Website/contact form | https://www.cocopaving.com/,NOT CONFIRMED,NOT CONFIRMED,NOT CONFIRMED,"Offer construction-progress mapping, as-built documentation, aerial LiDAR/topographic capture and inspection imagery around road building, asphalt paving, heavy civil construction workloads.",82,75,New,Wave 2 construction/heavy-civil/inspection expansion.,2026-07-20
on-wave2-dufferin-construction,Dufferin Construction,Heavy Civil,Oakville,Ontario,Ontario,Road construction; Bridge construction; Heavy civil; Infrastructure construction,Municipalities; MTO; Infrastructure owners,https://www.dufferinconstruction.com/; https://orba.org/,"Heavy Civil firm with public signals for road construction, bridge construction, heavy civil work.","Provides road construction, bridge construction, heavy civil, infrastructure construction services for municipalities, mto, infrastructure owners, creating a fit for RPAS site documentation, aerial progress capture, LiDAR/topographic support and inspection imagery.",Road construction; Bridge construction,NOT CONFIRMED | NOT CONFIRMED | Website/contact form | https://www.dufferinconstruction.com/,NOT CONFIRMED,NOT CONFIRMED,NOT CONFIRMED,"Offer construction-progress mapping, as-built documentation, aerial LiDAR/topographic capture and inspection imagery around road construction, bridge construction, heavy civil workloads.",82,75,New,Wave 2 construction/heavy-civil/inspection expansion.,2026-07-20
on-wave2-green-infrastructure-partners,Green Infrastructure Partners,Heavy Civil,Toronto,Ontario,Ontario,Infrastructure construction; Road building; Paving; Civil works,Municipalities; Transportation agencies; Developers,https://www.gipi.com/; https://orba.org/,"Heavy Civil firm with public signals for infrastructure construction, road building, paving work.","Provides infrastructure construction, road building, paving, civil works services for municipalities, transportation agencies, developers, creating a fit for RPAS site documentation, aerial progress capture, LiDAR/topographic support and inspection imagery.",Road building,NOT CONFIRMED | NOT CONFIRMED | Website/contact form | https://www.gipi.com/,NOT CONFIRMED,NOT CONFIRMED,NOT CONFIRMED,"Offer construction-progress mapping, as-built documentation, aerial LiDAR/topographic capture and inspection imagery around infrastructure construction, road building, paving workloads.",82,75,New,Wave 2 construction/heavy-civil/inspection expansion.,2026-07-20
on-wave2-fowler-construction,Fowler Construction,Heavy Civil,Bracebridge,Ontario,Muskoka; Northern Ontario,Road construction; Aggregates; Site development; Civil construction,Municipalities; Transportation agencies; Developers,https://www.fowler.ca/; https://orba.org/,"Heavy Civil firm with public signals for road construction, aggregates, site development work.","Provides road construction, aggregates, site development, civil construction services for municipalities, transportation agencies, developers, creating a fit for RPAS site documentation, aerial progress capture, LiDAR/topographic support and inspection imagery.",Road construction; Site development,NOT CONFIRMED | NOT CONFIRMED | Website/contact form | https://www.fowler.ca/,NOT CONFIRMED,NOT CONFIRMED,NOT CONFIRMED,"Offer construction-progress mapping, as-built documentation, aerial LiDAR/topographic capture and inspection imagery around road construction, aggregates, site development workloads.",82,75,New,Wave 2 construction/heavy-civil/inspection expansion.,2026-07-20
on-wave2-bot-construction-group,Bot Construction Group,Heavy Civil,Oakville,Ontario,Ontario,Heavy civil construction; Roads; Bridges; Transportation infrastructure,Transportation agencies; Municipalities; Infrastructure owners,https://botconstruction.ca/; https://orba.org/,"Heavy Civil firm with public signals for heavy civil construction, roads, bridges work.","Provides heavy civil construction, roads, bridges, transportation infrastructure services for transportation agencies, municipalities, infrastructure owners, creating a fit for RPAS site documentation, aerial progress capture, LiDAR/topographic support and inspection imagery.",Roads; Bridges,NOT CONFIRMED | NOT CONFIRMED | Website/contact form | https://botconstruction.ca/,NOT CONFIRMED,NOT CONFIRMED,NOT CONFIRMED,"Offer construction-progress mapping, as-built documentation, aerial LiDAR/topographic capture and inspection imagery around heavy civil construction, roads, bridges workloads.",82,75,New,Wave 2 construction/heavy-civil/inspection expansion.,2026-07-20
on-wave2-ebc-inc,EBC Inc.,Heavy Civil,Mississauga,Ontario,Ontario; Canada,Civil engineering construction; Transportation infrastructure; Major projects; Bridges,Public sector; Transportation agencies; Infrastructure owners,https://www.ebcinc.com/; https://orba.org/,"Heavy Civil firm with public signals for civil engineering construction, transportation infrastructure, major projects work.","Provides civil engineering construction, transportation infrastructure, major projects, bridges services for public sector, transportation agencies, infrastructure owners, creating a fit for RPAS site documentation, aerial progress capture, LiDAR/topographic support and inspection imagery.",Bridges,NOT CONFIRMED | NOT CONFIRMED | Website/contact form | https://www.ebcinc.com/,NOT CONFIRMED,NOT CONFIRMED,NOT CONFIRMED,"Offer construction-progress mapping, as-built documentation, aerial LiDAR/topographic capture and inspection imagery around civil engineering construction, transportation infrastructure, major projects workloads.",82,75,New,Wave 2 construction/heavy-civil/inspection expansion.,2026-07-20
on-wave2-fermar-paving-limited,Fermar Paving Limited,Heavy Civil,Toronto,Ontario,Greater Toronto Area; Ontario,Paving; Road construction; Municipal infrastructure; Civil construction,Municipalities; Transportation agencies; Developers,https://www.fermarpaving.com/; https://orba.org/,"Heavy Civil firm with public signals for paving, road construction, municipal infrastructure work.","Provides paving, road construction, municipal infrastructure, civil construction services for municipalities, transportation agencies, developers, creating a fit for RPAS site documentation, aerial progress capture, LiDAR/topographic support and inspection imagery.",Road construction,NOT CONFIRMED | NOT CONFIRMED | Website/contact form | https://www.fermarpaving.com/,NOT CONFIRMED,NOT CONFIRMED,NOT CONFIRMED,"Offer construction-progress mapping, as-built documentation, aerial LiDAR/topographic capture and inspection imagery around paving, road construction, municipal infrastructure workloads.",82,75,New,Wave 2 construction/heavy-civil/inspection expansion.,2026-07-20
on-wave2-grascan-construction-ltd,Grascan Construction Ltd.,Heavy Civil,Toronto,Ontario,Ontario,Road building; Bridge construction; Civil construction; Infrastructure rehabilitation,Municipalities; Transportation agencies; Infrastructure owners,https://www.grascan.com/; https://orcga.com/members/,"Heavy Civil firm with public signals for road building, bridge construction, civil construction work.","Provides road building, bridge construction, civil construction, infrastructure rehabilitation services for municipalities, transportation agencies, infrastructure owners, creating a fit for RPAS site documentation, aerial progress capture, LiDAR/topographic support and inspection imagery.",Road building; Bridge construction,NOT CONFIRMED | NOT CONFIRMED | Website/contact form | https://www.grascan.com/,NOT CONFIRMED,NOT CONFIRMED,NOT CONFIRMED,"Offer construction-progress mapping, as-built documentation, aerial LiDAR/topographic capture and inspection imagery around road building, bridge construction, civil construction workloads.",82,75,New,Wave 2 construction/heavy-civil/inspection expansion.,2026-07-20
on-wave2-four-seasons-site-development-ltd,Four Seasons Site Development Ltd.,Construction,Brampton,Ontario,Greater Toronto Area,Site development; Road-builder support; Earthworks; Civil construction,Developers; Builders; Municipalities,https://www.sitedevelopment.ca/; https://orcga.com/members/,"Construction firm with public signals for site development, road-builder support, earthworks work.","Provides site development, road-builder support, earthworks, civil construction services for developers, builders, municipalities, creating a fit for RPAS site documentation, aerial progress capture, LiDAR/topographic support and inspection imagery.",Site development; Road-builder support; Earthworks,NOT CONFIRMED | NOT CONFIRMED | Website/contact form | https://www.sitedevelopment.ca/,NOT CONFIRMED,NOT CONFIRMED,NOT CONFIRMED,"Offer construction-progress mapping, as-built documentation, aerial LiDAR/topographic capture and inspection imagery around site development, road-builder support, earthworks workloads.",82,75,New,Wave 2 construction/heavy-civil/inspection expansion.,2026-07-20
on-wave2-k-g-reid-trenching-construction-ltd,K.G. Reid Trenching & Construction Ltd.,Construction,Belleville,Ontario,Eastern Ontario,Trenching; Excavation; Utility construction; Site servicing,Utilities; Municipalities; Contractors,https://www.kgreid.ca/; https://orcga.com/members/,"Construction firm with public signals for trenching, excavation, utility construction work.","Provides trenching, excavation, utility construction, site servicing services for utilities, municipalities, contractors, creating a fit for RPAS site documentation, aerial progress capture, LiDAR/topographic support and inspection imagery.",Utility construction; Site servicing,NOT CONFIRMED | NOT CONFIRMED | Website/contact form | https://www.kgreid.ca/,NOT CONFIRMED,NOT CONFIRMED,NOT CONFIRMED,"Offer construction-progress mapping, as-built documentation, aerial LiDAR/topographic capture and inspection imagery around trenching, excavation, utility construction workloads.",82,75,New,Wave 2 construction/heavy-civil/inspection expansion.,2026-07-20
on-wave2-steed-and-evans-limited,Steed and Evans Limited,Heavy Civil,St. Jacobs,Ontario,Waterloo Region; Ontario,Road construction; Site servicing; Aggregates; Asphalt paving,Municipalities; Developers; Transportation clients,https://www.steedandevans.ca/; https://orba.org/,"Heavy Civil firm with public signals for road construction, site servicing, aggregates work.","Provides road construction, site servicing, aggregates, asphalt paving services for municipalities, developers, transportation clients, creating a fit for RPAS site documentation, aerial progress capture, LiDAR/topographic support and inspection imagery.",Road construction; Site servicing,NOT CONFIRMED | NOT CONFIRMED | Website/contact form | https://www.steedandevans.ca/,NOT CONFIRMED,NOT CONFIRMED,NOT CONFIRMED,"Offer construction-progress mapping, as-built documentation, aerial LiDAR/topographic capture and inspection imagery around road construction, site servicing, aggregates workloads.",82,75,New,Wave 2 construction/heavy-civil/inspection expansion.,2026-07-20
on-wave2-kapp-infrastructure-inc,KAPP Infrastructure Inc.,Heavy Civil,Vaughan,Ontario,Greater Toronto Area; Ontario,Heavy civil construction; Roads; Sewer and watermain; Site development,Municipalities; Developers; Infrastructure owners,https://www.kappinfrastructure.com/; https://orba.org/,"Heavy Civil firm with public signals for heavy civil construction, roads, sewer and watermain work.","Provides heavy civil construction, roads, sewer and watermain, site development services for municipalities, developers, infrastructure owners, creating a fit for RPAS site documentation, aerial progress capture, LiDAR/topographic support and inspection imagery.",Roads; Sewer and watermain; Site development,NOT CONFIRMED | NOT CONFIRMED | Website/contact form | https://www.kappinfrastructure.com/,NOT CONFIRMED,NOT CONFIRMED,NOT CONFIRMED,"Offer construction-progress mapping, as-built documentation, aerial LiDAR/topographic capture and inspection imagery around heavy civil construction, roads, sewer and watermain workloads.",82,75,New,Wave 2 construction/heavy-civil/inspection expansion.,2026-07-20
on-wave2-bronte-construction,Bronte Construction,Heavy Civil,Oakville,Ontario,Ontario,Heavy civil construction; Bridge construction; Roadwork; Marine construction,Municipalities; Transportation agencies; Infrastructure owners,https://bronteconstruction.ca/; https://orba.org/,"Heavy Civil firm with public signals for heavy civil construction, bridge construction, roadwork work.","Provides heavy civil construction, bridge construction, roadwork, marine construction services for municipalities, transportation agencies, infrastructure owners, creating a fit for RPAS site documentation, aerial progress capture, LiDAR/topographic support and inspection imagery.",Bridge construction; Roadwork,NOT CONFIRMED | NOT CONFIRMED | Website/contact form | https://bronteconstruction.ca/,NOT CONFIRMED,NOT CONFIRMED,NOT CONFIRMED,"Offer construction-progress mapping, as-built documentation, aerial LiDAR/topographic capture and inspection imagery around heavy civil construction, bridge construction, roadwork workloads.",82,75,New,Wave 2 construction/heavy-civil/inspection expansion.,2026-07-20
on-wave2-alliance-verdi-civil,Alliance Verdi Civil,Heavy Civil,Bolton,Ontario,Greater Toronto Area,Civil construction; Earthworks; Site servicing; Infrastructure construction,Developers; Municipalities; Builders,https://allianceverdi.com/; https://orba.org/,"Heavy Civil firm with public signals for civil construction, earthworks, site servicing work.","Provides civil construction, earthworks, site servicing, infrastructure construction services for developers, municipalities, builders, creating a fit for RPAS site documentation, aerial progress capture, LiDAR/topographic support and inspection imagery.",Earthworks; Site servicing,NOT CONFIRMED | NOT CONFIRMED | Website/contact form | https://allianceverdi.com/,NOT CONFIRMED,NOT CONFIRMED,NOT CONFIRMED,"Offer construction-progress mapping, as-built documentation, aerial LiDAR/topographic capture and inspection imagery around civil construction, earthworks, site servicing workloads.",82,75,New,Wave 2 construction/heavy-civil/inspection expansion.,2026-07-20
on-wave2-gateman-milloy-inc,Gateman-Milloy Inc.,Construction,Kitchener,Ontario,Waterloo Region; Ontario,Site development; Civil construction; Landscape construction; Earthworks,Developers; Institutions; Municipalities,https://www.gatemanmilloy.com/; https://orba.org/,"Construction firm with public signals for site development, civil construction, landscape construction work.","Provides site development, civil construction, landscape construction, earthworks services for developers, institutions, municipalities, creating a fit for RPAS site documentation, aerial progress capture, LiDAR/topographic support and inspection imagery.",Site development; Earthworks,NOT CONFIRMED | NOT CONFIRMED | Website/contact form | https://www.gatemanmilloy.com/,NOT CONFIRMED,NOT CONFIRMED,NOT CONFIRMED,"Offer construction-progress mapping, as-built documentation, aerial LiDAR/topographic capture and inspection imagery around site development, civil construction, landscape construction workloads.",82,75,New,Wave 2 construction/heavy-civil/inspection expansion.,2026-07-20
on-wave2-earth-boring-co-limited,Earth Boring Co. Limited,Construction,Mississauga,Ontario,Ontario,Trenchless construction; Tunnelling; Utility crossings; Subsurface infrastructure,Utilities; Municipalities; Infrastructure owners,https://www.earthboring.ca/; https://orba.org/,"Construction firm with public signals for trenchless construction, tunnelling, utility crossings work.","Provides trenchless construction, tunnelling, utility crossings, subsurface infrastructure services for utilities, municipalities, infrastructure owners, creating a fit for RPAS site documentation, aerial progress capture, LiDAR/topographic support and inspection imagery.",Utility crossings,NOT CONFIRMED | NOT CONFIRMED | Website/contact form | https://www.earthboring.ca/,NOT CONFIRMED,NOT CONFIRMED,NOT CONFIRMED,"Offer construction-progress mapping, as-built documentation, aerial LiDAR/topographic capture and inspection imagery around trenchless construction, tunnelling, utility crossings workloads.",82,75,New,Wave 2 construction/heavy-civil/inspection expansion.,2026-07-20
on-wave2-technicore-underground-inc,Technicore Underground Inc.,Construction,Newmarket,Ontario,Ontario,Microtunnelling; Trenchless construction; Shaft construction; Underground infrastructure,Municipalities; Utilities; Infrastructure owners,https://technicore.ca/; https://orba.org/,"Construction firm with public signals for microtunnelling, trenchless construction, shaft construction work.","Provides microtunnelling, trenchless construction, shaft construction, underground infrastructure services for municipalities, utilities, infrastructure owners, creating a fit for RPAS site documentation, aerial progress capture, LiDAR/topographic support and inspection imagery.",Microtunnelling; Trenchless construction; Shaft construction,NOT CONFIRMED | NOT CONFIRMED | Website/contact form | https://technicore.ca/,NOT CONFIRMED,NOT CONFIRMED,NOT CONFIRMED,"Offer construction-progress mapping, as-built documentation, aerial LiDAR/topographic capture and inspection imagery around microtunnelling, trenchless construction, shaft construction workloads.",82,75,New,Wave 2 construction/heavy-civil/inspection expansion.,2026-07-20
on-wave2-memme-infrastructure-contractors,Memme Infrastructure Contractors,Heavy Civil,Hamilton,Ontario,Hamilton; Niagara; Ontario,Heavy civil construction; Sewer and watermain; Road reconstruction; Site servicing,Municipalities; Developers; Contractors,https://www.memme.ca/; https://orba.org/,"Heavy Civil firm with public signals for heavy civil construction, sewer and watermain, road reconstruction work.","Provides heavy civil construction, sewer and watermain, road reconstruction, site servicing services for municipalities, developers, contractors, creating a fit for RPAS site documentation, aerial progress capture, LiDAR/topographic support and inspection imagery.",Sewer and watermain; Road reconstruction; Site servicing,NOT CONFIRMED | NOT CONFIRMED | Website/contact form | https://www.memme.ca/,NOT CONFIRMED,NOT CONFIRMED,NOT CONFIRMED,"Offer construction-progress mapping, as-built documentation, aerial LiDAR/topographic capture and inspection imagery around heavy civil construction, sewer and watermain, road reconstruction workloads.",82,75,New,Wave 2 construction/heavy-civil/inspection expansion.,2026-07-20
on-wave2-clearway-construction-inc,Clearway Construction Inc.,Heavy Civil,Vaughan,Ontario,Ontario,Heavy civil construction; Earthworks; Roads; Infrastructure projects,Municipalities; Transportation agencies; Developers,https://www.clearwaygroup.com/; https://orba.org/,"Heavy Civil firm with public signals for heavy civil construction, earthworks, roads work.","Provides heavy civil construction, earthworks, roads, infrastructure projects services for municipalities, transportation agencies, developers, creating a fit for RPAS site documentation, aerial progress capture, LiDAR/topographic support and inspection imagery.",Earthworks; Roads,NOT CONFIRMED | NOT CONFIRMED | Website/contact form | https://www.clearwaygroup.com/,NOT CONFIRMED,NOT CONFIRMED,NOT CONFIRMED,"Offer construction-progress mapping, as-built documentation, aerial LiDAR/topographic capture and inspection imagery around heavy civil construction, earthworks, roads workloads.",82,75,New,Wave 2 construction/heavy-civil/inspection expansion.,2026-07-20
on-wave2-powell-contracting,Powell Contracting,Heavy Civil,Stouffville,Ontario,Ontario,Road construction; Bridge rehabilitation; Civil infrastructure; Traffic control,MTO; Municipalities; Transportation agencies,https://powellcontracting.com/; https://orba.org/,"Heavy Civil firm with public signals for road construction, bridge rehabilitation, civil infrastructure work.","Provides road construction, bridge rehabilitation, civil infrastructure, traffic control services for mto, municipalities, transportation agencies, creating a fit for RPAS site documentation, aerial progress capture, LiDAR/topographic support and inspection imagery.",Road construction; Bridge rehabilitation,NOT CONFIRMED | NOT CONFIRMED | Website/contact form | https://powellcontracting.com/,NOT CONFIRMED,NOT CONFIRMED,NOT CONFIRMED,"Offer construction-progress mapping, as-built documentation, aerial LiDAR/topographic capture and inspection imagery around road construction, bridge rehabilitation, civil infrastructure workloads.",82,75,New,Wave 2 construction/heavy-civil/inspection expansion.,2026-07-20
on-wave2-sierra-infrastructure-inc,Sierra Infrastructure Inc.,Heavy Civil,Woodbridge,Ontario,Greater Toronto Area; Ontario,Heavy civil construction; Sewer and watermain; Road reconstruction; Site servicing,Municipalities; Developers; Infrastructure owners,https://www.sierrainfrastructure.ca/; https://orba.org/,"Heavy Civil firm with public signals for heavy civil construction, sewer and watermain, road reconstruction work.","Provides heavy civil construction, sewer and watermain, road reconstruction, site servicing services for municipalities, developers, infrastructure owners, creating a fit for RPAS site documentation, aerial progress capture, LiDAR/topographic support and inspection imagery.",Sewer and watermain; Road reconstruction; Site servicing,NOT CONFIRMED | NOT CONFIRMED | Website/contact form | https://www.sierrainfrastructure.ca/,NOT CONFIRMED,NOT CONFIRMED,NOT CONFIRMED,"Offer construction-progress mapping, as-built documentation, aerial LiDAR/topographic capture and inspection imagery around heavy civil construction, sewer and watermain, road reconstruction workloads.",82,75,New,Wave 2 construction/heavy-civil/inspection expansion.,2026-07-20
on-wave2-metric-contracting-services-corporation,Metric Contracting Services Corporation,Heavy Civil,Toronto,Ontario,Ontario,Heavy civil construction; Earthworks; Roads; Municipal infrastructure,Municipalities; Developers; Transportation agencies,https://www.metriccontracting.com/; https://orba.org/,"Heavy Civil firm with public signals for heavy civil construction, earthworks, roads work.","Provides heavy civil construction, earthworks, roads, municipal infrastructure services for municipalities, developers, transportation agencies, creating a fit for RPAS site documentation, aerial progress capture, LiDAR/topographic support and inspection imagery.",Earthworks; Roads,NOT CONFIRMED | NOT CONFIRMED | Website/contact form | https://www.metriccontracting.com/,NOT CONFIRMED,NOT CONFIRMED,NOT CONFIRMED,"Offer construction-progress mapping, as-built documentation, aerial LiDAR/topographic capture and inspection imagery around heavy civil construction, earthworks, roads workloads.",82,75,New,Wave 2 construction/heavy-civil/inspection expansion.,2026-07-20
on-wave2-o-hara-trucking-excavating-inc,O'Hara Trucking & Excavating Inc.,Construction,Ayr,Ontario,Waterloo Region; Ontario,Excavation; Trucking; Site servicing; Earthworks,Developers; Contractors; Municipal clients,https://oharatrucking.com/; https://orba.org/,"Construction firm with public signals for excavation, trucking, site servicing work.","Provides excavation, trucking, site servicing, earthworks services for developers, contractors, municipal clients, creating a fit for RPAS site documentation, aerial progress capture, LiDAR/topographic support and inspection imagery.",Site servicing; Earthworks,NOT CONFIRMED | NOT CONFIRMED | Website/contact form | https://oharatrucking.com/,NOT CONFIRMED,NOT CONFIRMED,NOT CONFIRMED,"Offer construction-progress mapping, as-built documentation, aerial LiDAR/topographic capture and inspection imagery around excavation, trucking, site servicing workloads.",82,70,New,Wave 2 construction/heavy-civil/inspection expansion.,2026-07-20
on-wave2-north-rock-group-ltd,North Rock Group Ltd.,Construction,Barrie,Ontario,Central Ontario,Infrastructure construction; Site development; Roadwork; Civil construction,Municipalities; Developers; Commercial clients,https://northrockgroup.ca/; https://orba.org/,"Construction firm with public signals for infrastructure construction, site development, roadwork work.","Provides infrastructure construction, site development, roadwork, civil construction services for municipalities, developers, commercial clients, creating a fit for RPAS site documentation, aerial progress capture, LiDAR/topographic support and inspection imagery.",Site development; Roadwork,NOT CONFIRMED | NOT CONFIRMED | Website/contact form | https://northrockgroup.ca/,NOT CONFIRMED,NOT CONFIRMED,NOT CONFIRMED,"Offer construction-progress mapping, as-built documentation, aerial LiDAR/topographic capture and inspection imagery around infrastructure construction, site development, roadwork workloads.",82,75,New,Wave 2 construction/heavy-civil/inspection expansion.,2026-07-20
on-wave2-csl-group-ltd,CSL Group Ltd.,Construction,Ancaster,Ontario,Ontario,Commercial site services; Landscape construction; Snow and ice management; Property services,Commercial clients; Institutions; Property managers,https://www.cslgroup.ca/; https://orba.org/,"Construction firm with public signals for commercial site services, landscape construction, snow and ice management work.","Provides commercial site services, landscape construction, snow and ice management, property services services for commercial clients, institutions, property managers, creating a fit for RPAS site documentation, aerial progress capture, LiDAR/topographic support and inspection imagery.",Commercial site services,NOT CONFIRMED | NOT CONFIRMED | Website/contact form | https://www.cslgroup.ca/,NOT CONFIRMED,NOT CONFIRMED,NOT CONFIRMED,"Offer construction-progress mapping, as-built documentation, aerial LiDAR/topographic capture and inspection imagery around commercial site services, landscape construction, snow and ice management workloads.",82,75,New,Wave 2 construction/heavy-civil/inspection expansion.,2026-07-20
on-wave2-irc-building-sciences-group,IRC Building Sciences Group,Inspection,Mississauga,Ontario,Ontario; Canada,Building envelope consulting; Roofing assessment; Condition assessment; Inspection,Property managers; Institutions; Commercial owners,https://www.ircgroup.com/; https://secure.ontarioroofing.com/,"Inspection firm with public signals for building envelope consulting, roofing assessment, condition assessment work.","Provides building envelope consulting, roofing assessment, condition assessment, inspection services for property managers, institutions, commercial owners, creating a fit for RPAS site documentation, aerial progress capture, LiDAR/topographic support and inspection imagery.",Building envelope consulting; Roofing assessment; Condition assessment; Inspection,NOT CONFIRMED | NOT CONFIRMED | Website/contact form | https://www.ircgroup.com/,NOT CONFIRMED,NOT CONFIRMED,NOT CONFIRMED,"Offer construction-progress mapping, as-built documentation, aerial LiDAR/topographic capture and inspection imagery around building envelope consulting, roofing assessment, condition assessment workloads.",90,75,New,Wave 2 construction/heavy-civil/inspection expansion.,2026-07-20
on-wave2-pretium-engineering-inc,Pretium Engineering Inc.,Inspection,Burlington,Ontario,Ontario,Building science; Roofing consulting; Envelope assessment; Structural restoration,Building owners; Property managers; Institutions,https://pretiumengineering.com/; https://secure.ontarioroofing.com/,"Inspection firm with public signals for building science, roofing consulting, envelope assessment work.","Provides building science, roofing consulting, envelope assessment, structural restoration services for building owners, property managers, institutions, creating a fit for RPAS site documentation, aerial progress capture, LiDAR/topographic support and inspection imagery.",Roofing consulting; Envelope assessment,NOT CONFIRMED | NOT CONFIRMED | Website/contact form | https://pretiumengineering.com/,NOT CONFIRMED,NOT CONFIRMED,NOT CONFIRMED,"Offer construction-progress mapping, as-built documentation, aerial LiDAR/topographic capture and inspection imagery around building science, roofing consulting, envelope assessment workloads.",90,75,New,Wave 2 construction/heavy-civil/inspection expansion.,2026-07-20
on-wave2-brown-beattie-ltd,Brown & Beattie Ltd.,Inspection,Guelph,Ontario,Ontario,Building science; Roofing consulting; Reserve fund studies; Condition assessments,Condominiums; Property managers; Building owners,https://brownbeattie.com/; https://secure.ontarioroofing.com/,"Inspection firm with public signals for building science, roofing consulting, reserve fund studies work.","Provides building science, roofing consulting, reserve fund studies, condition assessments services for condominiums, property managers, building owners, creating a fit for RPAS site documentation, aerial progress capture, LiDAR/topographic support and inspection imagery.",Roofing consulting; Condition assessments,NOT CONFIRMED | NOT CONFIRMED | Website/contact form | https://brownbeattie.com/,NOT CONFIRMED,NOT CONFIRMED,NOT CONFIRMED,"Offer construction-progress mapping, as-built documentation, aerial LiDAR/topographic capture and inspection imagery around building science, roofing consulting, reserve fund studies workloads.",90,75,New,Wave 2 construction/heavy-civil/inspection expansion.,2026-07-20
on-wave2-sense-engineering,Sense Engineering,Inspection,Toronto,Ontario,Ontario,Building restoration; Building envelope; Roofing consulting; Condition assessments,Condominiums; Institutions; Commercial owners,https://senseengineering.com/; https://secure.ontarioroofing.com/,"Inspection firm with public signals for building restoration, building envelope, roofing consulting work.","Provides building restoration, building envelope, roofing consulting, condition assessments services for condominiums, institutions, commercial owners, creating a fit for RPAS site documentation, aerial progress capture, LiDAR/topographic support and inspection imagery.",Building envelope; Roofing consulting; Condition assessments,NOT CONFIRMED | NOT CONFIRMED | Website/contact form | https://senseengineering.com/,NOT CONFIRMED,NOT CONFIRMED,NOT CONFIRMED,"Offer construction-progress mapping, as-built documentation, aerial LiDAR/topographic capture and inspection imagery around building restoration, building envelope, roofing consulting workloads.",90,75,New,Wave 2 construction/heavy-civil/inspection expansion.,2026-07-20
on-wave2-edison-engineers-inc,Edison Engineers Inc.,Inspection,Markham,Ontario,Ontario,Building restoration; Envelope assessment; Roof consulting; Parking garage restoration,Condominiums; Property managers; Building owners,https://edisonengineers.ca/; https://secure.ontarioroofing.com/,"Inspection firm with public signals for building restoration, envelope assessment, roof consulting work.","Provides building restoration, envelope assessment, roof consulting, parking garage restoration services for condominiums, property managers, building owners, creating a fit for RPAS site documentation, aerial progress capture, LiDAR/topographic support and inspection imagery.",Envelope assessment; Roof consulting,NOT CONFIRMED | NOT CONFIRMED | Website/contact form | https://edisonengineers.ca/,NOT CONFIRMED,NOT CONFIRMED,NOT CONFIRMED,"Offer construction-progress mapping, as-built documentation, aerial LiDAR/topographic capture and inspection imagery around building restoration, envelope assessment, roof consulting workloads.",90,75,New,Wave 2 construction/heavy-civil/inspection expansion.,2026-07-20
on-wave2-keller-engineering,Keller Engineering,Inspection,Ottawa,Ontario,Ontario,Building envelope; Roof consulting; Structural restoration; Condition assessments,Condominiums; Commercial owners; Institutions,https://kellerengineering.com/; https://secure.ontarioroofing.com/,"Inspection firm with public signals for building envelope, roof consulting, structural restoration work.","Provides building envelope, roof consulting, structural restoration, condition assessments services for condominiums, commercial owners, institutions, creating a fit for RPAS site documentation, aerial progress capture, LiDAR/topographic support and inspection imagery.",Building envelope; Roof consulting; Condition assessments,NOT CONFIRMED | NOT CONFIRMED | Website/contact form | https://kellerengineering.com/,NOT CONFIRMED,NOT CONFIRMED,NOT CONFIRMED,"Offer construction-progress mapping, as-built documentation, aerial LiDAR/topographic capture and inspection imagery around building envelope, roof consulting, structural restoration workloads.",90,75,New,Wave 2 construction/heavy-civil/inspection expansion.,2026-07-20
on-wave2-pinchin-ltd,Pinchin Ltd.,Inspection,Mississauga,Ontario,Ontario; Canada,Environmental consulting; Building science; Property condition assessments; Hazardous materials,Property owners; Institutions; Commercial clients,https://www.pinchin.com/; https://secure.ontarioroofing.com/,"Inspection firm with public signals for environmental consulting, building science, property condition assessments work.","Provides environmental consulting, building science, property condition assessments, hazardous materials services for property owners, institutions, commercial clients, creating a fit for RPAS site documentation, aerial progress capture, LiDAR/topographic support and inspection imagery.",Property condition assessments,NOT CONFIRMED | NOT CONFIRMED | Website/contact form | https://www.pinchin.com/,NOT CONFIRMED,NOT CONFIRMED,NOT CONFIRMED,"Offer construction-progress mapping, as-built documentation, aerial LiDAR/topographic capture and inspection imagery around environmental consulting, building science, property condition assessments workloads.",82,75,New,Wave 2 construction/heavy-civil/inspection expansion.,2026-07-20
on-wave2-acuren,Acuren,Inspection,Oakville,Ontario,Ontario; Canada,NDT inspection; Materials engineering; Asset integrity; Industrial inspection,Industrial clients; Infrastructure owners; Utilities,https://www.acuren.com/; https://orcga.com/members/,"Inspection firm with public signals for ndt inspection, materials engineering, asset integrity work.","Provides ndt inspection, materials engineering, asset integrity, industrial inspection services for industrial clients, infrastructure owners, utilities, creating a fit for RPAS site documentation, aerial progress capture, LiDAR/topographic support and inspection imagery.",NDT inspection; Industrial inspection,NOT CONFIRMED | NOT CONFIRMED | Website/contact form | https://www.acuren.com/,NOT CONFIRMED,NOT CONFIRMED,NOT CONFIRMED,"Offer construction-progress mapping, as-built documentation, aerial LiDAR/topographic capture and inspection imagery around ndt inspection, materials engineering, asset integrity workloads.",90,75,New,Wave 2 construction/heavy-civil/inspection expansion.,2026-07-20
on-wave2-mistras-group-canada,MISTRAS Group Canada,Inspection,Burlington,Ontario,Ontario; Canada,NDT inspection; Asset protection; Condition monitoring; Industrial inspection,Industrial clients; Utilities; Infrastructure owners,https://www.mistrasgroup.com/; https://orcga.com/members/,"Inspection firm with public signals for ndt inspection, asset protection, condition monitoring work.","Provides ndt inspection, asset protection, condition monitoring, industrial inspection services for industrial clients, utilities, infrastructure owners, creating a fit for RPAS site documentation, aerial progress capture, LiDAR/topographic support and inspection imagery.",NDT inspection; Condition monitoring; Industrial inspection,NOT CONFIRMED | NOT CONFIRMED | Website/contact form | https://www.mistrasgroup.com/,NOT CONFIRMED,NOT CONFIRMED,NOT CONFIRMED,"Offer construction-progress mapping, as-built documentation, aerial LiDAR/topographic capture and inspection imagery around ndt inspection, asset protection, condition monitoring workloads.",90,75,New,Wave 2 construction/heavy-civil/inspection expansion.,2026-07-20
on-wave2-irisndt,IRISNDT,Inspection,Burlington,Ontario,Ontario; Canada,NDT inspection; Engineering inspection; Asset integrity; Industrial services,Industrial clients; Energy clients; Infrastructure owners,https://www.irisndt.com/; https://orcga.com/members/,"Inspection firm with public signals for ndt inspection, engineering inspection, asset integrity work.","Provides ndt inspection, engineering inspection, asset integrity, industrial services services for industrial clients, energy clients, infrastructure owners, creating a fit for RPAS site documentation, aerial progress capture, LiDAR/topographic support and inspection imagery.",NDT inspection; Engineering inspection,NOT CONFIRMED | NOT CONFIRMED | Website/contact form | https://www.irisndt.com/,NOT CONFIRMED,NOT CONFIRMED,NOT CONFIRMED,"Offer construction-progress mapping, as-built documentation, aerial LiDAR/topographic capture and inspection imagery around ndt inspection, engineering inspection, asset integrity workloads.",90,75,New,Wave 2 construction/heavy-civil/inspection expansion.,2026-07-20
on-wave2-flynn-group-of-companies,Flynn Group of Companies,Roofing/Envelope,Mississauga,Ontario,Ontario; Canada,Commercial roofing; Building envelope; Glazing; Architectural metals,Commercial owners; Institutions; General contractors,https://flynncompanies.com/; https://secure.ontarioroofing.com/,"Roofing/Envelope firm with public signals for commercial roofing, building envelope, glazing work.","Provides commercial roofing, building envelope, glazing, architectural metals services for commercial owners, institutions, general contractors, creating a fit for RPAS site documentation, aerial progress capture, LiDAR/topographic support and inspection imagery.",Commercial roofing; Building envelope,NOT CONFIRMED | NOT CONFIRMED | Website/contact form | https://flynncompanies.com/,NOT CONFIRMED,NOT CONFIRMED,NOT CONFIRMED,"Offer construction-progress mapping, as-built documentation, aerial LiDAR/topographic capture and inspection imagery around commercial roofing, building envelope, glazing workloads.",90,75,New,Wave 2 construction/heavy-civil/inspection expansion.,2026-07-20
on-wave2-semple-gooder-roofing-corporation,Semple Gooder Roofing Corporation,Roofing/Envelope,Toronto,Ontario,Greater Toronto Area; Ontario,Commercial roofing; Roof replacement; Roof maintenance; Roofing service,Commercial owners; Institutions; Property managers,https://semplegooder.com/; https://secure.ontarioroofing.com/,"Roofing/Envelope firm with public signals for commercial roofing, roof replacement, roof maintenance work.","Provides commercial roofing, roof replacement, roof maintenance, roofing service services for commercial owners, institutions, property managers, creating a fit for RPAS site documentation, aerial progress capture, LiDAR/topographic support and inspection imagery.",Commercial roofing; Roof replacement; Roof maintenance; Roofing service,NOT CONFIRMED | NOT CONFIRMED | Website/contact form | https://semplegooder.com/,NOT CONFIRMED,NOT CONFIRMED,NOT CONFIRMED,"Offer construction-progress mapping, as-built documentation, aerial LiDAR/topographic capture and inspection imagery around commercial roofing, roof replacement, roof maintenance workloads.",90,75,New,Wave 2 construction/heavy-civil/inspection expansion.,2026-07-20
on-wave2-bothwell-accurate,Bothwell-Accurate,Roofing/Envelope,Mississauga,Ontario,Ontario,Commercial roofing; Waterproofing; Building envelope; Metal cladding,General contractors; Commercial owners; Institutions,https://bothwell-accurate.com/; https://secure.ontarioroofing.com/,"Roofing/Envelope firm with public signals for commercial roofing, waterproofing, building envelope work.","Provides commercial roofing, waterproofing, building envelope, metal cladding services for general contractors, commercial owners, institutions, creating a fit for RPAS site documentation, aerial progress capture, LiDAR/topographic support and inspection imagery.",Commercial roofing; Waterproofing; Building envelope,NOT CONFIRMED | NOT CONFIRMED | Website/contact form | https://bothwell-accurate.com/,NOT CONFIRMED,NOT CONFIRMED,NOT CONFIRMED,"Offer construction-progress mapping, as-built documentation, aerial LiDAR/topographic capture and inspection imagery around commercial roofing, waterproofing, building envelope workloads.",90,75,New,Wave 2 construction/heavy-civil/inspection expansion.,2026-07-20
on-wave2-atlas-apex-roofing-inc,Atlas-Apex Roofing Inc.,Roofing/Envelope,Etobicoke,Ontario,Ontario; Canada,Commercial roofing; Roof maintenance; Waterproofing; Building envelope,Commercial owners; Institutions; Property managers,https://atlas-apex.com/; https://secure.ontarioroofing.com/,"Roofing/Envelope firm with public signals for commercial roofing, roof maintenance, waterproofing work.","Provides commercial roofing, roof maintenance, waterproofing, building envelope services for commercial owners, institutions, property managers, creating a fit for RPAS site documentation, aerial progress capture, LiDAR/topographic support and inspection imagery.",Commercial roofing; Roof maintenance; Waterproofing; Building envelope,NOT CONFIRMED | NOT CONFIRMED | Website/contact form | https://atlas-apex.com/,NOT CONFIRMED,NOT CONFIRMED,NOT CONFIRMED,"Offer construction-progress mapping, as-built documentation, aerial LiDAR/topographic capture and inspection imagery around commercial roofing, roof maintenance, waterproofing workloads.",90,75,New,Wave 2 construction/heavy-civil/inspection expansion.,2026-07-20
on-wave2-canadian-roof-management-services-ltd,Canadian Roof Management Services Ltd.,Inspection,Mississauga,Ontario,Ontario,Roof consulting; Roof inspections; Asset management; Condition assessments,Commercial owners; Property managers; Institutions,https://canadianroofmanagement.ca/; https://secure.ontarioroofing.com/,"Inspection firm with public signals for roof consulting, roof inspections, asset management work.","Provides roof consulting, roof inspections, asset management, condition assessments services for commercial owners, property managers, institutions, creating a fit for RPAS site documentation, aerial progress capture, LiDAR/topographic support and inspection imagery.",Roof consulting; Roof inspections; Condition assessments,NOT CONFIRMED | NOT CONFIRMED | Website/contact form | https://canadianroofmanagement.ca/,NOT CONFIRMED,NOT CONFIRMED,NOT CONFIRMED,"Offer construction-progress mapping, as-built documentation, aerial LiDAR/topographic capture and inspection imagery around roof consulting, roof inspections, asset management workloads.",90,75,New,Wave 2 construction/heavy-civil/inspection expansion.,2026-07-20
on-wave2-tremco-roofing-canada,Tremco Roofing Canada,Roofing/Envelope,Toronto,Ontario,Ontario; Canada,Roof restoration; Roof assessment; Building envelope; Weatherproofing,Commercial owners; Institutions; Property managers,https://www.tremcoroofing.com/; https://secure.ontarioroofing.com/,"Roofing/Envelope firm with public signals for roof restoration, roof assessment, building envelope work.","Provides roof restoration, roof assessment, building envelope, weatherproofing services for commercial owners, institutions, property managers, creating a fit for RPAS site documentation, aerial progress capture, LiDAR/topographic support and inspection imagery.",Roof restoration; Roof assessment; Building envelope; Weatherproofing,NOT CONFIRMED | NOT CONFIRMED | Website/contact form | https://www.tremcoroofing.com/,NOT CONFIRMED,NOT CONFIRMED,NOT CONFIRMED,"Offer construction-progress mapping, as-built documentation, aerial LiDAR/topographic capture and inspection imagery around roof restoration, roof assessment, building envelope workloads.",90,75,New,Wave 2 construction/heavy-civil/inspection expansion.,2026-07-20
on-wave2-garland-canada-inc,Garland Canada Inc.,Roofing/Envelope,Toronto,Ontario,Ontario; Canada,Roofing systems; Building envelope; Roof assessment; Asset management,Commercial owners; Institutions; Property managers,https://www.garlandcanada.com/; https://secure.ontarioroofing.com/,"Roofing/Envelope firm with public signals for roofing systems, building envelope, roof assessment work.","Provides roofing systems, building envelope, roof assessment, asset management services for commercial owners, institutions, property managers, creating a fit for RPAS site documentation, aerial progress capture, LiDAR/topographic support and inspection imagery.",Roofing systems; Building envelope; Roof assessment,NOT CONFIRMED | NOT CONFIRMED | Website/contact form | https://www.garlandcanada.com/,NOT CONFIRMED,NOT CONFIRMED,NOT CONFIRMED,"Offer construction-progress mapping, as-built documentation, aerial LiDAR/topographic capture and inspection imagery around roofing systems, building envelope, roof assessment workloads.",90,75,New,Wave 2 construction/heavy-civil/inspection expansion.,2026-07-20
on-wave3-municipal-public-works-city-of-toronto-public-works,City of Toronto Public Works,Municipal/Public Works,Toronto,Ontario,Toronto,Roads and bridges; Public works; Water and wastewater; Stormwater assets; Capital projects,Municipal public works; Engineering departments; Operations teams,https://www.toronto.ca/; https://www.ontario.ca/page/list-ontario-municipalities,"Municipal/Public Works lead with public-source relevance to roads and bridges, public works, water and wastewater work.","Public-source category fit indicates roads and bridges, public works, water and wastewater, stormwater assets responsibilities or market activity, creating a fit for DSCI aerial mapping, site documentation, LiDAR-ready capture and inspection support.",Roads and bridges; Water and wastewater; Stormwater assets; Capital projects,NOT CONFIRMED | NOT CONFIRMED | Website/contact form | https://www.toronto.ca/,NOT CONFIRMED,NOT CONFIRMED,NOT CONFIRMED,"Offer aerial asset documentation, corridor mapping, construction-progress capture and inspection imagery for public works and capital projects.",86,75,New,Wave 3 remaining-category expansion; verify contact details before outreach.,2026-07-20
on-wave3-municipal-public-works-city-of-ottawa-public-works,City of Ottawa Public Works,Municipal/Public Works,Ottawa,Ontario,Ottawa; Eastern Ontario,Roads and bridges; Public works; Water and wastewater; Stormwater assets; Capital projects,Municipal public works; Engineering departments; Operations teams,https://ottawa.ca/; https://www.ontario.ca/page/list-ontario-municipalities,"Municipal/Public Works lead with public-source relevance to roads and bridges, public works, water and wastewater work.","Public-source category fit indicates roads and bridges, public works, water and wastewater, stormwater assets responsibilities or market activity, creating a fit for DSCI aerial mapping, site documentation, LiDAR-ready capture and inspection support.",Roads and bridges; Water and wastewater; Stormwater assets; Capital projects,NOT CONFIRMED | NOT CONFIRMED | Website/contact form | https://ottawa.ca/,NOT CONFIRMED,NOT CONFIRMED,NOT CONFIRMED,"Offer aerial asset documentation, corridor mapping, construction-progress capture and inspection imagery for public works and capital projects.",86,75,New,Wave 3 remaining-category expansion; verify contact details before outreach.,2026-07-20
on-wave3-municipal-public-works-city-of-mississauga-works-operations,City of Mississauga Works Operations,Municipal/Public Works,Mississauga,Ontario,Peel; Greater Toronto Area,Roads and bridges; Public works; Water and wastewater; Stormwater assets; Capital projects,Municipal public works; Engineering departments; Operations teams,https://www.mississauga.ca/; https://www.ontario.ca/page/list-ontario-municipalities,"Municipal/Public Works lead with public-source relevance to roads and bridges, public works, water and wastewater work.","Public-source category fit indicates roads and bridges, public works, water and wastewater, stormwater assets responsibilities or market activity, creating a fit for DSCI aerial mapping, site documentation, LiDAR-ready capture and inspection support.",Roads and bridges; Water and wastewater; Stormwater assets; Capital projects,NOT CONFIRMED | NOT CONFIRMED | Website/contact form | https://www.mississauga.ca/,NOT CONFIRMED,NOT CONFIRMED,NOT CONFIRMED,"Offer aerial asset documentation, corridor mapping, construction-progress capture and inspection imagery for public works and capital projects.",86,75,New,Wave 3 remaining-category expansion; verify contact details before outreach.,2026-07-20
on-wave3-municipal-public-works-city-of-brampton-public-works,City of Brampton Public Works,Municipal/Public Works,Brampton,Ontario,Peel; Greater Toronto Area,Roads and bridges; Public works; Water and wastewater; Stormwater assets; Capital projects,Municipal public works; Engineering departments; Operations teams,https://www.brampton.ca/; https://www.ontario.ca/page/list-ontario-municipalities,"Municipal/Public Works lead with public-source relevance to roads and bridges, public works, water and wastewater work.","Public-source category fit indicates roads and bridges, public works, water and wastewater, stormwater assets responsibilities or market activity, creating a fit for DSCI aerial mapping, site documentation, LiDAR-ready capture and inspection support.",Roads and bridges; Water and wastewater; Stormwater assets; Capital projects,NOT CONFIRMED | NOT CONFIRMED | Website/contact form | https://www.brampton.ca/,NOT CONFIRMED,NOT CONFIRMED,NOT CONFIRMED,"Offer aerial asset documentation, corridor mapping, construction-progress capture and inspection imagery for public works and capital projects.",86,75,New,Wave 3 remaining-category expansion; verify contact details before outreach.,2026-07-20
on-wave3-municipal-public-works-city-of-hamilton-public-works,City of Hamilton Public Works,Municipal/Public Works,Hamilton,Ontario,Hamilton,Roads and bridges; Public works; Water and wastewater; Stormwater assets; Capital projects,Municipal public works; Engineering departments; Operations teams,https://www.hamilton.ca/; https://www.ontario.ca/page/list-ontario-municipalities,"Municipal/Public Works lead with public-source relevance to roads and bridges, public works, water and wastewater work.","Public-source category fit indicates roads and bridges, public works, water and wastewater, stormwater assets responsibilities or market activity, creating a fit for DSCI aerial mapping, site documentation, LiDAR-ready capture and inspection support.",Roads and bridges; Water and wastewater; Stormwater assets; Capital projects,NOT CONFIRMED | NOT CONFIRMED | Website/contact form | https://www.hamilton.ca/,NOT CONFIRMED,NOT CONFIRMED,NOT CONFIRMED,"Offer aerial asset documentation, corridor mapping, construction-progress capture and inspection imagery for public works and capital projects.",86,75,New,Wave 3 remaining-category expansion; verify contact details before outreach.,2026-07-20
on-wave3-municipal-public-works-city-of-london-public-works,City of London Public Works,Municipal/Public Works,London,Ontario,London; Southwestern Ontario,Roads and bridges; Public works; Water and wastewater; Stormwater assets; Capital projects,Municipal public works; Engineering departments; Operations teams,https://london.ca/; https://www.ontario.ca/page/list-ontario-municipalities,"Municipal/Public Works lead with public-source relevance to roads and bridges, public works, water and wastewater work.","Public-source category fit indicates roads and bridges, public works, water and wastewater, stormwater assets responsibilities or market activity, creating a fit for DSCI aerial mapping, site documentation, LiDAR-ready capture and inspection support.",Roads and bridges; Water and wastewater; Stormwater assets; Capital projects,NOT CONFIRMED | NOT CONFIRMED | Website/contact form | https://london.ca/,NOT CONFIRMED,NOT CONFIRMED,NOT CONFIRMED,"Offer aerial asset documentation, corridor mapping, construction-progress capture and inspection imagery for public works and capital projects.",86,75,New,Wave 3 remaining-category expansion; verify contact details before outreach.,2026-07-20
on-wave3-municipal-public-works-city-of-markham-engineering-and-public-works,City of Markham Engineering and Public Works,Municipal/Public Works,Markham,Ontario,York Region,Roads and bridges; Public works; Water and wastewater; Stormwater assets; Capital projects,Municipal public works; Engineering departments; Operations teams,https://www.markham.ca/; https://www.ontario.ca/page/list-ontario-municipalities,"Municipal/Public Works lead with public-source relevance to roads and bridges, public works, water and wastewater work.","Public-source category fit indicates roads and bridges, public works, water and wastewater, stormwater assets responsibilities or market activity, creating a fit for DSCI aerial mapping, site documentation, LiDAR-ready capture and inspection support.",Roads and bridges; Water and wastewater; Stormwater assets; Capital projects,NOT CONFIRMED | NOT CONFIRMED | Website/contact form | https://www.markham.ca/,NOT CONFIRMED,NOT CONFIRMED,NOT CONFIRMED,"Offer aerial asset documentation, corridor mapping, construction-progress capture and inspection imagery for public works and capital projects.",86,75,New,Wave 3 remaining-category expansion; verify contact details before outreach.,2026-07-20
on-wave3-municipal-public-works-city-of-vaughan-public-works,City of Vaughan Public Works,Municipal/Public Works,Vaughan,Ontario,York Region,Roads and bridges; Public works; Water and wastewater; Stormwater assets; Capital projects,Municipal public works; Engineering departments; Operations teams,https://www.vaughan.ca/; https://www.ontario.ca/page/list-ontario-municipalities,"Municipal/Public Works lead with public-source relevance to roads and bridges, public works, water and wastewater work.","Public-source category fit indicates roads and bridges, public works, water and wastewater, stormwater assets responsibilities or market activity, creating a fit for DSCI aerial mapping, site documentation, LiDAR-ready capture and inspection support.",Roads and bridges; Water and wastewater; Stormwater assets; Capital projects,NOT CONFIRMED | NOT CONFIRMED | Website/contact form | https://www.vaughan.ca/,NOT CONFIRMED,NOT CONFIRMED,NOT CONFIRMED,"Offer aerial asset documentation, corridor mapping, construction-progress capture and inspection imagery for public works and capital projects.",86,75,New,Wave 3 remaining-category expansion; verify contact details before outreach.,2026-07-20
on-wave3-municipal-public-works-city-of-kitchener-infrastructure-services,City of Kitchener Infrastructure Services,Municipal/Public Works,Kitchener,Ontario,Waterloo Region,Roads and bridges; Public works; Water and wastewater; Stormwater assets; Capital projects,Municipal public works; Engineering departments; Operations teams,https://www.kitchener.ca/; https://www.ontario.ca/page/list-ontario-municipalities,"Municipal/Public Works lead with public-source relevance to roads and bridges, public works, water and wastewater work.","Public-source category fit indicates roads and bridges, public works, water and wastewater, stormwater assets responsibilities or market activity, creating a fit for DSCI aerial mapping, site documentation, LiDAR-ready capture and inspection support.",Roads and bridges; Water and wastewater; Stormwater assets; Capital projects,NOT CONFIRMED | NOT CONFIRMED | Website/contact form | https://www.kitchener.ca/,NOT CONFIRMED,NOT CONFIRMED,NOT CONFIRMED,"Offer aerial asset documentation, corridor mapping, construction-progress capture and inspection imagery for public works and capital projects.",86,75,New,Wave 3 remaining-category expansion; verify contact details before outreach.,2026-07-20
on-wave3-municipal-public-works-city-of-windsor-public-works,City of Windsor Public Works,Municipal/Public Works,Windsor,Ontario,Windsor; Essex County,Roads and bridges; Public works; Water and wastewater; Stormwater assets; Capital projects,Municipal public works; Engineering departments; Operations teams,https://www.citywindsor.ca/; https://www.ontario.ca/page/list-ontario-municipalities,"Municipal/Public Works lead with public-source relevance to roads and bridges, public works, water and wastewater work.","Public-source category fit indicates roads and bridges, public works, water and wastewater, stormwater assets responsibilities or market activity, creating a fit for DSCI aerial mapping, site documentation, LiDAR-ready capture and inspection support.",Roads and bridges; Water and wastewater; Stormwater assets; Capital projects,NOT CONFIRMED | NOT CONFIRMED | Website/contact form | https://www.citywindsor.ca/,NOT CONFIRMED,NOT CONFIRMED,NOT CONFIRMED,"Offer aerial asset documentation, corridor mapping, construction-progress capture and inspection imagery for public works and capital projects.",86,75,New,Wave 3 remaining-category expansion; verify contact details before outreach.,2026-07-20
on-wave3-municipal-public-works-city-of-richmond-hill-public-works,City of Richmond Hill Public Works,Municipal/Public Works,Richmond Hill,Ontario,York Region,Roads and bridges; Public works; Water and wastewater; Stormwater assets; Capital projects,Municipal public works; Engineering departments; Operations teams,https://www.richmondhill.ca/; https://www.ontario.ca/page/list-ontario-municipalities,"Municipal/Public Works lead with public-source relevance to roads and bridges, public works, water and wastewater work.","Public-source category fit indicates roads and bridges, public works, water and wastewater, stormwater assets responsibilities or market activity, creating a fit for DSCI aerial mapping, site documentation, LiDAR-ready capture and inspection support.",Roads and bridges; Water and wastewater; Stormwater assets; Capital projects,NOT CONFIRMED | NOT CONFIRMED | Website/contact form | https://www.richmondhill.ca/,NOT CONFIRMED,NOT CONFIRMED,NOT CONFIRMED,"Offer aerial asset documentation, corridor mapping, construction-progress capture and inspection imagery for public works and capital projects.",86,75,New,Wave 3 remaining-category expansion; verify contact details before outreach.,2026-07-20
on-wave3-municipal-public-works-town-of-oakville-public-works,Town of Oakville Public Works,Municipal/Public Works,Oakville,Ontario,Halton Region,Roads and bridges; Public works; Water and wastewater; Stormwater assets; Capital projects,Municipal public works; Engineering departments; Operations teams,https://www.oakville.ca/; https://www.ontario.ca/page/list-ontario-municipalities,"Municipal/Public Works lead with public-source relevance to roads and bridges, public works, water and wastewater work.","Public-source category fit indicates roads and bridges, public works, water and wastewater, stormwater assets responsibilities or market activity, creating a fit for DSCI aerial mapping, site documentation, LiDAR-ready capture and inspection support.",Roads and bridges; Water and wastewater; Stormwater assets; Capital projects,NOT CONFIRMED | NOT CONFIRMED | Website/contact form | https://www.oakville.ca/,NOT CONFIRMED,NOT CONFIRMED,NOT CONFIRMED,"Offer aerial asset documentation, corridor mapping, construction-progress capture and inspection imagery for public works and capital projects.",86,75,New,Wave 3 remaining-category expansion; verify contact details before outreach.,2026-07-20
on-wave3-municipal-public-works-city-of-burlington-engineering-services,City of Burlington Engineering Services,Municipal/Public Works,Burlington,Ontario,Halton Region,Roads and bridges; Public works; Water and wastewater; Stormwater assets; Capital projects,Municipal public works; Engineering departments; Operations teams,https://www.burlington.ca/; https://www.ontario.ca/page/list-ontario-municipalities,"Municipal/Public Works lead with public-source relevance to roads and bridges, public works, water and wastewater work.","Public-source category fit indicates roads and bridges, public works, water and wastewater, stormwater assets responsibilities or market activity, creating a fit for DSCI aerial mapping, site documentation, LiDAR-ready capture and inspection support.",Roads and bridges; Water and wastewater; Stormwater assets; Capital projects,NOT CONFIRMED | NOT CONFIRMED | Website/contact form | https://www.burlington.ca/,NOT CONFIRMED,NOT CONFIRMED,NOT CONFIRMED,"Offer aerial asset documentation, corridor mapping, construction-progress capture and inspection imagery for public works and capital projects.",86,75,New,Wave 3 remaining-category expansion; verify contact details before outreach.,2026-07-20
on-wave3-municipal-public-works-city-of-greater-sudbury-infrastructure-services,City of Greater Sudbury Infrastructure Services,Municipal/Public Works,Sudbury,Ontario,Northern Ontario,Roads and bridges; Public works; Water and wastewater; Stormwater assets; Capital projects,Municipal public works; Engineering departments; Operations teams,https://www.greatersudbury.ca/; https://www.ontario.ca/page/list-ontario-municipalities,"Municipal/Public Works lead with public-source relevance to roads and bridges, public works, water and wastewater work.","Public-source category fit indicates roads and bridges, public works, water and wastewater, stormwater assets responsibilities or market activity, creating a fit for DSCI aerial mapping, site documentation, LiDAR-ready capture and inspection support.",Roads and bridges; Water and wastewater; Stormwater assets; Capital projects,NOT CONFIRMED | NOT CONFIRMED | Website/contact form | https://www.greatersudbury.ca/,NOT CONFIRMED,NOT CONFIRMED,NOT CONFIRMED,"Offer aerial asset documentation, corridor mapping, construction-progress capture and inspection imagery for public works and capital projects.",86,75,New,Wave 3 remaining-category expansion; verify contact details before outreach.,2026-07-20
on-wave3-municipal-public-works-city-of-oshawa-works-services,City of Oshawa Works Services,Municipal/Public Works,Oshawa,Ontario,Durham Region,Roads and bridges; Public works; Water and wastewater; Stormwater assets; Capital projects,Municipal public works; Engineering departments; Operations teams,https://www.oshawa.ca/; https://www.ontario.ca/page/list-ontario-municipalities,"Municipal/Public Works lead with public-source relevance to roads and bridges, public works, water and wastewater work.","Public-source category fit indicates roads and bridges, public works, water and wastewater, stormwater assets responsibilities or market activity, creating a fit for DSCI aerial mapping, site documentation, LiDAR-ready capture and inspection support.",Roads and bridges; Water and wastewater; Stormwater assets; Capital projects,NOT CONFIRMED | NOT CONFIRMED | Website/contact form | https://www.oshawa.ca/,NOT CONFIRMED,NOT CONFIRMED,NOT CONFIRMED,"Offer aerial asset documentation, corridor mapping, construction-progress capture and inspection imagery for public works and capital projects.",86,75,New,Wave 3 remaining-category expansion; verify contact details before outreach.,2026-07-20
on-wave3-municipal-public-works-city-of-barrie-infrastructure-department,City of Barrie Infrastructure Department,Municipal/Public Works,Barrie,Ontario,Simcoe County,Roads and bridges; Public works; Water and wastewater; Stormwater assets; Capital projects,Municipal public works; Engineering departments; Operations teams,https://www.barrie.ca/; https://www.ontario.ca/page/list-ontario-municipalities,"Municipal/Public Works lead with public-source relevance to roads and bridges, public works, water and wastewater work.","Public-source category fit indicates roads and bridges, public works, water and wastewater, stormwater assets responsibilities or market activity, creating a fit for DSCI aerial mapping, site documentation, LiDAR-ready capture and inspection support.",Roads and bridges; Water and wastewater; Stormwater assets; Capital projects,NOT CONFIRMED | NOT CONFIRMED | Website/contact form | https://www.barrie.ca/,NOT CONFIRMED,NOT CONFIRMED,NOT CONFIRMED,"Offer aerial asset documentation, corridor mapping, construction-progress capture and inspection imagery for public works and capital projects.",86,75,New,Wave 3 remaining-category expansion; verify contact details before outreach.,2026-07-20
on-wave3-municipal-public-works-city-of-st-catharines-engineering-and-public-works,City of St. Catharines Engineering and Public Works,Municipal/Public Works,St. Catharines,Ontario,Niagara Region,Roads and bridges; Public works; Water and wastewater; Stormwater assets; Capital projects,Municipal public works; Engineering departments; Operations teams,https://www.stcatharines.ca/; https://www.ontario.ca/page/list-ontario-municipalities,"Municipal/Public Works lead with public-source relevance to roads and bridges, public works, water and wastewater work.","Public-source category fit indicates roads and bridges, public works, water and wastewater, stormwater assets responsibilities or market activity, creating a fit for DSCI aerial mapping, site documentation, LiDAR-ready capture and inspection support.",Roads and bridges; Water and wastewater; Stormwater assets; Capital projects,NOT CONFIRMED | NOT CONFIRMED | Website/contact form | https://www.stcatharines.ca/,NOT CONFIRMED,NOT CONFIRMED,NOT CONFIRMED,"Offer aerial asset documentation, corridor mapping, construction-progress capture and inspection imagery for public works and capital projects.",86,75,New,Wave 3 remaining-category expansion; verify contact details before outreach.,2026-07-20
on-wave3-municipal-public-works-city-of-cambridge-public-works,City of Cambridge Public Works,Municipal/Public Works,Cambridge,Ontario,Waterloo Region,Roads and bridges; Public works; Water and wastewater; Stormwater assets; Capital projects,Municipal public works; Engineering departments; Operations teams,https://www.cambridge.ca/; https://www.ontario.ca/page/list-ontario-municipalities,"Municipal/Public Works lead with public-source relevance to roads and bridges, public works, water and wastewater work.","Public-source category fit indicates roads and bridges, public works, water and wastewater, stormwater assets responsibilities or market activity, creating a fit for DSCI aerial mapping, site documentation, LiDAR-ready capture and inspection support.",Roads and bridges; Water and wastewater; Stormwater assets; Capital projects,NOT CONFIRMED | NOT CONFIRMED | Website/contact form | https://www.cambridge.ca/,NOT CONFIRMED,NOT CONFIRMED,NOT CONFIRMED,"Offer aerial asset documentation, corridor mapping, construction-progress capture and inspection imagery for public works and capital projects.",86,75,New,Wave 3 remaining-category expansion; verify contact details before outreach.,2026-07-20
on-wave3-municipal-public-works-city-of-guelph-public-works,City of Guelph Public Works,Municipal/Public Works,Guelph,Ontario,Wellington County,Roads and bridges; Public works; Water and wastewater; Stormwater assets; Capital projects,Municipal public works; Engineering departments; Operations teams,https://guelph.ca/; https://www.ontario.ca/page/list-ontario-municipalities,"Municipal/Public Works lead with public-source relevance to roads and bridges, public works, water and wastewater work.","Public-source category fit indicates roads and bridges, public works, water and wastewater, stormwater assets responsibilities or market activity, creating a fit for DSCI aerial mapping, site documentation, LiDAR-ready capture and inspection support.",Roads and bridges; Water and wastewater; Stormwater assets; Capital projects,NOT CONFIRMED | NOT CONFIRMED | Website/contact form | https://guelph.ca/,NOT CONFIRMED,NOT CONFIRMED,NOT CONFIRMED,"Offer aerial asset documentation, corridor mapping, construction-progress capture and inspection imagery for public works and capital projects.",86,75,New,Wave 3 remaining-category expansion; verify contact details before outreach.,2026-07-20
on-wave3-municipal-public-works-town-of-whitby-public-works,Town of Whitby Public Works,Municipal/Public Works,Whitby,Ontario,Durham Region,Roads and bridges; Public works; Water and wastewater; Stormwater assets; Capital projects,Municipal public works; Engineering departments; Operations teams,https://www.whitby.ca/; https://www.ontario.ca/page/list-ontario-municipalities,"Municipal/Public Works lead with public-source relevance to roads and bridges, public works, water and wastewater work.","Public-source category fit indicates roads and bridges, public works, water and wastewater, stormwater assets responsibilities or market activity, creating a fit for DSCI aerial mapping, site documentation, LiDAR-ready capture and inspection support.",Roads and bridges; Water and wastewater; Stormwater assets; Capital projects,NOT CONFIRMED | NOT CONFIRMED | Website/contact form | https://www.whitby.ca/,NOT CONFIRMED,NOT CONFIRMED,NOT CONFIRMED,"Offer aerial asset documentation, corridor mapping, construction-progress capture and inspection imagery for public works and capital projects.",86,75,New,Wave 3 remaining-category expansion; verify contact details before outreach.,2026-07-20
on-wave3-municipal-public-works-town-of-ajax-operations-and-environmental-services,Town of Ajax Operations and Environmental Services,Municipal/Public Works,Ajax,Ontario,Durham Region,Roads and bridges; Public works; Water and wastewater; Stormwater assets; Capital projects,Municipal public works; Engineering departments; Operations teams,https://www.ajax.ca/; https://www.ontario.ca/page/list-ontario-municipalities,"Municipal/Public Works lead with public-source relevance to roads and bridges, public works, water and wastewater work.","Public-source category fit indicates roads and bridges, public works, water and wastewater, stormwater assets responsibilities or market activity, creating a fit for DSCI aerial mapping, site documentation, LiDAR-ready capture and inspection support.",Roads and bridges; Water and wastewater; Stormwater assets; Capital projects,NOT CONFIRMED | NOT CONFIRMED | Website/contact form | https://www.ajax.ca/,NOT CONFIRMED,NOT CONFIRMED,NOT CONFIRMED,"Offer aerial asset documentation, corridor mapping, construction-progress capture and inspection imagery for public works and capital projects.",86,75,New,Wave 3 remaining-category expansion; verify contact details before outreach.,2026-07-20
on-wave3-municipal-public-works-town-of-milton-engineering-services,Town of Milton Engineering Services,Municipal/Public Works,Milton,Ontario,Halton Region,Roads and bridges; Public works; Water and wastewater; Stormwater assets; Capital projects,Municipal public works; Engineering departments; Operations teams,https://www.milton.ca/; https://www.ontario.ca/page/list-ontario-municipalities,"Municipal/Public Works lead with public-source relevance to roads and bridges, public works, water and wastewater work.","Public-source category fit indicates roads and bridges, public works, water and wastewater, stormwater assets responsibilities or market activity, creating a fit for DSCI aerial mapping, site documentation, LiDAR-ready capture and inspection support.",Roads and bridges; Water and wastewater; Stormwater assets; Capital projects,NOT CONFIRMED | NOT CONFIRMED | Website/contact form | https://www.milton.ca/,NOT CONFIRMED,NOT CONFIRMED,NOT CONFIRMED,"Offer aerial asset documentation, corridor mapping, construction-progress capture and inspection imagery for public works and capital projects.",86,75,New,Wave 3 remaining-category expansion; verify contact details before outreach.,2026-07-20
on-wave3-municipal-public-works-city-of-waterloo-transportation-and-environmental-services,City of Waterloo Transportation and Environmental Services,Municipal/Public Works,Waterloo,Ontario,Waterloo Region,Roads and bridges; Public works; Water and wastewater; Stormwater assets; Capital projects,Municipal public works; Engineering departments; Operations teams,https://www.waterloo.ca/; https://www.ontario.ca/page/list-ontario-municipalities,"Municipal/Public Works lead with public-source relevance to roads and bridges, public works, water and wastewater work.","Public-source category fit indicates roads and bridges, public works, water and wastewater, stormwater assets responsibilities or market activity, creating a fit for DSCI aerial mapping, site documentation, LiDAR-ready capture and inspection support.",Roads and bridges; Water and wastewater; Stormwater assets; Capital projects,NOT CONFIRMED | NOT CONFIRMED | Website/contact form | https://www.waterloo.ca/,NOT CONFIRMED,NOT CONFIRMED,NOT CONFIRMED,"Offer aerial asset documentation, corridor mapping, construction-progress capture and inspection imagery for public works and capital projects.",86,75,New,Wave 3 remaining-category expansion; verify contact details before outreach.,2026-07-20
on-wave3-municipal-public-works-city-of-thunder-bay-infrastructure-and-operations,City of Thunder Bay Infrastructure and Operations,Municipal/Public Works,Thunder Bay,Ontario,Northwestern Ontario,Roads and bridges; Public works; Water and wastewater; Stormwater assets; Capital projects,Municipal public works; Engineering departments; Operations teams,https://www.thunderbay.ca/; https://www.ontario.ca/page/list-ontario-municipalities,"Municipal/Public Works lead with public-source relevance to roads and bridges, public works, water and wastewater work.","Public-source category fit indicates roads and bridges, public works, water and wastewater, stormwater assets responsibilities or market activity, creating a fit for DSCI aerial mapping, site documentation, LiDAR-ready capture and inspection support.",Roads and bridges; Water and wastewater; Stormwater assets; Capital projects,NOT CONFIRMED | NOT CONFIRMED | Website/contact form | https://www.thunderbay.ca/,NOT CONFIRMED,NOT CONFIRMED,NOT CONFIRMED,"Offer aerial asset documentation, corridor mapping, construction-progress capture and inspection imagery for public works and capital projects.",86,75,New,Wave 3 remaining-category expansion; verify contact details before outreach.,2026-07-20
on-wave3-municipal-public-works-municipality-of-chatham-kent-public-works,Municipality of Chatham-Kent Public Works,Municipal/Public Works,Chatham,Ontario,Chatham-Kent,Roads and bridges; Public works; Water and wastewater; Stormwater assets; Capital projects,Municipal public works; Engineering departments; Operations teams,https://www.chatham-kent.ca/; https://www.ontario.ca/page/list-ontario-municipalities,"Municipal/Public Works lead with public-source relevance to roads and bridges, public works, water and wastewater work.","Public-source category fit indicates roads and bridges, public works, water and wastewater, stormwater assets responsibilities or market activity, creating a fit for DSCI aerial mapping, site documentation, LiDAR-ready capture and inspection support.",Roads and bridges; Water and wastewater; Stormwater assets; Capital projects,NOT CONFIRMED | NOT CONFIRMED | Website/contact form | https://www.chatham-kent.ca/,NOT CONFIRMED,NOT CONFIRMED,NOT CONFIRMED,"Offer aerial asset documentation, corridor mapping, construction-progress capture and inspection imagery for public works and capital projects.",86,75,New,Wave 3 remaining-category expansion; verify contact details before outreach.,2026-07-20
on-wave3-municipal-public-works-city-of-brantford-engineering-services,City of Brantford Engineering Services,Municipal/Public Works,Brantford,Ontario,Brantford,Roads and bridges; Public works; Water and wastewater; Stormwater assets; Capital projects,Municipal public works; Engineering departments; Operations teams,https://www.brantford.ca/; https://www.ontario.ca/page/list-ontario-municipalities,"Municipal/Public Works lead with public-source relevance to roads and bridges, public works, water and wastewater work.","Public-source category fit indicates roads and bridges, public works, water and wastewater, stormwater assets responsibilities or market activity, creating a fit for DSCI aerial mapping, site documentation, LiDAR-ready capture and inspection support.",Roads and bridges; Water and wastewater; Stormwater assets; Capital projects,NOT CONFIRMED | NOT CONFIRMED | Website/contact form | https://www.brantford.ca/,NOT CONFIRMED,NOT CONFIRMED,NOT CONFIRMED,"Offer aerial asset documentation, corridor mapping, construction-progress capture and inspection imagery for public works and capital projects.",86,75,New,Wave 3 remaining-category expansion; verify contact details before outreach.,2026-07-20
on-wave3-municipal-public-works-city-of-pickering-engineering-services,City of Pickering Engineering Services,Municipal/Public Works,Pickering,Ontario,Durham Region,Roads and bridges; Public works; Water and wastewater; Stormwater assets; Capital projects,Municipal public works; Engineering departments; Operations teams,https://www.pickering.ca/; https://www.ontario.ca/page/list-ontario-municipalities,"Municipal/Public Works lead with public-source relevance to roads and bridges, public works, water and wastewater work.","Public-source category fit indicates roads and bridges, public works, water and wastewater, stormwater assets responsibilities or market activity, creating a fit for DSCI aerial mapping, site documentation, LiDAR-ready capture and inspection support.",Roads and bridges; Water and wastewater; Stormwater assets; Capital projects,NOT CONFIRMED | NOT CONFIRMED | Website/contact form | https://www.pickering.ca/,NOT CONFIRMED,NOT CONFIRMED,NOT CONFIRMED,"Offer aerial asset documentation, corridor mapping, construction-progress capture and inspection imagery for public works and capital projects.",86,75,New,Wave 3 remaining-category expansion; verify contact details before outreach.,2026-07-20
on-wave3-municipal-public-works-city-of-niagara-falls-municipal-works,City of Niagara Falls Municipal Works,Municipal/Public Works,Niagara Falls,Ontario,Niagara Region,Roads and bridges; Public works; Water and wastewater; Stormwater assets; Capital projects,Municipal public works; Engineering departments; Operations teams,https://niagarafalls.ca/; https://www.ontario.ca/page/list-ontario-municipalities,"Municipal/Public Works lead with public-source relevance to roads and bridges, public works, water and wastewater work.","Public-source category fit indicates roads and bridges, public works, water and wastewater, stormwater assets responsibilities or market activity, creating a fit for DSCI aerial mapping, site documentation, LiDAR-ready capture and inspection support.",Roads and bridges; Water and wastewater; Stormwater assets; Capital projects,NOT CONFIRMED | NOT CONFIRMED | Website/contact form | https://niagarafalls.ca/,NOT CONFIRMED,NOT CONFIRMED,NOT CONFIRMED,"Offer aerial asset documentation, corridor mapping, construction-progress capture and inspection imagery for public works and capital projects.",86,75,New,Wave 3 remaining-category expansion; verify contact details before outreach.,2026-07-20
on-wave3-municipal-public-works-city-of-peterborough-public-works,City of Peterborough Public Works,Municipal/Public Works,Peterborough,Ontario,Peterborough County,Roads and bridges; Public works; Water and wastewater; Stormwater assets; Capital projects,Municipal public works; Engineering departments; Operations teams,https://www.peterborough.ca/; https://www.ontario.ca/page/list-ontario-municipalities,"Municipal/Public Works lead with public-source relevance to roads and bridges, public works, water and wastewater work.","Public-source category fit indicates roads and bridges, public works, water and wastewater, stormwater assets responsibilities or market activity, creating a fit for DSCI aerial mapping, site documentation, LiDAR-ready capture and inspection support.",Roads and bridges; Water and wastewater; Stormwater assets; Capital projects,NOT CONFIRMED | NOT CONFIRMED | Website/contact form | https://www.peterborough.ca/,NOT CONFIRMED,NOT CONFIRMED,NOT CONFIRMED,"Offer aerial asset documentation, corridor mapping, construction-progress capture and inspection imagery for public works and capital projects.",86,75,New,Wave 3 remaining-category expansion; verify contact details before outreach.,2026-07-20
on-wave3-municipal-public-works-city-of-sault-ste-marie-public-works,City of Sault Ste. Marie Public Works,Municipal/Public Works,Sault Ste. Marie,Ontario,Northern Ontario,Roads and bridges; Public works; Water and wastewater; Stormwater assets; Capital projects,Municipal public works; Engineering departments; Operations teams,https://saultstemarie.ca/; https://www.ontario.ca/page/list-ontario-municipalities,"Municipal/Public Works lead with public-source relevance to roads and bridges, public works, water and wastewater work.","Public-source category fit indicates roads and bridges, public works, water and wastewater, stormwater assets responsibilities or market activity, creating a fit for DSCI aerial mapping, site documentation, LiDAR-ready capture and inspection support.",Roads and bridges; Water and wastewater; Stormwater assets; Capital projects,NOT CONFIRMED | NOT CONFIRMED | Website/contact form | https://saultstemarie.ca/,NOT CONFIRMED,NOT CONFIRMED,NOT CONFIRMED,"Offer aerial asset documentation, corridor mapping, construction-progress capture and inspection imagery for public works and capital projects.",86,75,New,Wave 3 remaining-category expansion; verify contact details before outreach.,2026-07-20
on-wave3-municipal-public-works-city-of-sarnia-engineering-and-operations,City of Sarnia Engineering and Operations,Municipal/Public Works,Sarnia,Ontario,Lambton County,Roads and bridges; Public works; Water and wastewater; Stormwater assets; Capital projects,Municipal public works; Engineering departments; Operations teams,https://www.sarnia.ca/; https://www.ontario.ca/page/list-ontario-municipalities,"Municipal/Public Works lead with public-source relevance to roads and bridges, public works, water and wastewater work.","Public-source category fit indicates roads and bridges, public works, water and wastewater, stormwater assets responsibilities or market activity, creating a fit for DSCI aerial mapping, site documentation, LiDAR-ready capture and inspection support.",Roads and bridges; Water and wastewater; Stormwater assets; Capital projects,NOT CONFIRMED | NOT CONFIRMED | Website/contact form | https://www.sarnia.ca/,NOT CONFIRMED,NOT CONFIRMED,NOT CONFIRMED,"Offer aerial asset documentation, corridor mapping, construction-progress capture and inspection imagery for public works and capital projects.",86,75,New,Wave 3 remaining-category expansion; verify contact details before outreach.,2026-07-20
on-wave3-municipal-public-works-norfolk-county-public-works,Norfolk County Public Works,Municipal/Public Works,Simcoe,Ontario,Norfolk County,Roads and bridges; Public works; Water and wastewater; Stormwater assets; Capital projects,Municipal public works; Engineering departments; Operations teams,https://www.norfolkcounty.ca/; https://www.ontario.ca/page/list-ontario-municipalities,"Municipal/Public Works lead with public-source relevance to roads and bridges, public works, water and wastewater work.","Public-source category fit indicates roads and bridges, public works, water and wastewater, stormwater assets responsibilities or market activity, creating a fit for DSCI aerial mapping, site documentation, LiDAR-ready capture and inspection support.",Roads and bridges; Water and wastewater; Stormwater assets; Capital projects,NOT CONFIRMED | NOT CONFIRMED | Website/contact form | https://www.norfolkcounty.ca/,NOT CONFIRMED,NOT CONFIRMED,NOT CONFIRMED,"Offer aerial asset documentation, corridor mapping, construction-progress capture and inspection imagery for public works and capital projects.",86,75,New,Wave 3 remaining-category expansion; verify contact details before outreach.,2026-07-20
on-wave3-municipal-public-works-town-of-caledon-public-works,Town of Caledon Public Works,Municipal/Public Works,Caledon,Ontario,Peel; Dufferin-Caledon,Roads and bridges; Public works; Water and wastewater; Stormwater assets; Capital projects,Municipal public works; Engineering departments; Operations teams,https://www.caledon.ca/; https://www.ontario.ca/page/list-ontario-municipalities,"Municipal/Public Works lead with public-source relevance to roads and bridges, public works, water and wastewater work.","Public-source category fit indicates roads and bridges, public works, water and wastewater, stormwater assets responsibilities or market activity, creating a fit for DSCI aerial mapping, site documentation, LiDAR-ready capture and inspection support.",Roads and bridges; Water and wastewater; Stormwater assets; Capital projects,NOT CONFIRMED | NOT CONFIRMED | Website/contact form | https://www.caledon.ca/,NOT CONFIRMED,NOT CONFIRMED,NOT CONFIRMED,"Offer aerial asset documentation, corridor mapping, construction-progress capture and inspection imagery for public works and capital projects.",86,75,New,Wave 3 remaining-category expansion; verify contact details before outreach.,2026-07-20
on-wave3-municipal-public-works-city-of-welland-public-works,City of Welland Public Works,Municipal/Public Works,Welland,Ontario,Niagara Region,Roads and bridges; Public works; Water and wastewater; Stormwater assets; Capital projects,Municipal public works; Engineering departments; Operations teams,https://www.welland.ca/; https://www.ontario.ca/page/list-ontario-municipalities,"Municipal/Public Works lead with public-source relevance to roads and bridges, public works, water and wastewater work.","Public-source category fit indicates roads and bridges, public works, water and wastewater, stormwater assets responsibilities or market activity, creating a fit for DSCI aerial mapping, site documentation, LiDAR-ready capture and inspection support.",Roads and bridges; Water and wastewater; Stormwater assets; Capital projects,NOT CONFIRMED | NOT CONFIRMED | Website/contact form | https://www.welland.ca/,NOT CONFIRMED,NOT CONFIRMED,NOT CONFIRMED,"Offer aerial asset documentation, corridor mapping, construction-progress capture and inspection imagery for public works and capital projects.",86,75,New,Wave 3 remaining-category expansion; verify contact details before outreach.,2026-07-20
on-wave3-municipal-public-works-city-of-north-bay-engineering-and-public-works,City of North Bay Engineering and Public Works,Municipal/Public Works,North Bay,Ontario,Nipissing District,Roads and bridges; Public works; Water and wastewater; Stormwater assets; Capital projects,Municipal public works; Engineering departments; Operations teams,https://www.northbay.ca/; https://www.ontario.ca/page/list-ontario-municipalities,"Municipal/Public Works lead with public-source relevance to roads and bridges, public works, water and wastewater work.","Public-source category fit indicates roads and bridges, public works, water and wastewater, stormwater assets responsibilities or market activity, creating a fit for DSCI aerial mapping, site documentation, LiDAR-ready capture and inspection support.",Roads and bridges; Water and wastewater; Stormwater assets; Capital projects,NOT CONFIRMED | NOT CONFIRMED | Website/contact form | https://www.northbay.ca/,NOT CONFIRMED,NOT CONFIRMED,NOT CONFIRMED,"Offer aerial asset documentation, corridor mapping, construction-progress capture and inspection imagery for public works and capital projects.",86,75,New,Wave 3 remaining-category expansion; verify contact details before outreach.,2026-07-20
on-wave3-municipal-public-works-city-of-belleville-transportation-and-operations,City of Belleville Transportation and Operations,Municipal/Public Works,Belleville,Ontario,Hastings County,Roads and bridges; Public works; Water and wastewater; Stormwater assets; Capital projects,Municipal public works; Engineering departments; Operations teams,https://www.belleville.ca/; https://www.ontario.ca/page/list-ontario-municipalities,"Municipal/Public Works lead with public-source relevance to roads and bridges, public works, water and wastewater work.","Public-source category fit indicates roads and bridges, public works, water and wastewater, stormwater assets responsibilities or market activity, creating a fit for DSCI aerial mapping, site documentation, LiDAR-ready capture and inspection support.",Roads and bridges; Water and wastewater; Stormwater assets; Capital projects,NOT CONFIRMED | NOT CONFIRMED | Website/contact form | https://www.belleville.ca/,NOT CONFIRMED,NOT CONFIRMED,NOT CONFIRMED,"Offer aerial asset documentation, corridor mapping, construction-progress capture and inspection imagery for public works and capital projects.",86,75,New,Wave 3 remaining-category expansion; verify contact details before outreach.,2026-07-20
on-wave3-municipal-public-works-city-of-cornwall-municipal-works,City of Cornwall Municipal Works,Municipal/Public Works,Cornwall,Ontario,Eastern Ontario,Roads and bridges; Public works; Water and wastewater; Stormwater assets; Capital projects,Municipal public works; Engineering departments; Operations teams,https://www.cornwall.ca/; https://www.ontario.ca/page/list-ontario-municipalities,"Municipal/Public Works lead with public-source relevance to roads and bridges, public works, water and wastewater work.","Public-source category fit indicates roads and bridges, public works, water and wastewater, stormwater assets responsibilities or market activity, creating a fit for DSCI aerial mapping, site documentation, LiDAR-ready capture and inspection support.",Roads and bridges; Water and wastewater; Stormwater assets; Capital projects,NOT CONFIRMED | NOT CONFIRMED | Website/contact form | https://www.cornwall.ca/,NOT CONFIRMED,NOT CONFIRMED,NOT CONFIRMED,"Offer aerial asset documentation, corridor mapping, construction-progress capture and inspection imagery for public works and capital projects.",86,75,New,Wave 3 remaining-category expansion; verify contact details before outreach.,2026-07-20
on-wave3-municipal-public-works-city-of-timmins-public-works,City of Timmins Public Works,Municipal/Public Works,Timmins,Ontario,Northern Ontario,Roads and bridges; Public works; Water and wastewater; Stormwater assets; Capital projects,Municipal public works; Engineering departments; Operations teams,https://www.timmins.ca/; https://www.ontario.ca/page/list-ontario-municipalities,"Municipal/Public Works lead with public-source relevance to roads and bridges, public works, water and wastewater work.","Public-source category fit indicates roads and bridges, public works, water and wastewater, stormwater assets responsibilities or market activity, creating a fit for DSCI aerial mapping, site documentation, LiDAR-ready capture and inspection support.",Roads and bridges; Water and wastewater; Stormwater assets; Capital projects,NOT CONFIRMED | NOT CONFIRMED | Website/contact form | https://www.timmins.ca/,NOT CONFIRMED,NOT CONFIRMED,NOT CONFIRMED,"Offer aerial asset documentation, corridor mapping, construction-progress capture and inspection imagery for public works and capital projects.",86,75,New,Wave 3 remaining-category expansion; verify contact details before outreach.,2026-07-20
on-wave3-municipal-public-works-city-of-quinte-west-public-works,City of Quinte West Public Works,Municipal/Public Works,Quinte West,Ontario,Eastern Ontario,Roads and bridges; Public works; Water and wastewater; Stormwater assets; Capital projects,Municipal public works; Engineering departments; Operations teams,https://www.quintewest.ca/; https://www.ontario.ca/page/list-ontario-municipalities,"Municipal/Public Works lead with public-source relevance to roads and bridges, public works, water and wastewater work.","Public-source category fit indicates roads and bridges, public works, water and wastewater, stormwater assets responsibilities or market activity, creating a fit for DSCI aerial mapping, site documentation, LiDAR-ready capture and inspection support.",Roads and bridges; Water and wastewater; Stormwater assets; Capital projects,NOT CONFIRMED | NOT CONFIRMED | Website/contact form | https://www.quintewest.ca/,NOT CONFIRMED,NOT CONFIRMED,NOT CONFIRMED,"Offer aerial asset documentation, corridor mapping, construction-progress capture and inspection imagery for public works and capital projects.",86,75,New,Wave 3 remaining-category expansion; verify contact details before outreach.,2026-07-20
on-wave3-municipal-public-works-town-of-newmarket-public-works,Town of Newmarket Public Works,Municipal/Public Works,Newmarket,Ontario,York Region,Roads and bridges; Public works; Water and wastewater; Stormwater assets; Capital projects,Municipal public works; Engineering departments; Operations teams,https://www.newmarket.ca/; https://www.ontario.ca/page/list-ontario-municipalities,"Municipal/Public Works lead with public-source relevance to roads and bridges, public works, water and wastewater work.","Public-source category fit indicates roads and bridges, public works, water and wastewater, stormwater assets responsibilities or market activity, creating a fit for DSCI aerial mapping, site documentation, LiDAR-ready capture and inspection support.",Roads and bridges; Water and wastewater; Stormwater assets; Capital projects,NOT CONFIRMED | NOT CONFIRMED | Website/contact form | https://www.newmarket.ca/,NOT CONFIRMED,NOT CONFIRMED,NOT CONFIRMED,"Offer aerial asset documentation, corridor mapping, construction-progress capture and inspection imagery for public works and capital projects.",86,75,New,Wave 3 remaining-category expansion; verify contact details before outreach.,2026-07-20
on-wave3-municipal-public-works-town-of-aurora-operational-services,Town of Aurora Operational Services,Municipal/Public Works,Aurora,Ontario,York Region,Roads and bridges; Public works; Water and wastewater; Stormwater assets; Capital projects,Municipal public works; Engineering departments; Operations teams,https://www.aurora.ca/; https://www.ontario.ca/page/list-ontario-municipalities,"Municipal/Public Works lead with public-source relevance to roads and bridges, public works, water and wastewater work.","Public-source category fit indicates roads and bridges, public works, water and wastewater, stormwater assets responsibilities or market activity, creating a fit for DSCI aerial mapping, site documentation, LiDAR-ready capture and inspection support.",Roads and bridges; Water and wastewater; Stormwater assets; Capital projects,NOT CONFIRMED | NOT CONFIRMED | Website/contact form | https://www.aurora.ca/,NOT CONFIRMED,NOT CONFIRMED,NOT CONFIRMED,"Offer aerial asset documentation, corridor mapping, construction-progress capture and inspection imagery for public works and capital projects.",86,75,New,Wave 3 remaining-category expansion; verify contact details before outreach.,2026-07-20
on-wave3-municipal-public-works-town-of-halton-hills-public-works,Town of Halton Hills Public Works,Municipal/Public Works,Halton Hills,Ontario,Halton Region,Roads and bridges; Public works; Water and wastewater; Stormwater assets; Capital projects,Municipal public works; Engineering departments; Operations teams,https://www.haltonhills.ca/; https://www.ontario.ca/page/list-ontario-municipalities,"Municipal/Public Works lead with public-source relevance to roads and bridges, public works, water and wastewater work.","Public-source category fit indicates roads and bridges, public works, water and wastewater, stormwater assets responsibilities or market activity, creating a fit for DSCI aerial mapping, site documentation, LiDAR-ready capture and inspection support.",Roads and bridges; Water and wastewater; Stormwater assets; Capital projects,NOT CONFIRMED | NOT CONFIRMED | Website/contact form | https://www.haltonhills.ca/,NOT CONFIRMED,NOT CONFIRMED,NOT CONFIRMED,"Offer aerial asset documentation, corridor mapping, construction-progress capture and inspection imagery for public works and capital projects.",86,75,New,Wave 3 remaining-category expansion; verify contact details before outreach.,2026-07-20
on-wave3-municipal-public-works-town-of-orangeville-infrastructure-services,Town of Orangeville Infrastructure Services,Municipal/Public Works,Orangeville,Ontario,Dufferin County,Roads and bridges; Public works; Water and wastewater; Stormwater assets; Capital projects,Municipal public works; Engineering departments; Operations teams,https://www.orangeville.ca/; https://www.ontario.ca/page/list-ontario-municipalities,"Municipal/Public Works lead with public-source relevance to roads and bridges, public works, water and wastewater work.","Public-source category fit indicates roads and bridges, public works, water and wastewater, stormwater assets responsibilities or market activity, creating a fit for DSCI aerial mapping, site documentation, LiDAR-ready capture and inspection support.",Roads and bridges; Water and wastewater; Stormwater assets; Capital projects,NOT CONFIRMED | NOT CONFIRMED | Website/contact form | https://www.orangeville.ca/,NOT CONFIRMED,NOT CONFIRMED,NOT CONFIRMED,"Offer aerial asset documentation, corridor mapping, construction-progress capture and inspection imagery for public works and capital projects.",86,75,New,Wave 3 remaining-category expansion; verify contact details before outreach.,2026-07-20
on-wave3-municipal-public-works-city-of-orillia-environment-and-infrastructure-services,City of Orillia Environment and Infrastructure Services,Municipal/Public Works,Orillia,Ontario,Simcoe County,Roads and bridges; Public works; Water and wastewater; Stormwater assets; Capital projects,Municipal public works; Engineering departments; Operations teams,https://www.orillia.ca/; https://www.ontario.ca/page/list-ontario-municipalities,"Municipal/Public Works lead with public-source relevance to roads and bridges, public works, water and wastewater work.","Public-source category fit indicates roads and bridges, public works, water and wastewater, stormwater assets responsibilities or market activity, creating a fit for DSCI aerial mapping, site documentation, LiDAR-ready capture and inspection support.",Roads and bridges; Water and wastewater; Stormwater assets; Capital projects,NOT CONFIRMED | NOT CONFIRMED | Website/contact form | https://www.orillia.ca/,NOT CONFIRMED,NOT CONFIRMED,NOT CONFIRMED,"Offer aerial asset documentation, corridor mapping, construction-progress capture and inspection imagery for public works and capital projects.",86,75,New,Wave 3 remaining-category expansion; verify contact details before outreach.,2026-07-20
on-wave3-municipal-public-works-city-of-stratford-infrastructure-services,City of Stratford Infrastructure Services,Municipal/Public Works,Stratford,Ontario,Perth County,Roads and bridges; Public works; Water and wastewater; Stormwater assets; Capital projects,Municipal public works; Engineering departments; Operations teams,https://www.stratford.ca/; https://www.ontario.ca/page/list-ontario-municipalities,"Municipal/Public Works lead with public-source relevance to roads and bridges, public works, water and wastewater work.","Public-source category fit indicates roads and bridges, public works, water and wastewater, stormwater assets responsibilities or market activity, creating a fit for DSCI aerial mapping, site documentation, LiDAR-ready capture and inspection support.",Roads and bridges; Water and wastewater; Stormwater assets; Capital projects,NOT CONFIRMED | NOT CONFIRMED | Website/contact form | https://www.stratford.ca/,NOT CONFIRMED,NOT CONFIRMED,NOT CONFIRMED,"Offer aerial asset documentation, corridor mapping, construction-progress capture and inspection imagery for public works and capital projects.",86,75,New,Wave 3 remaining-category expansion; verify contact details before outreach.,2026-07-20
on-wave3-municipal-public-works-city-of-brockville-public-works,City of Brockville Public Works,Municipal/Public Works,Brockville,Ontario,Eastern Ontario,Roads and bridges; Public works; Water and wastewater; Stormwater assets; Capital projects,Municipal public works; Engineering departments; Operations teams,https://www.brockville.com/; https://www.ontario.ca/page/list-ontario-municipalities,"Municipal/Public Works lead with public-source relevance to roads and bridges, public works, water and wastewater work.","Public-source category fit indicates roads and bridges, public works, water and wastewater, stormwater assets responsibilities or market activity, creating a fit for DSCI aerial mapping, site documentation, LiDAR-ready capture and inspection support.",Roads and bridges; Water and wastewater; Stormwater assets; Capital projects,NOT CONFIRMED | NOT CONFIRMED | Website/contact form | https://www.brockville.com/,NOT CONFIRMED,NOT CONFIRMED,NOT CONFIRMED,"Offer aerial asset documentation, corridor mapping, construction-progress capture and inspection imagery for public works and capital projects.",86,75,New,Wave 3 remaining-category expansion; verify contact details before outreach.,2026-07-20
on-wave3-municipal-public-works-city-of-owen-sound-public-works,City of Owen Sound Public Works,Municipal/Public Works,Owen Sound,Ontario,Grey County,Roads and bridges; Public works; Water and wastewater; Stormwater assets; Capital projects,Municipal public works; Engineering departments; Operations teams,https://www.owensound.ca/; https://www.ontario.ca/page/list-ontario-municipalities,"Municipal/Public Works lead with public-source relevance to roads and bridges, public works, water and wastewater work.","Public-source category fit indicates roads and bridges, public works, water and wastewater, stormwater assets responsibilities or market activity, creating a fit for DSCI aerial mapping, site documentation, LiDAR-ready capture and inspection support.",Roads and bridges; Water and wastewater; Stormwater assets; Capital projects,NOT CONFIRMED | NOT CONFIRMED | Website/contact form | https://www.owensound.ca/,NOT CONFIRMED,NOT CONFIRMED,NOT CONFIRMED,"Offer aerial asset documentation, corridor mapping, construction-progress capture and inspection imagery for public works and capital projects.",86,75,New,Wave 3 remaining-category expansion; verify contact details before outreach.,2026-07-20
on-wave3-municipal-public-works-city-of-kenora-operations-and-infrastructure,City of Kenora Operations and Infrastructure,Municipal/Public Works,Kenora,Ontario,Northwestern Ontario,Roads and bridges; Public works; Water and wastewater; Stormwater assets; Capital projects,Municipal public works; Engineering departments; Operations teams,https://www.kenora.ca/; https://www.ontario.ca/page/list-ontario-municipalities,"Municipal/Public Works lead with public-source relevance to roads and bridges, public works, water and wastewater work.","Public-source category fit indicates roads and bridges, public works, water and wastewater, stormwater assets responsibilities or market activity, creating a fit for DSCI aerial mapping, site documentation, LiDAR-ready capture and inspection support.",Roads and bridges; Water and wastewater; Stormwater assets; Capital projects,NOT CONFIRMED | NOT CONFIRMED | Website/contact form | https://www.kenora.ca/,NOT CONFIRMED,NOT CONFIRMED,NOT CONFIRMED,"Offer aerial asset documentation, corridor mapping, construction-progress capture and inspection imagery for public works and capital projects.",86,75,New,Wave 3 remaining-category expansion; verify contact details before outreach.,2026-07-20
on-wave3-municipal-public-works-city-of-dryden-public-works,City of Dryden Public Works,Municipal/Public Works,Dryden,Ontario,Northwestern Ontario,Roads and bridges; Public works; Water and wastewater; Stormwater assets; Capital projects,Municipal public works; Engineering departments; Operations teams,https://www.dryden.ca/; https://www.ontario.ca/page/list-ontario-municipalities,"Municipal/Public Works lead with public-source relevance to roads and bridges, public works, water and wastewater work.","Public-source category fit indicates roads and bridges, public works, water and wastewater, stormwater assets responsibilities or market activity, creating a fit for DSCI aerial mapping, site documentation, LiDAR-ready capture and inspection support.",Roads and bridges; Water and wastewater; Stormwater assets; Capital projects,NOT CONFIRMED | NOT CONFIRMED | Website/contact form | https://www.dryden.ca/,NOT CONFIRMED,NOT CONFIRMED,NOT CONFIRMED,"Offer aerial asset documentation, corridor mapping, construction-progress capture and inspection imagery for public works and capital projects.",86,75,New,Wave 3 remaining-category expansion; verify contact details before outreach.,2026-07-20
on-wave3-municipal-public-works-city-of-pembroke-operations-department,City of Pembroke Operations Department,Municipal/Public Works,Pembroke,Ontario,Renfrew County,Roads and bridges; Public works; Water and wastewater; Stormwater assets; Capital projects,Municipal public works; Engineering departments; Operations teams,https://www.pembroke.ca/; https://www.ontario.ca/page/list-ontario-municipalities,"Municipal/Public Works lead with public-source relevance to roads and bridges, public works, water and wastewater work.","Public-source category fit indicates roads and bridges, public works, water and wastewater, stormwater assets responsibilities or market activity, creating a fit for DSCI aerial mapping, site documentation, LiDAR-ready capture and inspection support.",Roads and bridges; Water and wastewater; Stormwater assets; Capital projects,NOT CONFIRMED | NOT CONFIRMED | Website/contact form | https://www.pembroke.ca/,NOT CONFIRMED,NOT CONFIRMED,NOT CONFIRMED,"Offer aerial asset documentation, corridor mapping, construction-progress capture and inspection imagery for public works and capital projects.",86,75,New,Wave 3 remaining-category expansion; verify contact details before outreach.,2026-07-20
on-wave3-municipal-public-works-county-of-prince-edward-public-works,County of Prince Edward Public Works,Municipal/Public Works,Picton,Ontario,Prince Edward County,Roads and bridges; Public works; Water and wastewater; Stormwater assets; Capital projects,Municipal public works; Engineering departments; Operations teams,https://www.thecounty.ca/; https://www.ontario.ca/page/list-ontario-municipalities,"Municipal/Public Works lead with public-source relevance to roads and bridges, public works, water and wastewater work.","Public-source category fit indicates roads and bridges, public works, water and wastewater, stormwater assets responsibilities or market activity, creating a fit for DSCI aerial mapping, site documentation, LiDAR-ready capture and inspection support.",Roads and bridges; Water and wastewater; Stormwater assets; Capital projects,NOT CONFIRMED | NOT CONFIRMED | Website/contact form | https://www.thecounty.ca/,NOT CONFIRMED,NOT CONFIRMED,NOT CONFIRMED,"Offer aerial asset documentation, corridor mapping, construction-progress capture and inspection imagery for public works and capital projects.",86,75,New,Wave 3 remaining-category expansion; verify contact details before outreach.,2026-07-20
on-wave3-municipal-public-works-city-of-kawartha-lakes-public-works,City of Kawartha Lakes Public Works,Municipal/Public Works,Kawartha Lakes,Ontario,Kawartha Lakes,Roads and bridges; Public works; Water and wastewater; Stormwater assets; Capital projects,Municipal public works; Engineering departments; Operations teams,https://www.kawarthalakes.ca/; https://www.ontario.ca/page/list-ontario-municipalities,"Municipal/Public Works lead with public-source relevance to roads and bridges, public works, water and wastewater work.","Public-source category fit indicates roads and bridges, public works, water and wastewater, stormwater assets responsibilities or market activity, creating a fit for DSCI aerial mapping, site documentation, LiDAR-ready capture and inspection support.",Roads and bridges; Water and wastewater; Stormwater assets; Capital projects,NOT CONFIRMED | NOT CONFIRMED | Website/contact form | https://www.kawarthalakes.ca/,NOT CONFIRMED,NOT CONFIRMED,NOT CONFIRMED,"Offer aerial asset documentation, corridor mapping, construction-progress capture and inspection imagery for public works and capital projects.",86,75,New,Wave 3 remaining-category expansion; verify contact details before outreach.,2026-07-20
on-wave3-utilities-energy-alectra-utilities-corporation,Alectra Utilities Corporation,Utilities/Energy,Mississauga,Ontario,Ontario,Electricity distribution; Utility infrastructure; Pole line and corridor assets; Substation and facility assets,Utilities; Municipal shareholders; Infrastructure owners,https://alectrautilities.com/; https://www.oeb.ca/ontarios-energy-sector/list-licensed-companies,"Utilities/Energy lead with public-source relevance to electricity distribution, utility infrastructure, pole line and corridor assets work.","Public-source category fit indicates electricity distribution, utility infrastructure, pole line and corridor assets, substation and facility assets responsibilities or market activity, creating a fit for DSCI aerial mapping, site documentation, LiDAR-ready capture and inspection support.",Utility infrastructure; Pole line and corridor assets; Substation and facility assets,NOT CONFIRMED | NOT CONFIRMED | Website/contact form | https://alectrautilities.com/,NOT CONFIRMED,NOT CONFIRMED,NOT CONFIRMED,"Offer RPAS corridor patrol imagery, LiDAR-ready field capture, utility asset documentation and difficult-access inspection support.",84,75,New,Wave 3 remaining-category expansion; verify contact details before outreach.,2026-07-20
on-wave3-utilities-energy-algoma-power-inc,Algoma Power Inc.,Utilities/Energy,Fort Erie,Ontario,Ontario,Electricity distribution; Utility infrastructure; Pole line and corridor assets; Substation and facility assets,Utilities; Municipal shareholders; Infrastructure owners,https://algomapower.com/; https://www.oeb.ca/ontarios-energy-sector/list-licensed-companies,"Utilities/Energy lead with public-source relevance to electricity distribution, utility infrastructure, pole line and corridor assets work.","Public-source category fit indicates electricity distribution, utility infrastructure, pole line and corridor assets, substation and facility assets responsibilities or market activity, creating a fit for DSCI aerial mapping, site documentation, LiDAR-ready capture and inspection support.",Utility infrastructure; Pole line and corridor assets; Substation and facility assets,NOT CONFIRMED | NOT CONFIRMED | Website/contact form | https://algomapower.com/,NOT CONFIRMED,NOT CONFIRMED,NOT CONFIRMED,"Offer RPAS corridor patrol imagery, LiDAR-ready field capture, utility asset documentation and difficult-access inspection support.",84,75,New,Wave 3 remaining-category expansion; verify contact details before outreach.,2026-07-20
on-wave3-utilities-energy-atikokan-hydro-inc,Atikokan Hydro Inc.,Utilities/Energy,Atikokan,Ontario,Ontario,Electricity distribution; Utility infrastructure; Pole line and corridor assets; Substation and facility assets,Utilities; Municipal shareholders; Infrastructure owners,https://www.athydro.com/; https://www.oeb.ca/ontarios-energy-sector/list-licensed-companies,"Utilities/Energy lead with public-source relevance to electricity distribution, utility infrastructure, pole line and corridor assets work.","Public-source category fit indicates electricity distribution, utility infrastructure, pole line and corridor assets, substation and facility assets responsibilities or market activity, creating a fit for DSCI aerial mapping, site documentation, LiDAR-ready capture and inspection support.",Utility infrastructure; Pole line and corridor assets; Substation and facility assets,NOT CONFIRMED | NOT CONFIRMED | Website/contact form | https://www.athydro.com/,NOT CONFIRMED,NOT CONFIRMED,NOT CONFIRMED,"Offer RPAS corridor patrol imagery, LiDAR-ready field capture, utility asset documentation and difficult-access inspection support.",84,75,New,Wave 3 remaining-category expansion; verify contact details before outreach.,2026-07-20
on-wave3-utilities-energy-bluewater-power-distribution-corporation,Bluewater Power Distribution Corporation,Utilities/Energy,Sarnia,Ontario,Ontario,Electricity distribution; Utility infrastructure; Pole line and corridor assets; Substation and facility assets,Utilities; Municipal shareholders; Infrastructure owners,https://bluewaterpower.com/; https://www.oeb.ca/ontarios-energy-sector/list-licensed-companies,"Utilities/Energy lead with public-source relevance to electricity distribution, utility infrastructure, pole line and corridor assets work.","Public-source category fit indicates electricity distribution, utility infrastructure, pole line and corridor assets, substation and facility assets responsibilities or market activity, creating a fit for DSCI aerial mapping, site documentation, LiDAR-ready capture and inspection support.",Utility infrastructure; Pole line and corridor assets; Substation and facility assets,NOT CONFIRMED | NOT CONFIRMED | Website/contact form | https://bluewaterpower.com/,NOT CONFIRMED,NOT CONFIRMED,NOT CONFIRMED,"Offer RPAS corridor patrol imagery, LiDAR-ready field capture, utility asset documentation and difficult-access inspection support.",84,75,New,Wave 3 remaining-category expansion; verify contact details before outreach.,2026-07-20
on-wave3-utilities-energy-burlington-hydro-inc,Burlington Hydro Inc.,Utilities/Energy,Burlington,Ontario,Ontario,Electricity distribution; Utility infrastructure; Pole line and corridor assets; Substation and facility assets,Utilities; Municipal shareholders; Infrastructure owners,https://www.burlingtonhydro.com/; https://www.oeb.ca/ontarios-energy-sector/list-licensed-companies,"Utilities/Energy lead with public-source relevance to electricity distribution, utility infrastructure, pole line and corridor assets work.","Public-source category fit indicates electricity distribution, utility infrastructure, pole line and corridor assets, substation and facility assets responsibilities or market activity, creating a fit for DSCI aerial mapping, site documentation, LiDAR-ready capture and inspection support.",Utility infrastructure; Pole line and corridor assets; Substation and facility assets,NOT CONFIRMED | NOT CONFIRMED | Website/contact form | https://www.burlingtonhydro.com/,NOT CONFIRMED,NOT CONFIRMED,NOT CONFIRMED,"Offer RPAS corridor patrol imagery, LiDAR-ready field capture, utility asset documentation and difficult-access inspection support.",84,75,New,Wave 3 remaining-category expansion; verify contact details before outreach.,2026-07-20
on-wave3-utilities-energy-canadian-niagara-power-inc,Canadian Niagara Power Inc.,Utilities/Energy,Fort Erie,Ontario,Ontario,Electricity distribution; Utility infrastructure; Pole line and corridor assets; Substation and facility assets,Utilities; Municipal shareholders; Infrastructure owners,https://www.cnpower.com/; https://www.oeb.ca/ontarios-energy-sector/list-licensed-companies,"Utilities/Energy lead with public-source relevance to electricity distribution, utility infrastructure, pole line and corridor assets work.","Public-source category fit indicates electricity distribution, utility infrastructure, pole line and corridor assets, substation and facility assets responsibilities or market activity, creating a fit for DSCI aerial mapping, site documentation, LiDAR-ready capture and inspection support.",Utility infrastructure; Pole line and corridor assets; Substation and facility assets,NOT CONFIRMED | NOT CONFIRMED | Website/contact form | https://www.cnpower.com/,NOT CONFIRMED,NOT CONFIRMED,NOT CONFIRMED,"Offer RPAS corridor patrol imagery, LiDAR-ready field capture, utility asset documentation and difficult-access inspection support.",84,75,New,Wave 3 remaining-category expansion; verify contact details before outreach.,2026-07-20
on-wave3-utilities-energy-centre-wellington-hydro-ltd,Centre Wellington Hydro Ltd.,Utilities/Energy,Fergus,Ontario,Ontario,Electricity distribution; Utility infrastructure; Pole line and corridor assets; Substation and facility assets,Utilities; Municipal shareholders; Infrastructure owners,https://www.cwhydro.ca/; https://www.oeb.ca/ontarios-energy-sector/list-licensed-companies,"Utilities/Energy lead with public-source relevance to electricity distribution, utility infrastructure, pole line and corridor assets work.","Public-source category fit indicates electricity distribution, utility infrastructure, pole line and corridor assets, substation and facility assets responsibilities or market activity, creating a fit for DSCI aerial mapping, site documentation, LiDAR-ready capture and inspection support.",Utility infrastructure; Pole line and corridor assets; Substation and facility assets,NOT CONFIRMED | NOT CONFIRMED | Website/contact form | https://www.cwhydro.ca/,NOT CONFIRMED,NOT CONFIRMED,NOT CONFIRMED,"Offer RPAS corridor patrol imagery, LiDAR-ready field capture, utility asset documentation and difficult-access inspection support.",84,75,New,Wave 3 remaining-category expansion; verify contact details before outreach.,2026-07-20
on-wave3-utilities-energy-cooperative-hydro-embrun-inc,Cooperative Hydro Embrun Inc.,Utilities/Energy,Embrun,Ontario,Ontario,Electricity distribution; Utility infrastructure; Pole line and corridor assets; Substation and facility assets,Utilities; Municipal shareholders; Infrastructure owners,https://www.hydroembrun.ca/; https://www.oeb.ca/ontarios-energy-sector/list-licensed-companies,"Utilities/Energy lead with public-source relevance to electricity distribution, utility infrastructure, pole line and corridor assets work.","Public-source category fit indicates electricity distribution, utility infrastructure, pole line and corridor assets, substation and facility assets responsibilities or market activity, creating a fit for DSCI aerial mapping, site documentation, LiDAR-ready capture and inspection support.",Utility infrastructure; Pole line and corridor assets; Substation and facility assets,NOT CONFIRMED | NOT CONFIRMED | Website/contact form | https://www.hydroembrun.ca/,NOT CONFIRMED,NOT CONFIRMED,NOT CONFIRMED,"Offer RPAS corridor patrol imagery, LiDAR-ready field capture, utility asset documentation and difficult-access inspection support.",84,75,New,Wave 3 remaining-category expansion; verify contact details before outreach.,2026-07-20
on-wave3-utilities-energy-cornwall-electric,Cornwall Electric,Utilities/Energy,Cornwall,Ontario,Ontario,Electricity distribution; Utility infrastructure; Pole line and corridor assets; Substation and facility assets,Utilities; Municipal shareholders; Infrastructure owners,https://www.cornwallelectric.com/; https://www.oeb.ca/ontarios-energy-sector/list-licensed-companies,"Utilities/Energy lead with public-source relevance to electricity distribution, utility infrastructure, pole line and corridor assets work.","Public-source category fit indicates electricity distribution, utility infrastructure, pole line and corridor assets, substation and facility assets responsibilities or market activity, creating a fit for DSCI aerial mapping, site documentation, LiDAR-ready capture and inspection support.",Utility infrastructure; Pole line and corridor assets; Substation and facility assets,NOT CONFIRMED | NOT CONFIRMED | Website/contact form | https://www.cornwallelectric.com/,NOT CONFIRMED,NOT CONFIRMED,NOT CONFIRMED,"Offer RPAS corridor patrol imagery, LiDAR-ready field capture, utility asset documentation and difficult-access inspection support.",84,75,New,Wave 3 remaining-category expansion; verify contact details before outreach.,2026-07-20
on-wave3-utilities-energy-e-l-k-energy-inc,E.L.K. Energy Inc.,Utilities/Energy,Essex,Ontario,Ontario,Electricity distribution; Utility infrastructure; Pole line and corridor assets; Substation and facility assets,Utilities; Municipal shareholders; Infrastructure owners,https://www.elkenergy.com/; https://www.oeb.ca/ontarios-energy-sector/list-licensed-companies,"Utilities/Energy lead with public-source relevance to electricity distribution, utility infrastructure, pole line and corridor assets work.","Public-source category fit indicates electricity distribution, utility infrastructure, pole line and corridor assets, substation and facility assets responsibilities or market activity, creating a fit for DSCI aerial mapping, site documentation, LiDAR-ready capture and inspection support.",Utility infrastructure; Pole line and corridor assets; Substation and facility assets,NOT CONFIRMED | NOT CONFIRMED | Website/contact form | https://www.elkenergy.com/,NOT CONFIRMED,NOT CONFIRMED,NOT CONFIRMED,"Offer RPAS corridor patrol imagery, LiDAR-ready field capture, utility asset documentation and difficult-access inspection support.",84,75,New,Wave 3 remaining-category expansion; verify contact details before outreach.,2026-07-20
on-wave3-utilities-energy-elexicon-energy-inc,Elexicon Energy Inc.,Utilities/Energy,Ajax,Ontario,Ontario,Electricity distribution; Utility infrastructure; Pole line and corridor assets; Substation and facility assets,Utilities; Municipal shareholders; Infrastructure owners,https://elexiconenergy.com/; https://www.oeb.ca/ontarios-energy-sector/list-licensed-companies,"Utilities/Energy lead with public-source relevance to electricity distribution, utility infrastructure, pole line and corridor assets work.","Public-source category fit indicates electricity distribution, utility infrastructure, pole line and corridor assets, substation and facility assets responsibilities or market activity, creating a fit for DSCI aerial mapping, site documentation, LiDAR-ready capture and inspection support.",Utility infrastructure; Pole line and corridor assets; Substation and facility assets,NOT CONFIRMED | NOT CONFIRMED | Website/contact form | https://elexiconenergy.com/,NOT CONFIRMED,NOT CONFIRMED,NOT CONFIRMED,"Offer RPAS corridor patrol imagery, LiDAR-ready field capture, utility asset documentation and difficult-access inspection support.",84,75,New,Wave 3 remaining-category expansion; verify contact details before outreach.,2026-07-20
on-wave3-utilities-energy-enova-power-corp,Enova Power Corp.,Utilities/Energy,Kitchener,Ontario,Ontario,Electricity distribution; Utility infrastructure; Pole line and corridor assets; Substation and facility assets,Utilities; Municipal shareholders; Infrastructure owners,https://enovapower.com/; https://www.oeb.ca/ontarios-energy-sector/list-licensed-companies,"Utilities/Energy lead with public-source relevance to electricity distribution, utility infrastructure, pole line and corridor assets work.","Public-source category fit indicates electricity distribution, utility infrastructure, pole line and corridor assets, substation and facility assets responsibilities or market activity, creating a fit for DSCI aerial mapping, site documentation, LiDAR-ready capture and inspection support.",Utility infrastructure; Pole line and corridor assets; Substation and facility assets,NOT CONFIRMED | NOT CONFIRMED | Website/contact form | https://enovapower.com/,NOT CONFIRMED,NOT CONFIRMED,NOT CONFIRMED,"Offer RPAS corridor patrol imagery, LiDAR-ready field capture, utility asset documentation and difficult-access inspection support.",84,75,New,Wave 3 remaining-category expansion; verify contact details before outreach.,2026-07-20
on-wave3-utilities-energy-entegrus-powerlines-inc,Entegrus Powerlines Inc.,Utilities/Energy,Chatham,Ontario,Ontario,Electricity distribution; Utility infrastructure; Pole line and corridor assets; Substation and facility assets,Utilities; Municipal shareholders; Infrastructure owners,https://www.entegrus.com/; https://www.oeb.ca/ontarios-energy-sector/list-licensed-companies,"Utilities/Energy lead with public-source relevance to electricity distribution, utility infrastructure, pole line and corridor assets work.","Public-source category fit indicates electricity distribution, utility infrastructure, pole line and corridor assets, substation and facility assets responsibilities or market activity, creating a fit for DSCI aerial mapping, site documentation, LiDAR-ready capture and inspection support.",Utility infrastructure; Pole line and corridor assets; Substation and facility assets,NOT CONFIRMED | NOT CONFIRMED | Website/contact form | https://www.entegrus.com/,NOT CONFIRMED,NOT CONFIRMED,NOT CONFIRMED,"Offer RPAS corridor patrol imagery, LiDAR-ready field capture, utility asset documentation and difficult-access inspection support.",84,75,New,Wave 3 remaining-category expansion; verify contact details before outreach.,2026-07-20
on-wave3-utilities-energy-enwin-utilities-ltd,ENWIN Utilities Ltd.,Utilities/Energy,Windsor,Ontario,Ontario,Electricity distribution; Utility infrastructure; Pole line and corridor assets; Substation and facility assets,Utilities; Municipal shareholders; Infrastructure owners,https://www.enwin.com/; https://www.oeb.ca/ontarios-energy-sector/list-licensed-companies,"Utilities/Energy lead with public-source relevance to electricity distribution, utility infrastructure, pole line and corridor assets work.","Public-source category fit indicates electricity distribution, utility infrastructure, pole line and corridor assets, substation and facility assets responsibilities or market activity, creating a fit for DSCI aerial mapping, site documentation, LiDAR-ready capture and inspection support.",Utility infrastructure; Pole line and corridor assets; Substation and facility assets,NOT CONFIRMED | NOT CONFIRMED | Website/contact form | https://www.enwin.com/,NOT CONFIRMED,NOT CONFIRMED,NOT CONFIRMED,"Offer RPAS corridor patrol imagery, LiDAR-ready field capture, utility asset documentation and difficult-access inspection support.",84,75,New,Wave 3 remaining-category expansion; verify contact details before outreach.,2026-07-20
on-wave3-utilities-energy-epcor-electricity-distribution-ontario-inc,EPCOR Electricity Distribution Ontario Inc.,Utilities/Energy,Collingwood,Ontario,Ontario,Electricity distribution; Utility infrastructure; Pole line and corridor assets; Substation and facility assets,Utilities; Municipal shareholders; Infrastructure owners,https://www.epcor.com/; https://www.oeb.ca/ontarios-energy-sector/list-licensed-companies,"Utilities/Energy lead with public-source relevance to electricity distribution, utility infrastructure, pole line and corridor assets work.","Public-source category fit indicates electricity distribution, utility infrastructure, pole line and corridor assets, substation and facility assets responsibilities or market activity, creating a fit for DSCI aerial mapping, site documentation, LiDAR-ready capture and inspection support.",Utility infrastructure; Pole line and corridor assets; Substation and facility assets,NOT CONFIRMED | NOT CONFIRMED | Website/contact form | https://www.epcor.com/,NOT CONFIRMED,NOT CONFIRMED,NOT CONFIRMED,"Offer RPAS corridor patrol imagery, LiDAR-ready field capture, utility asset documentation and difficult-access inspection support.",84,75,New,Wave 3 remaining-category expansion; verify contact details before outreach.,2026-07-20
on-wave3-utilities-energy-erth-power-corporation,ERTH Power Corporation,Utilities/Energy,Ingersoll,Ontario,Ontario,Electricity distribution; Utility infrastructure; Pole line and corridor assets; Substation and facility assets,Utilities; Municipal shareholders; Infrastructure owners,https://www.erthpower.com/; https://www.oeb.ca/ontarios-energy-sector/list-licensed-companies,"Utilities/Energy lead with public-source relevance to electricity distribution, utility infrastructure, pole line and corridor assets work.","Public-source category fit indicates electricity distribution, utility infrastructure, pole line and corridor assets, substation and facility assets responsibilities or market activity, creating a fit for DSCI aerial mapping, site documentation, LiDAR-ready capture and inspection support.",Utility infrastructure; Pole line and corridor assets; Substation and facility assets,NOT CONFIRMED | NOT CONFIRMED | Website/contact form | https://www.erthpower.com/,NOT CONFIRMED,NOT CONFIRMED,NOT CONFIRMED,"Offer RPAS corridor patrol imagery, LiDAR-ready field capture, utility asset documentation and difficult-access inspection support.",84,75,New,Wave 3 remaining-category expansion; verify contact details before outreach.,2026-07-20
on-wave3-utilities-energy-essex-powerlines-corporation,Essex Powerlines Corporation,Utilities/Energy,Oldcastle,Ontario,Ontario,Electricity distribution; Utility infrastructure; Pole line and corridor assets; Substation and facility assets,Utilities; Municipal shareholders; Infrastructure owners,https://essexpowerlines.ca/; https://www.oeb.ca/ontarios-energy-sector/list-licensed-companies,"Utilities/Energy lead with public-source relevance to electricity distribution, utility infrastructure, pole line and corridor assets work.","Public-source category fit indicates electricity distribution, utility infrastructure, pole line and corridor assets, substation and facility assets responsibilities or market activity, creating a fit for DSCI aerial mapping, site documentation, LiDAR-ready capture and inspection support.",Utility infrastructure; Pole line and corridor assets; Substation and facility assets,NOT CONFIRMED | NOT CONFIRMED | Website/contact form | https://essexpowerlines.ca/,NOT CONFIRMED,NOT CONFIRMED,NOT CONFIRMED,"Offer RPAS corridor patrol imagery, LiDAR-ready field capture, utility asset documentation and difficult-access inspection support.",84,75,New,Wave 3 remaining-category expansion; verify contact details before outreach.,2026-07-20
on-wave3-utilities-energy-festival-hydro-inc,Festival Hydro Inc.,Utilities/Energy,Stratford,Ontario,Ontario,Electricity distribution; Utility infrastructure; Pole line and corridor assets; Substation and facility assets,Utilities; Municipal shareholders; Infrastructure owners,https://festivalhydro.com/; https://www.oeb.ca/ontarios-energy-sector/list-licensed-companies,"Utilities/Energy lead with public-source relevance to electricity distribution, utility infrastructure, pole line and corridor assets work.","Public-source category fit indicates electricity distribution, utility infrastructure, pole line and corridor assets, substation and facility assets responsibilities or market activity, creating a fit for DSCI aerial mapping, site documentation, LiDAR-ready capture and inspection support.",Utility infrastructure; Pole line and corridor assets; Substation and facility assets,NOT CONFIRMED | NOT CONFIRMED | Website/contact form | https://festivalhydro.com/,NOT CONFIRMED,NOT CONFIRMED,NOT CONFIRMED,"Offer RPAS corridor patrol imagery, LiDAR-ready field capture, utility asset documentation and difficult-access inspection support.",84,75,New,Wave 3 remaining-category expansion; verify contact details before outreach.,2026-07-20
on-wave3-utilities-energy-fort-frances-power-corporation,Fort Frances Power Corporation,Utilities/Energy,Fort Frances,Ontario,Ontario,Electricity distribution; Utility infrastructure; Pole line and corridor assets; Substation and facility assets,Utilities; Municipal shareholders; Infrastructure owners,https://ffpc.ca/; https://www.oeb.ca/ontarios-energy-sector/list-licensed-companies,"Utilities/Energy lead with public-source relevance to electricity distribution, utility infrastructure, pole line and corridor assets work.","Public-source category fit indicates electricity distribution, utility infrastructure, pole line and corridor assets, substation and facility assets responsibilities or market activity, creating a fit for DSCI aerial mapping, site documentation, LiDAR-ready capture and inspection support.",Utility infrastructure; Pole line and corridor assets; Substation and facility assets,NOT CONFIRMED | NOT CONFIRMED | Website/contact form | https://ffpc.ca/,NOT CONFIRMED,NOT CONFIRMED,NOT CONFIRMED,"Offer RPAS corridor patrol imagery, LiDAR-ready field capture, utility asset documentation and difficult-access inspection support.",84,75,New,Wave 3 remaining-category expansion; verify contact details before outreach.,2026-07-20
on-wave3-utilities-energy-grandbridge-energy-inc,GrandBridge Energy Inc.,Utilities/Energy,Cambridge,Ontario,Ontario,Electricity distribution; Utility infrastructure; Pole line and corridor assets; Substation and facility assets,Utilities; Municipal shareholders; Infrastructure owners,https://grandbridgeenergy.com/; https://www.oeb.ca/ontarios-energy-sector/list-licensed-companies,"Utilities/Energy lead with public-source relevance to electricity distribution, utility infrastructure, pole line and corridor assets work.","Public-source category fit indicates electricity distribution, utility infrastructure, pole line and corridor assets, substation and facility assets responsibilities or market activity, creating a fit for DSCI aerial mapping, site documentation, LiDAR-ready capture and inspection support.",Utility infrastructure; Pole line and corridor assets; Substation and facility assets,NOT CONFIRMED | NOT CONFIRMED | Website/contact form | https://grandbridgeenergy.com/,NOT CONFIRMED,NOT CONFIRMED,NOT CONFIRMED,"Offer RPAS corridor patrol imagery, LiDAR-ready field capture, utility asset documentation and difficult-access inspection support.",84,75,New,Wave 3 remaining-category expansion; verify contact details before outreach.,2026-07-20
on-wave3-utilities-energy-greater-sudbury-hydro-inc,Greater Sudbury Hydro Inc.,Utilities/Energy,Sudbury,Ontario,Ontario,Electricity distribution; Utility infrastructure; Pole line and corridor assets; Substation and facility assets,Utilities; Municipal shareholders; Infrastructure owners,https://gsuinc.ca/; https://www.oeb.ca/ontarios-energy-sector/list-licensed-companies,"Utilities/Energy lead with public-source relevance to electricity distribution, utility infrastructure, pole line and corridor assets work.","Public-source category fit indicates electricity distribution, utility infrastructure, pole line and corridor assets, substation and facility assets responsibilities or market activity, creating a fit for DSCI aerial mapping, site documentation, LiDAR-ready capture and inspection support.",Utility infrastructure; Pole line and corridor assets; Substation and facility assets,NOT CONFIRMED | NOT CONFIRMED | Website/contact form | https://gsuinc.ca/,NOT CONFIRMED,NOT CONFIRMED,NOT CONFIRMED,"Offer RPAS corridor patrol imagery, LiDAR-ready field capture, utility asset documentation and difficult-access inspection support.",84,75,New,Wave 3 remaining-category expansion; verify contact details before outreach.,2026-07-20
on-wave3-utilities-energy-grimsby-power-incorporated,Grimsby Power Incorporated,Utilities/Energy,Grimsby,Ontario,Ontario,Electricity distribution; Utility infrastructure; Pole line and corridor assets; Substation and facility assets,Utilities; Municipal shareholders; Infrastructure owners,https://www.grimsbypower.com/; https://www.oeb.ca/ontarios-energy-sector/list-licensed-companies,"Utilities/Energy lead with public-source relevance to electricity distribution, utility infrastructure, pole line and corridor assets work.","Public-source category fit indicates electricity distribution, utility infrastructure, pole line and corridor assets, substation and facility assets responsibilities or market activity, creating a fit for DSCI aerial mapping, site documentation, LiDAR-ready capture and inspection support.",Utility infrastructure; Pole line and corridor assets; Substation and facility assets,NOT CONFIRMED | NOT CONFIRMED | Website/contact form | https://www.grimsbypower.com/,NOT CONFIRMED,NOT CONFIRMED,NOT CONFIRMED,"Offer RPAS corridor patrol imagery, LiDAR-ready field capture, utility asset documentation and difficult-access inspection support.",84,75,New,Wave 3 remaining-category expansion; verify contact details before outreach.,2026-07-20
on-wave3-utilities-energy-halton-hills-hydro-inc,Halton Hills Hydro Inc.,Utilities/Energy,Acton,Ontario,Ontario,Electricity distribution; Utility infrastructure; Pole line and corridor assets; Substation and facility assets,Utilities; Municipal shareholders; Infrastructure owners,https://www.haltonhillshydro.com/; https://www.oeb.ca/ontarios-energy-sector/list-licensed-companies,"Utilities/Energy lead with public-source relevance to electricity distribution, utility infrastructure, pole line and corridor assets work.","Public-source category fit indicates electricity distribution, utility infrastructure, pole line and corridor assets, substation and facility assets responsibilities or market activity, creating a fit for DSCI aerial mapping, site documentation, LiDAR-ready capture and inspection support.",Utility infrastructure; Pole line and corridor assets; Substation and facility assets,NOT CONFIRMED | NOT CONFIRMED | Website/contact form | https://www.haltonhillshydro.com/,NOT CONFIRMED,NOT CONFIRMED,NOT CONFIRMED,"Offer RPAS corridor patrol imagery, LiDAR-ready field capture, utility asset documentation and difficult-access inspection support.",84,75,New,Wave 3 remaining-category expansion; verify contact details before outreach.,2026-07-20
on-wave3-utilities-energy-hearst-power-distribution-company-limited,Hearst Power Distribution Company Limited,Utilities/Energy,Hearst,Ontario,Ontario,Electricity distribution; Utility infrastructure; Pole line and corridor assets; Substation and facility assets,Utilities; Municipal shareholders; Infrastructure owners,https://hearstpower.com/; https://www.oeb.ca/ontarios-energy-sector/list-licensed-companies,"Utilities/Energy lead with public-source relevance to electricity distribution, utility infrastructure, pole line and corridor assets work.","Public-source category fit indicates electricity distribution, utility infrastructure, pole line and corridor assets, substation and facility assets responsibilities or market activity, creating a fit for DSCI aerial mapping, site documentation, LiDAR-ready capture and inspection support.",Utility infrastructure; Pole line and corridor assets; Substation and facility assets,NOT CONFIRMED | NOT CONFIRMED | Website/contact form | https://hearstpower.com/,NOT CONFIRMED,NOT CONFIRMED,NOT CONFIRMED,"Offer RPAS corridor patrol imagery, LiDAR-ready field capture, utility asset documentation and difficult-access inspection support.",84,75,New,Wave 3 remaining-category expansion; verify contact details before outreach.,2026-07-20
on-wave3-utilities-energy-hydro-2000-inc,Hydro 2000 Inc.,Utilities/Energy,Alfred,Ontario,Ontario,Electricity distribution; Utility infrastructure; Pole line and corridor assets; Substation and facility assets,Utilities; Municipal shareholders; Infrastructure owners,https://hydro2000.ca/; https://www.oeb.ca/ontarios-energy-sector/list-licensed-companies,"Utilities/Energy lead with public-source relevance to electricity distribution, utility infrastructure, pole line and corridor assets work.","Public-source category fit indicates electricity distribution, utility infrastructure, pole line and corridor assets, substation and facility assets responsibilities or market activity, creating a fit for DSCI aerial mapping, site documentation, LiDAR-ready capture and inspection support.",Utility infrastructure; Pole line and corridor assets; Substation and facility assets,NOT CONFIRMED | NOT CONFIRMED | Website/contact form | https://hydro2000.ca/,NOT CONFIRMED,NOT CONFIRMED,NOT CONFIRMED,"Offer RPAS corridor patrol imagery, LiDAR-ready field capture, utility asset documentation and difficult-access inspection support.",84,75,New,Wave 3 remaining-category expansion; verify contact details before outreach.,2026-07-20
on-wave3-utilities-energy-hydro-hawkesbury-inc,Hydro Hawkesbury Inc.,Utilities/Energy,Hawkesbury,Ontario,Ontario,Electricity distribution; Utility infrastructure; Pole line and corridor assets; Substation and facility assets,Utilities; Municipal shareholders; Infrastructure owners,https://hydrohawkesbury.ca/; https://www.oeb.ca/ontarios-energy-sector/list-licensed-companies,"Utilities/Energy lead with public-source relevance to electricity distribution, utility infrastructure, pole line and corridor assets work.","Public-source category fit indicates electricity distribution, utility infrastructure, pole line and corridor assets, substation and facility assets responsibilities or market activity, creating a fit for DSCI aerial mapping, site documentation, LiDAR-ready capture and inspection support.",Utility infrastructure; Pole line and corridor assets; Substation and facility assets,NOT CONFIRMED | NOT CONFIRMED | Website/contact form | https://hydrohawkesbury.ca/,NOT CONFIRMED,NOT CONFIRMED,NOT CONFIRMED,"Offer RPAS corridor patrol imagery, LiDAR-ready field capture, utility asset documentation and difficult-access inspection support.",84,75,New,Wave 3 remaining-category expansion; verify contact details before outreach.,2026-07-20
on-wave3-utilities-energy-hydro-one-networks-inc,Hydro One Networks Inc.,Utilities/Energy,Toronto,Ontario,Ontario,Electricity distribution; Utility infrastructure; Pole line and corridor assets; Substation and facility assets,Utilities; Municipal shareholders; Infrastructure owners,https://www.hydroone.com/; https://www.oeb.ca/ontarios-energy-sector/list-licensed-companies,"Utilities/Energy lead with public-source relevance to electricity distribution, utility infrastructure, pole line and corridor assets work.","Public-source category fit indicates electricity distribution, utility infrastructure, pole line and corridor assets, substation and facility assets responsibilities or market activity, creating a fit for DSCI aerial mapping, site documentation, LiDAR-ready capture and inspection support.",Utility infrastructure; Pole line and corridor assets; Substation and facility assets,NOT CONFIRMED | NOT CONFIRMED | Website/contact form | https://www.hydroone.com/,NOT CONFIRMED,NOT CONFIRMED,NOT CONFIRMED,"Offer RPAS corridor patrol imagery, LiDAR-ready field capture, utility asset documentation and difficult-access inspection support.",84,75,New,Wave 3 remaining-category expansion; verify contact details before outreach.,2026-07-20
on-wave3-utilities-energy-hydro-ottawa-limited,Hydro Ottawa Limited,Utilities/Energy,Ottawa,Ontario,Ontario,Electricity distribution; Utility infrastructure; Pole line and corridor assets; Substation and facility assets,Utilities; Municipal shareholders; Infrastructure owners,https://hydroottawa.com/; https://www.oeb.ca/ontarios-energy-sector/list-licensed-companies,"Utilities/Energy lead with public-source relevance to electricity distribution, utility infrastructure, pole line and corridor assets work.","Public-source category fit indicates electricity distribution, utility infrastructure, pole line and corridor assets, substation and facility assets responsibilities or market activity, creating a fit for DSCI aerial mapping, site documentation, LiDAR-ready capture and inspection support.",Utility infrastructure; Pole line and corridor assets; Substation and facility assets,NOT CONFIRMED | NOT CONFIRMED | Website/contact form | https://hydroottawa.com/,NOT CONFIRMED,NOT CONFIRMED,NOT CONFIRMED,"Offer RPAS corridor patrol imagery, LiDAR-ready field capture, utility asset documentation and difficult-access inspection support.",84,75,New,Wave 3 remaining-category expansion; verify contact details before outreach.,2026-07-20
on-wave3-utilities-energy-innpower-corporation,InnPower Corporation,Utilities/Energy,Innisfil,Ontario,Ontario,Electricity distribution; Utility infrastructure; Pole line and corridor assets; Substation and facility assets,Utilities; Municipal shareholders; Infrastructure owners,https://innpower.ca/; https://www.oeb.ca/ontarios-energy-sector/list-licensed-companies,"Utilities/Energy lead with public-source relevance to electricity distribution, utility infrastructure, pole line and corridor assets work.","Public-source category fit indicates electricity distribution, utility infrastructure, pole line and corridor assets, substation and facility assets responsibilities or market activity, creating a fit for DSCI aerial mapping, site documentation, LiDAR-ready capture and inspection support.",Utility infrastructure; Pole line and corridor assets; Substation and facility assets,NOT CONFIRMED | NOT CONFIRMED | Website/contact form | https://innpower.ca/,NOT CONFIRMED,NOT CONFIRMED,NOT CONFIRMED,"Offer RPAS corridor patrol imagery, LiDAR-ready field capture, utility asset documentation and difficult-access inspection support.",84,75,New,Wave 3 remaining-category expansion; verify contact details before outreach.,2026-07-20
on-wave3-utilities-energy-kingston-hydro-corporation,Kingston Hydro Corporation,Utilities/Energy,Kingston,Ontario,Ontario,Electricity distribution; Utility infrastructure; Pole line and corridor assets; Substation and facility assets,Utilities; Municipal shareholders; Infrastructure owners,https://utilitieskingston.com/; https://www.oeb.ca/ontarios-energy-sector/list-licensed-companies,"Utilities/Energy lead with public-source relevance to electricity distribution, utility infrastructure, pole line and corridor assets work.","Public-source category fit indicates electricity distribution, utility infrastructure, pole line and corridor assets, substation and facility assets responsibilities or market activity, creating a fit for DSCI aerial mapping, site documentation, LiDAR-ready capture and inspection support.",Utility infrastructure; Pole line and corridor assets; Substation and facility assets,NOT CONFIRMED | NOT CONFIRMED | Website/contact form | https://utilitieskingston.com/,NOT CONFIRMED,NOT CONFIRMED,NOT CONFIRMED,"Offer RPAS corridor patrol imagery, LiDAR-ready field capture, utility asset documentation and difficult-access inspection support.",84,75,New,Wave 3 remaining-category expansion; verify contact details before outreach.,2026-07-20
on-wave3-utilities-energy-lakefront-utilities-inc,Lakefront Utilities Inc.,Utilities/Energy,Cobourg,Ontario,Ontario,Electricity distribution; Utility infrastructure; Pole line and corridor assets; Substation and facility assets,Utilities; Municipal shareholders; Infrastructure owners,https://www.lakefrontutilities.com/; https://www.oeb.ca/ontarios-energy-sector/list-licensed-companies,"Utilities/Energy lead with public-source relevance to electricity distribution, utility infrastructure, pole line and corridor assets work.","Public-source category fit indicates electricity distribution, utility infrastructure, pole line and corridor assets, substation and facility assets responsibilities or market activity, creating a fit for DSCI aerial mapping, site documentation, LiDAR-ready capture and inspection support.",Utility infrastructure; Pole line and corridor assets; Substation and facility assets,NOT CONFIRMED | NOT CONFIRMED | Website/contact form | https://www.lakefrontutilities.com/,NOT CONFIRMED,NOT CONFIRMED,NOT CONFIRMED,"Offer RPAS corridor patrol imagery, LiDAR-ready field capture, utility asset documentation and difficult-access inspection support.",84,75,New,Wave 3 remaining-category expansion; verify contact details before outreach.,2026-07-20
on-wave3-utilities-energy-lakeland-power-distribution-ltd,Lakeland Power Distribution Ltd.,Utilities/Energy,Huntsville,Ontario,Ontario,Electricity distribution; Utility infrastructure; Pole line and corridor assets; Substation and facility assets,Utilities; Municipal shareholders; Infrastructure owners,https://www.lakelandpower.on.ca/; https://www.oeb.ca/ontarios-energy-sector/list-licensed-companies,"Utilities/Energy lead with public-source relevance to electricity distribution, utility infrastructure, pole line and corridor assets work.","Public-source category fit indicates electricity distribution, utility infrastructure, pole line and corridor assets, substation and facility assets responsibilities or market activity, creating a fit for DSCI aerial mapping, site documentation, LiDAR-ready capture and inspection support.",Utility infrastructure; Pole line and corridor assets; Substation and facility assets,NOT CONFIRMED | NOT CONFIRMED | Website/contact form | https://www.lakelandpower.on.ca/,NOT CONFIRMED,NOT CONFIRMED,NOT CONFIRMED,"Offer RPAS corridor patrol imagery, LiDAR-ready field capture, utility asset documentation and difficult-access inspection support.",84,75,New,Wave 3 remaining-category expansion; verify contact details before outreach.,2026-07-20
on-wave3-utilities-energy-london-hydro-inc,London Hydro Inc.,Utilities/Energy,London,Ontario,Ontario,Electricity distribution; Utility infrastructure; Pole line and corridor assets; Substation and facility assets,Utilities; Municipal shareholders; Infrastructure owners,https://www.londonhydro.com/; https://www.oeb.ca/ontarios-energy-sector/list-licensed-companies,"Utilities/Energy lead with public-source relevance to electricity distribution, utility infrastructure, pole line and corridor assets work.","Public-source category fit indicates electricity distribution, utility infrastructure, pole line and corridor assets, substation and facility assets responsibilities or market activity, creating a fit for DSCI aerial mapping, site documentation, LiDAR-ready capture and inspection support.",Utility infrastructure; Pole line and corridor assets; Substation and facility assets,NOT CONFIRMED | NOT CONFIRMED | Website/contact form | https://www.londonhydro.com/,NOT CONFIRMED,NOT CONFIRMED,NOT CONFIRMED,"Offer RPAS corridor patrol imagery, LiDAR-ready field capture, utility asset documentation and difficult-access inspection support.",84,75,New,Wave 3 remaining-category expansion; verify contact details before outreach.,2026-07-20
on-wave3-utilities-energy-milton-hydro-distribution-inc,Milton Hydro Distribution Inc.,Utilities/Energy,Milton,Ontario,Ontario,Electricity distribution; Utility infrastructure; Pole line and corridor assets; Substation and facility assets,Utilities; Municipal shareholders; Infrastructure owners,https://www.miltonhydro.com/; https://www.oeb.ca/ontarios-energy-sector/list-licensed-companies,"Utilities/Energy lead with public-source relevance to electricity distribution, utility infrastructure, pole line and corridor assets work.","Public-source category fit indicates electricity distribution, utility infrastructure, pole line and corridor assets, substation and facility assets responsibilities or market activity, creating a fit for DSCI aerial mapping, site documentation, LiDAR-ready capture and inspection support.",Utility infrastructure; Pole line and corridor assets; Substation and facility assets,NOT CONFIRMED | NOT CONFIRMED | Website/contact form | https://www.miltonhydro.com/,NOT CONFIRMED,NOT CONFIRMED,NOT CONFIRMED,"Offer RPAS corridor patrol imagery, LiDAR-ready field capture, utility asset documentation and difficult-access inspection support.",84,75,New,Wave 3 remaining-category expansion; verify contact details before outreach.,2026-07-20
on-wave3-utilities-energy-newmarket-tay-power-distribution-ltd,Newmarket-Tay Power Distribution Ltd.,Utilities/Energy,Newmarket,Ontario,Ontario,Electricity distribution; Utility infrastructure; Pole line and corridor assets; Substation and facility assets,Utilities; Municipal shareholders; Infrastructure owners,https://ntpower.ca/; https://www.oeb.ca/ontarios-energy-sector/list-licensed-companies,"Utilities/Energy lead with public-source relevance to electricity distribution, utility infrastructure, pole line and corridor assets work.","Public-source category fit indicates electricity distribution, utility infrastructure, pole line and corridor assets, substation and facility assets responsibilities or market activity, creating a fit for DSCI aerial mapping, site documentation, LiDAR-ready capture and inspection support.",Utility infrastructure; Pole line and corridor assets; Substation and facility assets,NOT CONFIRMED | NOT CONFIRMED | Website/contact form | https://ntpower.ca/,NOT CONFIRMED,NOT CONFIRMED,NOT CONFIRMED,"Offer RPAS corridor patrol imagery, LiDAR-ready field capture, utility asset documentation and difficult-access inspection support.",84,75,New,Wave 3 remaining-category expansion; verify contact details before outreach.,2026-07-20
on-wave3-utilities-energy-niagara-peninsula-energy-inc,Niagara Peninsula Energy Inc.,Utilities/Energy,Niagara Falls,Ontario,Ontario,Electricity distribution; Utility infrastructure; Pole line and corridor assets; Substation and facility assets,Utilities; Municipal shareholders; Infrastructure owners,https://www.npei.ca/; https://www.oeb.ca/ontarios-energy-sector/list-licensed-companies,"Utilities/Energy lead with public-source relevance to electricity distribution, utility infrastructure, pole line and corridor assets work.","Public-source category fit indicates electricity distribution, utility infrastructure, pole line and corridor assets, substation and facility assets responsibilities or market activity, creating a fit for DSCI aerial mapping, site documentation, LiDAR-ready capture and inspection support.",Utility infrastructure; Pole line and corridor assets; Substation and facility assets,NOT CONFIRMED | NOT CONFIRMED | Website/contact form | https://www.npei.ca/,NOT CONFIRMED,NOT CONFIRMED,NOT CONFIRMED,"Offer RPAS corridor patrol imagery, LiDAR-ready field capture, utility asset documentation and difficult-access inspection support.",84,75,New,Wave 3 remaining-category expansion; verify contact details before outreach.,2026-07-20
on-wave3-utilities-energy-north-bay-hydro-distribution-limited,North Bay Hydro Distribution Limited,Utilities/Energy,North Bay,Ontario,Ontario,Electricity distribution; Utility infrastructure; Pole line and corridor assets; Substation and facility assets,Utilities; Municipal shareholders; Infrastructure owners,https://www.northbayhydro.com/; https://www.oeb.ca/ontarios-energy-sector/list-licensed-companies,"Utilities/Energy lead with public-source relevance to electricity distribution, utility infrastructure, pole line and corridor assets work.","Public-source category fit indicates electricity distribution, utility infrastructure, pole line and corridor assets, substation and facility assets responsibilities or market activity, creating a fit for DSCI aerial mapping, site documentation, LiDAR-ready capture and inspection support.",Utility infrastructure; Pole line and corridor assets; Substation and facility assets,NOT CONFIRMED | NOT CONFIRMED | Website/contact form | https://www.northbayhydro.com/,NOT CONFIRMED,NOT CONFIRMED,NOT CONFIRMED,"Offer RPAS corridor patrol imagery, LiDAR-ready field capture, utility asset documentation and difficult-access inspection support.",84,75,New,Wave 3 remaining-category expansion; verify contact details before outreach.,2026-07-20
on-wave3-utilities-energy-northern-ontario-wires-inc,Northern Ontario Wires Inc.,Utilities/Energy,Cochrane,Ontario,Ontario,Electricity distribution; Utility infrastructure; Pole line and corridor assets; Substation and facility assets,Utilities; Municipal shareholders; Infrastructure owners,https://nowinc.ca/; https://www.oeb.ca/ontarios-energy-sector/list-licensed-companies,"Utilities/Energy lead with public-source relevance to electricity distribution, utility infrastructure, pole line and corridor assets work.","Public-source category fit indicates electricity distribution, utility infrastructure, pole line and corridor assets, substation and facility assets responsibilities or market activity, creating a fit for DSCI aerial mapping, site documentation, LiDAR-ready capture and inspection support.",Utility infrastructure; Pole line and corridor assets; Substation and facility assets,NOT CONFIRMED | NOT CONFIRMED | Website/contact form | https://nowinc.ca/,NOT CONFIRMED,NOT CONFIRMED,NOT CONFIRMED,"Offer RPAS corridor patrol imagery, LiDAR-ready field capture, utility asset documentation and difficult-access inspection support.",84,75,New,Wave 3 remaining-category expansion; verify contact details before outreach.,2026-07-20
on-wave3-utilities-energy-oakville-hydro-electricity-distribution-inc,Oakville Hydro Electricity Distribution Inc.,Utilities/Energy,Oakville,Ontario,Ontario,Electricity distribution; Utility infrastructure; Pole line and corridor assets; Substation and facility assets,Utilities; Municipal shareholders; Infrastructure owners,https://www.oakvillehydro.com/; https://www.oeb.ca/ontarios-energy-sector/list-licensed-companies,"Utilities/Energy lead with public-source relevance to electricity distribution, utility infrastructure, pole line and corridor assets work.","Public-source category fit indicates electricity distribution, utility infrastructure, pole line and corridor assets, substation and facility assets responsibilities or market activity, creating a fit for DSCI aerial mapping, site documentation, LiDAR-ready capture and inspection support.",Utility infrastructure; Pole line and corridor assets; Substation and facility assets,NOT CONFIRMED | NOT CONFIRMED | Website/contact form | https://www.oakvillehydro.com/,NOT CONFIRMED,NOT CONFIRMED,NOT CONFIRMED,"Offer RPAS corridor patrol imagery, LiDAR-ready field capture, utility asset documentation and difficult-access inspection support.",84,75,New,Wave 3 remaining-category expansion; verify contact details before outreach.,2026-07-20
on-wave3-utilities-energy-orangeville-hydro-limited,Orangeville Hydro Limited,Utilities/Energy,Orangeville,Ontario,Ontario,Electricity distribution; Utility infrastructure; Pole line and corridor assets; Substation and facility assets,Utilities; Municipal shareholders; Infrastructure owners,https://orangevillehydro.on.ca/; https://www.oeb.ca/ontarios-energy-sector/list-licensed-companies,"Utilities/Energy lead with public-source relevance to electricity distribution, utility infrastructure, pole line and corridor assets work.","Public-source category fit indicates electricity distribution, utility infrastructure, pole line and corridor assets, substation and facility assets responsibilities or market activity, creating a fit for DSCI aerial mapping, site documentation, LiDAR-ready capture and inspection support.",Utility infrastructure; Pole line and corridor assets; Substation and facility assets,NOT CONFIRMED | NOT CONFIRMED | Website/contact form | https://orangevillehydro.on.ca/,NOT CONFIRMED,NOT CONFIRMED,NOT CONFIRMED,"Offer RPAS corridor patrol imagery, LiDAR-ready field capture, utility asset documentation and difficult-access inspection support.",84,75,New,Wave 3 remaining-category expansion; verify contact details before outreach.,2026-07-20
on-wave3-utilities-energy-oshawa-power,Oshawa Power,Utilities/Energy,Oshawa,Ontario,Ontario,Electricity distribution; Utility infrastructure; Pole line and corridor assets; Substation and facility assets,Utilities; Municipal shareholders; Infrastructure owners,https://www.oshawapower.ca/; https://www.oeb.ca/ontarios-energy-sector/list-licensed-companies,"Utilities/Energy lead with public-source relevance to electricity distribution, utility infrastructure, pole line and corridor assets work.","Public-source category fit indicates electricity distribution, utility infrastructure, pole line and corridor assets, substation and facility assets responsibilities or market activity, creating a fit for DSCI aerial mapping, site documentation, LiDAR-ready capture and inspection support.",Utility infrastructure; Pole line and corridor assets; Substation and facility assets,NOT CONFIRMED | NOT CONFIRMED | Website/contact form | https://www.oshawapower.ca/,NOT CONFIRMED,NOT CONFIRMED,NOT CONFIRMED,"Offer RPAS corridor patrol imagery, LiDAR-ready field capture, utility asset documentation and difficult-access inspection support.",84,75,New,Wave 3 remaining-category expansion; verify contact details before outreach.,2026-07-20
on-wave3-utilities-energy-ottawa-river-power-corporation,Ottawa River Power Corporation,Utilities/Energy,Pembroke,Ontario,Ontario,Electricity distribution; Utility infrastructure; Pole line and corridor assets; Substation and facility assets,Utilities; Municipal shareholders; Infrastructure owners,https://orpowercorp.com/; https://www.oeb.ca/ontarios-energy-sector/list-licensed-companies,"Utilities/Energy lead with public-source relevance to electricity distribution, utility infrastructure, pole line and corridor assets work.","Public-source category fit indicates electricity distribution, utility infrastructure, pole line and corridor assets, substation and facility assets responsibilities or market activity, creating a fit for DSCI aerial mapping, site documentation, LiDAR-ready capture and inspection support.",Utility infrastructure; Pole line and corridor assets; Substation and facility assets,NOT CONFIRMED | NOT CONFIRMED | Website/contact form | https://orpowercorp.com/,NOT CONFIRMED,NOT CONFIRMED,NOT CONFIRMED,"Offer RPAS corridor patrol imagery, LiDAR-ready field capture, utility asset documentation and difficult-access inspection support.",84,75,New,Wave 3 remaining-category expansion; verify contact details before outreach.,2026-07-20
on-wave3-utilities-energy-puc-distribution-inc,PUC Distribution Inc.,Utilities/Energy,Sault Ste. Marie,Ontario,Ontario,Electricity distribution; Utility infrastructure; Pole line and corridor assets; Substation and facility assets,Utilities; Municipal shareholders; Infrastructure owners,https://ssmpuc.com/; https://www.oeb.ca/ontarios-energy-sector/list-licensed-companies,"Utilities/Energy lead with public-source relevance to electricity distribution, utility infrastructure, pole line and corridor assets work.","Public-source category fit indicates electricity distribution, utility infrastructure, pole line and corridor assets, substation and facility assets responsibilities or market activity, creating a fit for DSCI aerial mapping, site documentation, LiDAR-ready capture and inspection support.",Utility infrastructure; Pole line and corridor assets; Substation and facility assets,NOT CONFIRMED | NOT CONFIRMED | Website/contact form | https://ssmpuc.com/,NOT CONFIRMED,NOT CONFIRMED,NOT CONFIRMED,"Offer RPAS corridor patrol imagery, LiDAR-ready field capture, utility asset documentation and difficult-access inspection support.",84,75,New,Wave 3 remaining-category expansion; verify contact details before outreach.,2026-07-20
on-wave3-utilities-energy-renfrew-hydro-inc,Renfrew Hydro Inc.,Utilities/Energy,Renfrew,Ontario,Ontario,Electricity distribution; Utility infrastructure; Pole line and corridor assets; Substation and facility assets,Utilities; Municipal shareholders; Infrastructure owners,https://renfrewhydro.com/; https://www.oeb.ca/ontarios-energy-sector/list-licensed-companies,"Utilities/Energy lead with public-source relevance to electricity distribution, utility infrastructure, pole line and corridor assets work.","Public-source category fit indicates electricity distribution, utility infrastructure, pole line and corridor assets, substation and facility assets responsibilities or market activity, creating a fit for DSCI aerial mapping, site documentation, LiDAR-ready capture and inspection support.",Utility infrastructure; Pole line and corridor assets; Substation and facility assets,NOT CONFIRMED | NOT CONFIRMED | Website/contact form | https://renfrewhydro.com/,NOT CONFIRMED,NOT CONFIRMED,NOT CONFIRMED,"Offer RPAS corridor patrol imagery, LiDAR-ready field capture, utility asset documentation and difficult-access inspection support.",84,75,New,Wave 3 remaining-category expansion; verify contact details before outreach.,2026-07-20
on-wave3-utilities-energy-rideau-st-lawrence-distribution-inc,Rideau St. Lawrence Distribution Inc.,Utilities/Energy,Prescott,Ontario,Ontario,Electricity distribution; Utility infrastructure; Pole line and corridor assets; Substation and facility assets,Utilities; Municipal shareholders; Infrastructure owners,https://rslu.ca/; https://www.oeb.ca/ontarios-energy-sector/list-licensed-companies,"Utilities/Energy lead with public-source relevance to electricity distribution, utility infrastructure, pole line and corridor assets work.","Public-source category fit indicates electricity distribution, utility infrastructure, pole line and corridor assets, substation and facility assets responsibilities or market activity, creating a fit for DSCI aerial mapping, site documentation, LiDAR-ready capture and inspection support.",Utility infrastructure; Pole line and corridor assets; Substation and facility assets,NOT CONFIRMED | NOT CONFIRMED | Website/contact form | https://rslu.ca/,NOT CONFIRMED,NOT CONFIRMED,NOT CONFIRMED,"Offer RPAS corridor patrol imagery, LiDAR-ready field capture, utility asset documentation and difficult-access inspection support.",84,75,New,Wave 3 remaining-category expansion; verify contact details before outreach.,2026-07-20
on-wave3-utilities-energy-sioux-lookout-hydro-inc,Sioux Lookout Hydro Inc.,Utilities/Energy,Sioux Lookout,Ontario,Ontario,Electricity distribution; Utility infrastructure; Pole line and corridor assets; Substation and facility assets,Utilities; Municipal shareholders; Infrastructure owners,https://www.siouxlookouthydro.com/; https://www.oeb.ca/ontarios-energy-sector/list-licensed-companies,"Utilities/Energy lead with public-source relevance to electricity distribution, utility infrastructure, pole line and corridor assets work.","Public-source category fit indicates electricity distribution, utility infrastructure, pole line and corridor assets, substation and facility assets responsibilities or market activity, creating a fit for DSCI aerial mapping, site documentation, LiDAR-ready capture and inspection support.",Utility infrastructure; Pole line and corridor assets; Substation and facility assets,NOT CONFIRMED | NOT CONFIRMED | Website/contact form | https://www.siouxlookouthydro.com/,NOT CONFIRMED,NOT CONFIRMED,NOT CONFIRMED,"Offer RPAS corridor patrol imagery, LiDAR-ready field capture, utility asset documentation and difficult-access inspection support.",84,75,New,Wave 3 remaining-category expansion; verify contact details before outreach.,2026-07-20
on-wave3-utilities-energy-synergy-north-corporation,Synergy North Corporation,Utilities/Energy,Thunder Bay,Ontario,Ontario,Electricity distribution; Utility infrastructure; Pole line and corridor assets; Substation and facility assets,Utilities; Municipal shareholders; Infrastructure owners,https://synergynorth.ca/; https://www.oeb.ca/ontarios-energy-sector/list-licensed-companies,"Utilities/Energy lead with public-source relevance to electricity distribution, utility infrastructure, pole line and corridor assets work.","Public-source category fit indicates electricity distribution, utility infrastructure, pole line and corridor assets, substation and facility assets responsibilities or market activity, creating a fit for DSCI aerial mapping, site documentation, LiDAR-ready capture and inspection support.",Utility infrastructure; Pole line and corridor assets; Substation and facility assets,NOT CONFIRMED | NOT CONFIRMED | Website/contact form | https://synergynorth.ca/,NOT CONFIRMED,NOT CONFIRMED,NOT CONFIRMED,"Offer RPAS corridor patrol imagery, LiDAR-ready field capture, utility asset documentation and difficult-access inspection support.",84,75,New,Wave 3 remaining-category expansion; verify contact details before outreach.,2026-07-20
on-wave3-utilities-energy-tillsonburg-hydro-inc,Tillsonburg Hydro Inc.,Utilities/Energy,Tillsonburg,Ontario,Ontario,Electricity distribution; Utility infrastructure; Pole line and corridor assets; Substation and facility assets,Utilities; Municipal shareholders; Infrastructure owners,https://www.tillsonburg.ca/; https://www.oeb.ca/ontarios-energy-sector/list-licensed-companies,"Utilities/Energy lead with public-source relevance to electricity distribution, utility infrastructure, pole line and corridor assets work.","Public-source category fit indicates electricity distribution, utility infrastructure, pole line and corridor assets, substation and facility assets responsibilities or market activity, creating a fit for DSCI aerial mapping, site documentation, LiDAR-ready capture and inspection support.",Utility infrastructure; Pole line and corridor assets; Substation and facility assets,NOT CONFIRMED | NOT CONFIRMED | Website/contact form | https://www.tillsonburg.ca/,NOT CONFIRMED,NOT CONFIRMED,NOT CONFIRMED,"Offer RPAS corridor patrol imagery, LiDAR-ready field capture, utility asset documentation and difficult-access inspection support.",84,75,New,Wave 3 remaining-category expansion; verify contact details before outreach.,2026-07-20
on-wave3-utilities-energy-toronto-hydro-electric-system-limited,Toronto Hydro-Electric System Limited,Utilities/Energy,Toronto,Ontario,Ontario,Electricity distribution; Utility infrastructure; Pole line and corridor assets; Substation and facility assets,Utilities; Municipal shareholders; Infrastructure owners,https://www.torontohydro.com/; https://www.oeb.ca/ontarios-energy-sector/list-licensed-companies,"Utilities/Energy lead with public-source relevance to electricity distribution, utility infrastructure, pole line and corridor assets work.","Public-source category fit indicates electricity distribution, utility infrastructure, pole line and corridor assets, substation and facility assets responsibilities or market activity, creating a fit for DSCI aerial mapping, site documentation, LiDAR-ready capture and inspection support.",Utility infrastructure; Pole line and corridor assets; Substation and facility assets,NOT CONFIRMED | NOT CONFIRMED | Website/contact form | https://www.torontohydro.com/,NOT CONFIRMED,NOT CONFIRMED,NOT CONFIRMED,"Offer RPAS corridor patrol imagery, LiDAR-ready field capture, utility asset documentation and difficult-access inspection support.",84,75,New,Wave 3 remaining-category expansion; verify contact details before outreach.,2026-07-20
on-wave3-utilities-energy-wasaga-distribution-inc,Wasaga Distribution Inc.,Utilities/Energy,Wasaga Beach,Ontario,Ontario,Electricity distribution; Utility infrastructure; Pole line and corridor assets; Substation and facility assets,Utilities; Municipal shareholders; Infrastructure owners,https://wasagadist.ca/; https://www.oeb.ca/ontarios-energy-sector/list-licensed-companies,"Utilities/Energy lead with public-source relevance to electricity distribution, utility infrastructure, pole line and corridor assets work.","Public-source category fit indicates electricity distribution, utility infrastructure, pole line and corridor assets, substation and facility assets responsibilities or market activity, creating a fit for DSCI aerial mapping, site documentation, LiDAR-ready capture and inspection support.",Utility infrastructure; Pole line and corridor assets; Substation and facility assets,NOT CONFIRMED | NOT CONFIRMED | Website/contact form | https://wasagadist.ca/,NOT CONFIRMED,NOT CONFIRMED,NOT CONFIRMED,"Offer RPAS corridor patrol imagery, LiDAR-ready field capture, utility asset documentation and difficult-access inspection support.",84,75,New,Wave 3 remaining-category expansion; verify contact details before outreach.,2026-07-20
on-wave3-utilities-energy-wellington-north-power-inc,Wellington North Power Inc.,Utilities/Energy,Mount Forest,Ontario,Ontario,Electricity distribution; Utility infrastructure; Pole line and corridor assets; Substation and facility assets,Utilities; Municipal shareholders; Infrastructure owners,https://www.wellingtonnorthpower.com/; https://www.oeb.ca/ontarios-energy-sector/list-licensed-companies,"Utilities/Energy lead with public-source relevance to electricity distribution, utility infrastructure, pole line and corridor assets work.","Public-source category fit indicates electricity distribution, utility infrastructure, pole line and corridor assets, substation and facility assets responsibilities or market activity, creating a fit for DSCI aerial mapping, site documentation, LiDAR-ready capture and inspection support.",Utility infrastructure; Pole line and corridor assets; Substation and facility assets,NOT CONFIRMED | NOT CONFIRMED | Website/contact form | https://www.wellingtonnorthpower.com/,NOT CONFIRMED,NOT CONFIRMED,NOT CONFIRMED,"Offer RPAS corridor patrol imagery, LiDAR-ready field capture, utility asset documentation and difficult-access inspection support.",84,75,New,Wave 3 remaining-category expansion; verify contact details before outreach.,2026-07-20
on-wave3-utilities-energy-westario-power-inc,Westario Power Inc.,Utilities/Energy,Walkerton,Ontario,Ontario,Electricity distribution; Utility infrastructure; Pole line and corridor assets; Substation and facility assets,Utilities; Municipal shareholders; Infrastructure owners,https://www.westario.com/; https://www.oeb.ca/ontarios-energy-sector/list-licensed-companies,"Utilities/Energy lead with public-source relevance to electricity distribution, utility infrastructure, pole line and corridor assets work.","Public-source category fit indicates electricity distribution, utility infrastructure, pole line and corridor assets, substation and facility assets responsibilities or market activity, creating a fit for DSCI aerial mapping, site documentation, LiDAR-ready capture and inspection support.",Utility infrastructure; Pole line and corridor assets; Substation and facility assets,NOT CONFIRMED | NOT CONFIRMED | Website/contact form | https://www.westario.com/,NOT CONFIRMED,NOT CONFIRMED,NOT CONFIRMED,"Offer RPAS corridor patrol imagery, LiDAR-ready field capture, utility asset documentation and difficult-access inspection support.",84,75,New,Wave 3 remaining-category expansion; verify contact details before outreach.,2026-07-20
on-wave3-aggregates-materials-a-l-blair-construction-co-ltd,A.L. Blair Construction Co. Ltd.,Aggregates/Materials,Moose Creek,Ontario,Ontario,Aggregate production; Pits and quarries; Stockpile management; Haul roads and site works,Aggregate producers; Construction materials firms; Site operations teams,https://www.alblairconstruction.com; https://www.ossga.com/membership/active-members/,"Aggregates/Materials lead with public-source relevance to aggregate production, pits and quarries, stockpile management work.","Public-source category fit indicates aggregate production, pits and quarries, stockpile management, haul roads and site works responsibilities or market activity, creating a fit for DSCI aerial mapping, site documentation, LiDAR-ready capture and inspection support.",Pits and quarries; Stockpile management; Haul roads and site works,NOT CONFIRMED | NOT CONFIRMED | Website/contact form | https://www.alblairconstruction.com,NOT CONFIRMED,NOT CONFIRMED,NOT CONFIRMED,"Offer stockpile volume surveys, quarry/pit mapping, haul-road documentation, rehabilitation progress imagery and site-change monitoring.",88,75,New,Wave 3 remaining-category expansion; verify contact details before outreach.,2026-07-20
on-wave3-aggregates-materials-alder-creek-aggregates,Alder Creek Aggregates,Aggregates/Materials,Kitchener,Ontario,Ontario,Aggregate production; Pits and quarries; Stockpile management; Haul roads and site works,Aggregate producers; Construction materials firms; Site operations teams,https://www.aldercreekaggregates.com; https://www.ossga.com/membership/active-members/,"Aggregates/Materials lead with public-source relevance to aggregate production, pits and quarries, stockpile management work.","Public-source category fit indicates aggregate production, pits and quarries, stockpile management, haul roads and site works responsibilities or market activity, creating a fit for DSCI aerial mapping, site documentation, LiDAR-ready capture and inspection support.",Pits and quarries; Stockpile management; Haul roads and site works,NOT CONFIRMED | NOT CONFIRMED | Website/contact form | https://www.aldercreekaggregates.com,NOT CONFIRMED,NOT CONFIRMED,NOT CONFIRMED,"Offer stockpile volume surveys, quarry/pit mapping, haul-road documentation, rehabilitation progress imagery and site-change monitoring.",88,75,New,Wave 3 remaining-category expansion; verify contact details before outreach.,2026-07-20
on-wave3-aggregates-materials-amrize-canada-inc,Amrize Canada Inc.,Aggregates/Materials,Concord,Ontario,Ontario,Aggregate production; Pits and quarries; Stockpile management; Haul roads and site works,Aggregate producers; Construction materials firms; Site operations teams,https://www.amrize.com; https://www.ossga.com/membership/active-members/,"Aggregates/Materials lead with public-source relevance to aggregate production, pits and quarries, stockpile management work.","Public-source category fit indicates aggregate production, pits and quarries, stockpile management, haul roads and site works responsibilities or market activity, creating a fit for DSCI aerial mapping, site documentation, LiDAR-ready capture and inspection support.",Pits and quarries; Stockpile management; Haul roads and site works,NOT CONFIRMED | NOT CONFIRMED | Website/contact form | https://www.amrize.com,NOT CONFIRMED,NOT CONFIRMED,NOT CONFIRMED,"Offer stockpile volume surveys, quarry/pit mapping, haul-road documentation, rehabilitation progress imagery and site-change monitoring.",88,75,New,Wave 3 remaining-category expansion; verify contact details before outreach.,2026-07-20
on-wave3-aggregates-materials-arriscraft-international-inc,Arriscraft International Inc.,Aggregates/Materials,Cambridge,Ontario,Ontario,Aggregate production; Pits and quarries; Stockpile management; Haul roads and site works,Aggregate producers; Construction materials firms; Site operations teams,https://www.arriscraft.com; https://www.ossga.com/membership/active-members/,"Aggregates/Materials lead with public-source relevance to aggregate production, pits and quarries, stockpile management work.","Public-source category fit indicates aggregate production, pits and quarries, stockpile management, haul roads and site works responsibilities or market activity, creating a fit for DSCI aerial mapping, site documentation, LiDAR-ready capture and inspection support.",Pits and quarries; Stockpile management; Haul roads and site works,NOT CONFIRMED | NOT CONFIRMED | Website/contact form | https://www.arriscraft.com,NOT CONFIRMED,NOT CONFIRMED,NOT CONFIRMED,"Offer stockpile volume surveys, quarry/pit mapping, haul-road documentation, rehabilitation progress imagery and site-change monitoring.",88,75,New,Wave 3 remaining-category expansion; verify contact details before outreach.,2026-07-20
on-wave3-aggregates-materials-b-r-fulton-construction-ltd,B.R. Fulton Construction Ltd.,Aggregates/Materials,Renfrew,Ontario,Ontario,Aggregate production; Pits and quarries; Stockpile management; Haul roads and site works,Aggregate producers; Construction materials firms; Site operations teams,https://www.brfulton.com; https://www.ossga.com/membership/active-members/,"Aggregates/Materials lead with public-source relevance to aggregate production, pits and quarries, stockpile management work.","Public-source category fit indicates aggregate production, pits and quarries, stockpile management, haul roads and site works responsibilities or market activity, creating a fit for DSCI aerial mapping, site documentation, LiDAR-ready capture and inspection support.",Pits and quarries; Stockpile management; Haul roads and site works,NOT CONFIRMED | NOT CONFIRMED | Website/contact form | https://www.brfulton.com,NOT CONFIRMED,NOT CONFIRMED,NOT CONFIRMED,"Offer stockpile volume surveys, quarry/pit mapping, haul-road documentation, rehabilitation progress imagery and site-change monitoring.",88,75,New,Wave 3 remaining-category expansion; verify contact details before outreach.,2026-07-20
on-wave3-aggregates-materials-beamish-construction-inc,Beamish Construction Inc.,Aggregates/Materials,Sudbury,Ontario,Ontario,Aggregate production; Pits and quarries; Stockpile management; Haul roads and site works,Aggregate producers; Construction materials firms; Site operations teams,https://www.beamishconstruction.com; https://www.ossga.com/membership/active-members/,"Aggregates/Materials lead with public-source relevance to aggregate production, pits and quarries, stockpile management work.","Public-source category fit indicates aggregate production, pits and quarries, stockpile management, haul roads and site works responsibilities or market activity, creating a fit for DSCI aerial mapping, site documentation, LiDAR-ready capture and inspection support.",Pits and quarries; Stockpile management; Haul roads and site works,NOT CONFIRMED | NOT CONFIRMED | Website/contact form | https://www.beamishconstruction.com,NOT CONFIRMED,NOT CONFIRMED,NOT CONFIRMED,"Offer stockpile volume surveys, quarry/pit mapping, haul-road documentation, rehabilitation progress imagery and site-change monitoring.",88,75,New,Wave 3 remaining-category expansion; verify contact details before outreach.,2026-07-20
on-wave3-aggregates-materials-blythe-dale-sand-gravel,Blythe Dale Sand & Gravel,Aggregates/Materials,Blyth,Ontario,Ontario,Aggregate production; Pits and quarries; Stockpile management; Haul roads and site works,Aggregate producers; Construction materials firms; Site operations teams,https://www.blythedale.ca; https://www.ossga.com/membership/active-members/,"Aggregates/Materials lead with public-source relevance to aggregate production, pits and quarries, stockpile management work.","Public-source category fit indicates aggregate production, pits and quarries, stockpile management, haul roads and site works responsibilities or market activity, creating a fit for DSCI aerial mapping, site documentation, LiDAR-ready capture and inspection support.",Pits and quarries; Stockpile management; Haul roads and site works,NOT CONFIRMED | NOT CONFIRMED | Website/contact form | https://www.blythedale.ca,NOT CONFIRMED,NOT CONFIRMED,NOT CONFIRMED,"Offer stockpile volume surveys, quarry/pit mapping, haul-road documentation, rehabilitation progress imagery and site-change monitoring.",88,75,New,Wave 3 remaining-category expansion; verify contact details before outreach.,2026-07-20
on-wave3-aggregates-materials-bot-aggregates-limited,Bot Aggregates Limited,Aggregates/Materials,Oakville,Ontario,Ontario,Aggregate production; Pits and quarries; Stockpile management; Haul roads and site works,Aggregate producers; Construction materials firms; Site operations teams,https://botconstruction.ca; https://www.ossga.com/membership/active-members/,"Aggregates/Materials lead with public-source relevance to aggregate production, pits and quarries, stockpile management work.","Public-source category fit indicates aggregate production, pits and quarries, stockpile management, haul roads and site works responsibilities or market activity, creating a fit for DSCI aerial mapping, site documentation, LiDAR-ready capture and inspection support.",Pits and quarries; Stockpile management; Haul roads and site works,NOT CONFIRMED | NOT CONFIRMED | Website/contact form | https://botconstruction.ca,NOT CONFIRMED,NOT CONFIRMED,NOT CONFIRMED,"Offer stockpile volume surveys, quarry/pit mapping, haul-road documentation, rehabilitation progress imagery and site-change monitoring.",88,75,New,Wave 3 remaining-category expansion; verify contact details before outreach.,2026-07-20
on-wave3-aggregates-materials-brampton-brick-limited,Brampton Brick Limited,Aggregates/Materials,Brampton,Ontario,Ontario,Aggregate production; Pits and quarries; Stockpile management; Haul roads and site works,Aggregate producers; Construction materials firms; Site operations teams,https://www.bramptonbrick.com; https://www.ossga.com/membership/active-members/,"Aggregates/Materials lead with public-source relevance to aggregate production, pits and quarries, stockpile management work.","Public-source category fit indicates aggregate production, pits and quarries, stockpile management, haul roads and site works responsibilities or market activity, creating a fit for DSCI aerial mapping, site documentation, LiDAR-ready capture and inspection support.",Pits and quarries; Stockpile management; Haul roads and site works,NOT CONFIRMED | NOT CONFIRMED | Website/contact form | https://www.bramptonbrick.com,NOT CONFIRMED,NOT CONFIRMED,NOT CONFIRMED,"Offer stockpile volume surveys, quarry/pit mapping, haul-road documentation, rehabilitation progress imagery and site-change monitoring.",88,75,New,Wave 3 remaining-category expansion; verify contact details before outreach.,2026-07-20
on-wave3-aggregates-materials-brent-quarries,Brent Quarries,Aggregates/Materials,Port Carling,Ontario,Ontario,Aggregate production; Pits and quarries; Stockpile management; Haul roads and site works,Aggregate producers; Construction materials firms; Site operations teams,https://www.brentquarry.com; https://www.ossga.com/membership/active-members/,"Aggregates/Materials lead with public-source relevance to aggregate production, pits and quarries, stockpile management work.","Public-source category fit indicates aggregate production, pits and quarries, stockpile management, haul roads and site works responsibilities or market activity, creating a fit for DSCI aerial mapping, site documentation, LiDAR-ready capture and inspection support.",Pits and quarries; Stockpile management; Haul roads and site works,NOT CONFIRMED | NOT CONFIRMED | Website/contact form | https://www.brentquarry.com,NOT CONFIRMED,NOT CONFIRMED,NOT CONFIRMED,"Offer stockpile volume surveys, quarry/pit mapping, haul-road documentation, rehabilitation progress imagery and site-change monitoring.",88,75,New,Wave 3 remaining-category expansion; verify contact details before outreach.,2026-07-20
on-wave3-aggregates-materials-brock-aggregates-inc,Brock Aggregates Inc.,Aggregates/Materials,Concord,Ontario,Ontario,Aggregate production; Pits and quarries; Stockpile management; Haul roads and site works,Aggregate producers; Construction materials firms; Site operations teams,https://www.brockaggregates.com; https://www.ossga.com/membership/active-members/,"Aggregates/Materials lead with public-source relevance to aggregate production, pits and quarries, stockpile management work.","Public-source category fit indicates aggregate production, pits and quarries, stockpile management, haul roads and site works responsibilities or market activity, creating a fit for DSCI aerial mapping, site documentation, LiDAR-ready capture and inspection support.",Pits and quarries; Stockpile management; Haul roads and site works,NOT CONFIRMED | NOT CONFIRMED | Website/contact form | https://www.brockaggregates.com,NOT CONFIRMED,NOT CONFIRMED,NOT CONFIRMED,"Offer stockpile volume surveys, quarry/pit mapping, haul-road documentation, rehabilitation progress imagery and site-change monitoring.",88,75,New,Wave 3 remaining-category expansion; verify contact details before outreach.,2026-07-20
on-wave3-aggregates-materials-buckhorn-sand-and-gravel,Buckhorn Sand and Gravel,Aggregates/Materials,Buckhorn,Ontario,Ontario,Aggregate production; Pits and quarries; Stockpile management; Haul roads and site works,Aggregate producers; Construction materials firms; Site operations teams,https://www.buckhornsandgravel.com; https://www.ossga.com/membership/active-members/,"Aggregates/Materials lead with public-source relevance to aggregate production, pits and quarries, stockpile management work.","Public-source category fit indicates aggregate production, pits and quarries, stockpile management, haul roads and site works responsibilities or market activity, creating a fit for DSCI aerial mapping, site documentation, LiDAR-ready capture and inspection support.",Pits and quarries; Stockpile management; Haul roads and site works,NOT CONFIRMED | NOT CONFIRMED | Website/contact form | https://www.buckhornsandgravel.com,NOT CONFIRMED,NOT CONFIRMED,NOT CONFIRMED,"Offer stockpile volume surveys, quarry/pit mapping, haul-road documentation, rehabilitation progress imagery and site-change monitoring.",88,75,New,Wave 3 remaining-category expansion; verify contact details before outreach.,2026-07-20
on-wave3-aggregates-materials-cambridge-aggregates-inc,Cambridge Aggregates Inc.,Aggregates/Materials,Cambridge,Ontario,Ontario,Aggregate production; Pits and quarries; Stockpile management; Haul roads and site works,Aggregate producers; Construction materials firms; Site operations teams,https://www.heidelbergmaterials.com; https://www.ossga.com/membership/active-members/,"Aggregates/Materials lead with public-source relevance to aggregate production, pits and quarries, stockpile management work.","Public-source category fit indicates aggregate production, pits and quarries, stockpile management, haul roads and site works responsibilities or market activity, creating a fit for DSCI aerial mapping, site documentation, LiDAR-ready capture and inspection support.",Pits and quarries; Stockpile management; Haul roads and site works,NOT CONFIRMED | NOT CONFIRMED | Website/contact form | https://www.heidelbergmaterials.com,NOT CONFIRMED,NOT CONFIRMED,NOT CONFIRMED,"Offer stockpile volume surveys, quarry/pit mapping, haul-road documentation, rehabilitation progress imagery and site-change monitoring.",88,75,New,Wave 3 remaining-category expansion; verify contact details before outreach.,2026-07-20
on-wave3-aggregates-materials-capital-paving-inc,Capital Paving Inc.,Aggregates/Materials,Guelph,Ontario,Ontario,Aggregate production; Pits and quarries; Stockpile management; Haul roads and site works,Aggregate producers; Construction materials firms; Site operations teams,https://www.capitalpaving.net; https://www.ossga.com/membership/active-members/,"Aggregates/Materials lead with public-source relevance to aggregate production, pits and quarries, stockpile management work.","Public-source category fit indicates aggregate production, pits and quarries, stockpile management, haul roads and site works responsibilities or market activity, creating a fit for DSCI aerial mapping, site documentation, LiDAR-ready capture and inspection support.",Pits and quarries; Stockpile management; Haul roads and site works,NOT CONFIRMED | NOT CONFIRMED | Website/contact form | https://www.capitalpaving.net,NOT CONFIRMED,NOT CONFIRMED,NOT CONFIRMED,"Offer stockpile volume surveys, quarry/pit mapping, haul-road documentation, rehabilitation progress imagery and site-change monitoring.",88,75,New,Wave 3 remaining-category expansion; verify contact details before outreach.,2026-07-20
on-wave3-aggregates-materials-cbm-aggregates,CBM Aggregates,Aggregates/Materials,Toronto,Ontario,Ontario,Aggregate production; Pits and quarries; Stockpile management; Haul roads and site works,Aggregate producers; Construction materials firms; Site operations teams,https://www.stmaryscement.com; https://www.ossga.com/membership/active-members/,"Aggregates/Materials lead with public-source relevance to aggregate production, pits and quarries, stockpile management work.","Public-source category fit indicates aggregate production, pits and quarries, stockpile management, haul roads and site works responsibilities or market activity, creating a fit for DSCI aerial mapping, site documentation, LiDAR-ready capture and inspection support.",Pits and quarries; Stockpile management; Haul roads and site works,NOT CONFIRMED | NOT CONFIRMED | Website/contact form | https://www.stmaryscement.com,NOT CONFIRMED,NOT CONFIRMED,NOT CONFIRMED,"Offer stockpile volume surveys, quarry/pit mapping, haul-road documentation, rehabilitation progress imagery and site-change monitoring.",88,75,New,Wave 3 remaining-category expansion; verify contact details before outreach.,2026-07-20
on-wave3-aggregates-materials-cliftondale-construction-co,Cliftondale Construction Co.,Aggregates/Materials,Hawkesbury,Ontario,Ontario,Aggregate production; Pits and quarries; Stockpile management; Haul roads and site works,Aggregate producers; Construction materials firms; Site operations teams,https://www.cliftondale.ca; https://www.ossga.com/membership/active-members/,"Aggregates/Materials lead with public-source relevance to aggregate production, pits and quarries, stockpile management work.","Public-source category fit indicates aggregate production, pits and quarries, stockpile management, haul roads and site works responsibilities or market activity, creating a fit for DSCI aerial mapping, site documentation, LiDAR-ready capture and inspection support.",Pits and quarries; Stockpile management; Haul roads and site works,NOT CONFIRMED | NOT CONFIRMED | Website/contact form | https://www.cliftondale.ca,NOT CONFIRMED,NOT CONFIRMED,NOT CONFIRMED,"Offer stockpile volume surveys, quarry/pit mapping, haul-road documentation, rehabilitation progress imagery and site-change monitoring.",88,75,New,Wave 3 remaining-category expansion; verify contact details before outreach.,2026-07-20
on-wave3-aggregates-materials-coloured-aggregates-inc,Coloured Aggregates Inc.,Aggregates/Materials,Toronto,Ontario,Ontario,Aggregate production; Pits and quarries; Stockpile management; Haul roads and site works,Aggregate producers; Construction materials firms; Site operations teams,https://www.colouredaggregates.com; https://www.ossga.com/membership/active-members/,"Aggregates/Materials lead with public-source relevance to aggregate production, pits and quarries, stockpile management work.","Public-source category fit indicates aggregate production, pits and quarries, stockpile management, haul roads and site works responsibilities or market activity, creating a fit for DSCI aerial mapping, site documentation, LiDAR-ready capture and inspection support.",Pits and quarries; Stockpile management; Haul roads and site works,NOT CONFIRMED | NOT CONFIRMED | Website/contact form | https://www.colouredaggregates.com,NOT CONFIRMED,NOT CONFIRMED,NOT CONFIRMED,"Offer stockpile volume surveys, quarry/pit mapping, haul-road documentation, rehabilitation progress imagery and site-change monitoring.",88,75,New,Wave 3 remaining-category expansion; verify contact details before outreach.,2026-07-20
on-wave3-aggregates-materials-cornwall-gravel-company-limited,Cornwall Gravel Company Limited,Aggregates/Materials,Cornwall,Ontario,Ontario,Aggregate production; Pits and quarries; Stockpile management; Haul roads and site works,Aggregate producers; Construction materials firms; Site operations teams,https://www.cornwallgravel.ca; https://www.ossga.com/membership/active-members/,"Aggregates/Materials lead with public-source relevance to aggregate production, pits and quarries, stockpile management work.","Public-source category fit indicates aggregate production, pits and quarries, stockpile management, haul roads and site works responsibilities or market activity, creating a fit for DSCI aerial mapping, site documentation, LiDAR-ready capture and inspection support.",Pits and quarries; Stockpile management; Haul roads and site works,NOT CONFIRMED | NOT CONFIRMED | Website/contact form | https://www.cornwallgravel.ca,NOT CONFIRMED,NOT CONFIRMED,NOT CONFIRMED,"Offer stockpile volume surveys, quarry/pit mapping, haul-road documentation, rehabilitation progress imagery and site-change monitoring.",88,75,New,Wave 3 remaining-category expansion; verify contact details before outreach.,2026-07-20
on-wave3-aggregates-materials-cox-construction-limited,Cox Construction Limited,Aggregates/Materials,Guelph,Ontario,Ontario,Aggregate production; Pits and quarries; Stockpile management; Haul roads and site works,Aggregate producers; Construction materials firms; Site operations teams,https://www.coxconstruction.ca; https://www.ossga.com/membership/active-members/,"Aggregates/Materials lead with public-source relevance to aggregate production, pits and quarries, stockpile management work.","Public-source category fit indicates aggregate production, pits and quarries, stockpile management, haul roads and site works responsibilities or market activity, creating a fit for DSCI aerial mapping, site documentation, LiDAR-ready capture and inspection support.",Pits and quarries; Stockpile management; Haul roads and site works,NOT CONFIRMED | NOT CONFIRMED | Website/contact form | https://www.coxconstruction.ca,NOT CONFIRMED,NOT CONFIRMED,NOT CONFIRMED,"Offer stockpile volume surveys, quarry/pit mapping, haul-road documentation, rehabilitation progress imagery and site-change monitoring.",88,75,New,Wave 3 remaining-category expansion; verify contact details before outreach.,2026-07-20
on-wave3-aggregates-materials-d-j-lockhart-excavators-ltd,D & J Lockhart Excavators Ltd.,Aggregates/Materials,Guelph,Ontario,Ontario,Aggregate production; Pits and quarries; Stockpile management; Haul roads and site works,Aggregate producers; Construction materials firms; Site operations teams,https://www.djlockhart.com; https://www.ossga.com/membership/active-members/,"Aggregates/Materials lead with public-source relevance to aggregate production, pits and quarries, stockpile management work.","Public-source category fit indicates aggregate production, pits and quarries, stockpile management, haul roads and site works responsibilities or market activity, creating a fit for DSCI aerial mapping, site documentation, LiDAR-ready capture and inspection support.",Pits and quarries; Stockpile management; Haul roads and site works,NOT CONFIRMED | NOT CONFIRMED | Website/contact form | https://www.djlockhart.com,NOT CONFIRMED,NOT CONFIRMED,NOT CONFIRMED,"Offer stockpile volume surveys, quarry/pit mapping, haul-road documentation, rehabilitation progress imagery and site-change monitoring.",88,75,New,Wave 3 remaining-category expansion; verify contact details before outreach.,2026-07-20
on-wave3-aggregates-materials-dufferin-aggregates,Dufferin Aggregates,Aggregates/Materials,Oakville,Ontario,Ontario,Aggregate production; Pits and quarries; Stockpile management; Haul roads and site works,Aggregate producers; Construction materials firms; Site operations teams,https://www.dufferinaggregates.com; https://www.ossga.com/membership/active-members/,"Aggregates/Materials lead with public-source relevance to aggregate production, pits and quarries, stockpile management work.","Public-source category fit indicates aggregate production, pits and quarries, stockpile management, haul roads and site works responsibilities or market activity, creating a fit for DSCI aerial mapping, site documentation, LiDAR-ready capture and inspection support.",Pits and quarries; Stockpile management; Haul roads and site works,NOT CONFIRMED | NOT CONFIRMED | Website/contact form | https://www.dufferinaggregates.com,NOT CONFIRMED,NOT CONFIRMED,NOT CONFIRMED,"Offer stockpile volume surveys, quarry/pit mapping, haul-road documentation, rehabilitation progress imagery and site-change monitoring.",88,75,New,Wave 3 remaining-category expansion; verify contact details before outreach.,2026-07-20
on-wave3-aggregates-materials-draglam-salt,Draglam Salt,Aggregates/Materials,Concord,Ontario,Ontario,Aggregate production; Pits and quarries; Stockpile management; Haul roads and site works,Aggregate producers; Construction materials firms; Site operations teams,https://www.draglamsalt.com; https://www.ossga.com/membership/active-members/,"Aggregates/Materials lead with public-source relevance to aggregate production, pits and quarries, stockpile management work.","Public-source category fit indicates aggregate production, pits and quarries, stockpile management, haul roads and site works responsibilities or market activity, creating a fit for DSCI aerial mapping, site documentation, LiDAR-ready capture and inspection support.",Pits and quarries; Stockpile management; Haul roads and site works,NOT CONFIRMED | NOT CONFIRMED | Website/contact form | https://www.draglamsalt.com,NOT CONFIRMED,NOT CONFIRMED,NOT CONFIRMED,"Offer stockpile volume surveys, quarry/pit mapping, haul-road documentation, rehabilitation progress imagery and site-change monitoring.",88,75,New,Wave 3 remaining-category expansion; verify contact details before outreach.,2026-07-20
on-wave3-aggregates-materials-ed-seguin-sons-trucking-and-paving-ltd,Ed Seguin & Sons Trucking and Paving Ltd.,Aggregates/Materials,St. Isidore,Ontario,Ontario,Aggregate production; Pits and quarries; Stockpile management; Haul roads and site works,Aggregate producers; Construction materials firms; Site operations teams,https://www.edseguinandsons.com; https://www.ossga.com/membership/active-members/,"Aggregates/Materials lead with public-source relevance to aggregate production, pits and quarries, stockpile management work.","Public-source category fit indicates aggregate production, pits and quarries, stockpile management, haul roads and site works responsibilities or market activity, creating a fit for DSCI aerial mapping, site documentation, LiDAR-ready capture and inspection support.",Pits and quarries; Stockpile management; Haul roads and site works,NOT CONFIRMED | NOT CONFIRMED | Website/contact form | https://www.edseguinandsons.com,NOT CONFIRMED,NOT CONFIRMED,NOT CONFIRMED,"Offer stockpile volume surveys, quarry/pit mapping, haul-road documentation, rehabilitation progress imagery and site-change monitoring.",88,75,New,Wave 3 remaining-category expansion; verify contact details before outreach.,2026-07-20
on-wave3-aggregates-materials-eisses-brothers-excavating,Eisses Brothers Excavating,Aggregates/Materials,Barrie,Ontario,Ontario,Aggregate production; Pits and quarries; Stockpile management; Haul roads and site works,Aggregate producers; Construction materials firms; Site operations teams,https://www.eissesexcavating.com; https://www.ossga.com/membership/active-members/,"Aggregates/Materials lead with public-source relevance to aggregate production, pits and quarries, stockpile management work.","Public-source category fit indicates aggregate production, pits and quarries, stockpile management, haul roads and site works responsibilities or market activity, creating a fit for DSCI aerial mapping, site documentation, LiDAR-ready capture and inspection support.",Pits and quarries; Stockpile management; Haul roads and site works,NOT CONFIRMED | NOT CONFIRMED | Website/contact form | https://www.eissesexcavating.com,NOT CONFIRMED,NOT CONFIRMED,NOT CONFIRMED,"Offer stockpile volume surveys, quarry/pit mapping, haul-road documentation, rehabilitation progress imagery and site-change monitoring.",88,75,New,Wave 3 remaining-category expansion; verify contact details before outreach.,2026-07-20
on-wave3-aggregates-materials-ethier-sand-and-gravel-ltd,Ethier Sand and Gravel Ltd.,Aggregates/Materials,Sudbury,Ontario,Ontario,Aggregate production; Pits and quarries; Stockpile management; Haul roads and site works,Aggregate producers; Construction materials firms; Site operations teams,https://www.ethiersandandgravel.ca; https://www.ossga.com/membership/active-members/,"Aggregates/Materials lead with public-source relevance to aggregate production, pits and quarries, stockpile management work.","Public-source category fit indicates aggregate production, pits and quarries, stockpile management, haul roads and site works responsibilities or market activity, creating a fit for DSCI aerial mapping, site documentation, LiDAR-ready capture and inspection support.",Pits and quarries; Stockpile management; Haul roads and site works,NOT CONFIRMED | NOT CONFIRMED | Website/contact form | https://www.ethiersandandgravel.ca,NOT CONFIRMED,NOT CONFIRMED,NOT CONFIRMED,"Offer stockpile volume surveys, quarry/pit mapping, haul-road documentation, rehabilitation progress imagery and site-change monitoring.",88,75,New,Wave 3 remaining-category expansion; verify contact details before outreach.,2026-07-20
on-wave3-aggregates-materials-fisher-wavy-inc,Fisher Wavy Inc.,Aggregates/Materials,Sudbury,Ontario,Ontario,Aggregate production; Pits and quarries; Stockpile management; Haul roads and site works,Aggregate producers; Construction materials firms; Site operations teams,https://www.fisherwavy.com; https://www.ossga.com/membership/active-members/,"Aggregates/Materials lead with public-source relevance to aggregate production, pits and quarries, stockpile management work.","Public-source category fit indicates aggregate production, pits and quarries, stockpile management, haul roads and site works responsibilities or market activity, creating a fit for DSCI aerial mapping, site documentation, LiDAR-ready capture and inspection support.",Pits and quarries; Stockpile management; Haul roads and site works,NOT CONFIRMED | NOT CONFIRMED | Website/contact form | https://www.fisherwavy.com,NOT CONFIRMED,NOT CONFIRMED,NOT CONFIRMED,"Offer stockpile volume surveys, quarry/pit mapping, haul-road documentation, rehabilitation progress imagery and site-change monitoring.",88,75,New,Wave 3 remaining-category expansion; verify contact details before outreach.,2026-07-20
on-wave3-aggregates-materials-g-tackaberry-sons-construction-company-limited,G. Tackaberry & Sons Construction Company Limited,Aggregates/Materials,Athens,Ontario,Ontario,Aggregate production; Pits and quarries; Stockpile management; Haul roads and site works,Aggregate producers; Construction materials firms; Site operations teams,https://www.tackaberryconstruction.com; https://www.ossga.com/membership/active-members/,"Aggregates/Materials lead with public-source relevance to aggregate production, pits and quarries, stockpile management work.","Public-source category fit indicates aggregate production, pits and quarries, stockpile management, haul roads and site works responsibilities or market activity, creating a fit for DSCI aerial mapping, site documentation, LiDAR-ready capture and inspection support.",Pits and quarries; Stockpile management; Haul roads and site works,NOT CONFIRMED | NOT CONFIRMED | Website/contact form | https://www.tackaberryconstruction.com,NOT CONFIRMED,NOT CONFIRMED,NOT CONFIRMED,"Offer stockpile volume surveys, quarry/pit mapping, haul-road documentation, rehabilitation progress imagery and site-change monitoring.",88,75,New,Wave 3 remaining-category expansion; verify contact details before outreach.,2026-07-20
on-wave3-aggregates-materials-georgian-aggregates-and-construction-inc,Georgian Aggregates and Construction Inc.,Aggregates/Materials,Collingwood,Ontario,Ontario,Aggregate production; Pits and quarries; Stockpile management; Haul roads and site works,Aggregate producers; Construction materials firms; Site operations teams,https://www.georgianaggregates.ca; https://www.ossga.com/membership/active-members/,"Aggregates/Materials lead with public-source relevance to aggregate production, pits and quarries, stockpile management work.","Public-source category fit indicates aggregate production, pits and quarries, stockpile management, haul roads and site works responsibilities or market activity, creating a fit for DSCI aerial mapping, site documentation, LiDAR-ready capture and inspection support.",Pits and quarries; Stockpile management; Haul roads and site works,NOT CONFIRMED | NOT CONFIRMED | Website/contact form | https://www.georgianaggregates.ca,NOT CONFIRMED,NOT CONFIRMED,NOT CONFIRMED,"Offer stockpile volume surveys, quarry/pit mapping, haul-road documentation, rehabilitation progress imagery and site-change monitoring.",88,75,New,Wave 3 remaining-category expansion; verify contact details before outreach.,2026-07-20
on-wave3-aggregates-materials-grant-aggregate,Grant Aggregate,Aggregates/Materials,Sudbury,Ontario,Ontario,Aggregate production; Pits and quarries; Stockpile management; Haul roads and site works,Aggregate producers; Construction materials firms; Site operations teams,https://www.grantaggregate.com; https://www.ossga.com/membership/active-members/,"Aggregates/Materials lead with public-source relevance to aggregate production, pits and quarries, stockpile management work.","Public-source category fit indicates aggregate production, pits and quarries, stockpile management, haul roads and site works responsibilities or market activity, creating a fit for DSCI aerial mapping, site documentation, LiDAR-ready capture and inspection support.",Pits and quarries; Stockpile management; Haul roads and site works,NOT CONFIRMED | NOT CONFIRMED | Website/contact form | https://www.grantaggregate.com,NOT CONFIRMED,NOT CONFIRMED,NOT CONFIRMED,"Offer stockpile volume surveys, quarry/pit mapping, haul-road documentation, rehabilitation progress imagery and site-change monitoring.",88,75,New,Wave 3 remaining-category expansion; verify contact details before outreach.,2026-07-20
on-wave3-aggregates-materials-harold-sutherland-construction-ltd,Harold Sutherland Construction Ltd.,Aggregates/Materials,Kemble,Ontario,Ontario,Aggregate production; Pits and quarries; Stockpile management; Haul roads and site works,Aggregate producers; Construction materials firms; Site operations teams,https://haroldsutherlandconstruction.com; https://www.ossga.com/membership/active-members/,"Aggregates/Materials lead with public-source relevance to aggregate production, pits and quarries, stockpile management work.","Public-source category fit indicates aggregate production, pits and quarries, stockpile management, haul roads and site works responsibilities or market activity, creating a fit for DSCI aerial mapping, site documentation, LiDAR-ready capture and inspection support.",Pits and quarries; Stockpile management; Haul roads and site works,NOT CONFIRMED | NOT CONFIRMED | Website/contact form | https://haroldsutherlandconstruction.com,NOT CONFIRMED,NOT CONFIRMED,NOT CONFIRMED,"Offer stockpile volume surveys, quarry/pit mapping, haul-road documentation, rehabilitation progress imagery and site-change monitoring.",88,75,New,Wave 3 remaining-category expansion; verify contact details before outreach.,2026-07-20
on-wave3-aggregates-materials-heidelberg-materials-canada-limited,Heidelberg Materials Canada Limited,Aggregates/Materials,Burlington,Ontario,Ontario,Aggregate production; Pits and quarries; Stockpile management; Haul roads and site works,Aggregate producers; Construction materials firms; Site operations teams,https://www.heidelbergmaterials.com; https://www.ossga.com/membership/active-members/,"Aggregates/Materials lead with public-source relevance to aggregate production, pits and quarries, stockpile management work.","Public-source category fit indicates aggregate production, pits and quarries, stockpile management, haul roads and site works responsibilities or market activity, creating a fit for DSCI aerial mapping, site documentation, LiDAR-ready capture and inspection support.",Pits and quarries; Stockpile management; Haul roads and site works,NOT CONFIRMED | NOT CONFIRMED | Website/contact form | https://www.heidelbergmaterials.com,NOT CONFIRMED,NOT CONFIRMED,NOT CONFIRMED,"Offer stockpile volume surveys, quarry/pit mapping, haul-road documentation, rehabilitation progress imagery and site-change monitoring.",88,75,New,Wave 3 remaining-category expansion; verify contact details before outreach.,2026-07-20
on-wave3-aggregates-materials-james-dick-construction-limited,James Dick Construction Limited,Aggregates/Materials,Bolton,Ontario,Ontario,Aggregate production; Pits and quarries; Stockpile management; Haul roads and site works,Aggregate producers; Construction materials firms; Site operations teams,https://www.jamesdick.com; https://www.ossga.com/membership/active-members/,"Aggregates/Materials lead with public-source relevance to aggregate production, pits and quarries, stockpile management work.","Public-source category fit indicates aggregate production, pits and quarries, stockpile management, haul roads and site works responsibilities or market activity, creating a fit for DSCI aerial mapping, site documentation, LiDAR-ready capture and inspection support.",Pits and quarries; Stockpile management; Haul roads and site works,NOT CONFIRMED | NOT CONFIRMED | Website/contact form | https://www.jamesdick.com,NOT CONFIRMED,NOT CONFIRMED,NOT CONFIRMED,"Offer stockpile volume surveys, quarry/pit mapping, haul-road documentation, rehabilitation progress imagery and site-change monitoring.",88,75,New,Wave 3 remaining-category expansion; verify contact details before outreach.,2026-07-20
on-wave3-aggregates-materials-jennison-construction-ltd,Jennison Construction Ltd.,Aggregates/Materials,Leamington,Ontario,Ontario,Aggregate production; Pits and quarries; Stockpile management; Haul roads and site works,Aggregate producers; Construction materials firms; Site operations teams,https://www.jennisonconstruction.com; https://www.ossga.com/membership/active-members/,"Aggregates/Materials lead with public-source relevance to aggregate production, pits and quarries, stockpile management work.","Public-source category fit indicates aggregate production, pits and quarries, stockpile management, haul roads and site works responsibilities or market activity, creating a fit for DSCI aerial mapping, site documentation, LiDAR-ready capture and inspection support.",Pits and quarries; Stockpile management; Haul roads and site works,NOT CONFIRMED | NOT CONFIRMED | Website/contact form | https://www.jennisonconstruction.com,NOT CONFIRMED,NOT CONFIRMED,NOT CONFIRMED,"Offer stockpile volume surveys, quarry/pit mapping, haul-road documentation, rehabilitation progress imagery and site-change monitoring.",88,75,New,Wave 3 remaining-category expansion; verify contact details before outreach.,2026-07-20
on-wave3-aggregates-materials-k-j-beamish-construction-co-limited,K.J. Beamish Construction Co. Limited,Aggregates/Materials,Sudbury,Ontario,Ontario,Aggregate production; Pits and quarries; Stockpile management; Haul roads and site works,Aggregate producers; Construction materials firms; Site operations teams,https://www.kjbeamish.com; https://www.ossga.com/membership/active-members/,"Aggregates/Materials lead with public-source relevance to aggregate production, pits and quarries, stockpile management work.","Public-source category fit indicates aggregate production, pits and quarries, stockpile management, haul roads and site works responsibilities or market activity, creating a fit for DSCI aerial mapping, site documentation, LiDAR-ready capture and inspection support.",Pits and quarries; Stockpile management; Haul roads and site works,NOT CONFIRMED | NOT CONFIRMED | Website/contact form | https://www.kjbeamish.com,NOT CONFIRMED,NOT CONFIRMED,NOT CONFIRMED,"Offer stockpile volume surveys, quarry/pit mapping, haul-road documentation, rehabilitation progress imagery and site-change monitoring.",88,75,New,Wave 3 remaining-category expansion; verify contact details before outreach.,2026-07-20
on-wave3-aggregates-materials-lafarge-canada-inc,Lafarge Canada Inc.,Aggregates/Materials,Mississauga,Ontario,Ontario,Aggregate production; Pits and quarries; Stockpile management; Haul roads and site works,Aggregate producers; Construction materials firms; Site operations teams,https://www.lafarge.ca; https://www.ossga.com/membership/active-members/,"Aggregates/Materials lead with public-source relevance to aggregate production, pits and quarries, stockpile management work.","Public-source category fit indicates aggregate production, pits and quarries, stockpile management, haul roads and site works responsibilities or market activity, creating a fit for DSCI aerial mapping, site documentation, LiDAR-ready capture and inspection support.",Pits and quarries; Stockpile management; Haul roads and site works,NOT CONFIRMED | NOT CONFIRMED | Website/contact form | https://www.lafarge.ca,NOT CONFIRMED,NOT CONFIRMED,NOT CONFIRMED,"Offer stockpile volume surveys, quarry/pit mapping, haul-road documentation, rehabilitation progress imagery and site-change monitoring.",88,75,New,Wave 3 remaining-category expansion; verify contact details before outreach.,2026-07-20
on-wave3-aggregates-materials-miller-aggregates,Miller Aggregates,Aggregates/Materials,Markham,Ontario,Ontario,Aggregate production; Pits and quarries; Stockpile management; Haul roads and site works,Aggregate producers; Construction materials firms; Site operations teams,https://www.millergroup.ca; https://www.ossga.com/membership/active-members/,"Aggregates/Materials lead with public-source relevance to aggregate production, pits and quarries, stockpile management work.","Public-source category fit indicates aggregate production, pits and quarries, stockpile management, haul roads and site works responsibilities or market activity, creating a fit for DSCI aerial mapping, site documentation, LiDAR-ready capture and inspection support.",Pits and quarries; Stockpile management; Haul roads and site works,NOT CONFIRMED | NOT CONFIRMED | Website/contact form | https://www.millergroup.ca,NOT CONFIRMED,NOT CONFIRMED,NOT CONFIRMED,"Offer stockpile volume surveys, quarry/pit mapping, haul-road documentation, rehabilitation progress imagery and site-change monitoring.",88,75,New,Wave 3 remaining-category expansion; verify contact details before outreach.,2026-07-20
on-wave3-aggregates-materials-nelson-aggregate-co,Nelson Aggregate Co.,Aggregates/Materials,Burlington,Ontario,Ontario,Aggregate production; Pits and quarries; Stockpile management; Haul roads and site works,Aggregate producers; Construction materials firms; Site operations teams,https://www.nelsonaggregate.com; https://www.ossga.com/membership/active-members/,"Aggregates/Materials lead with public-source relevance to aggregate production, pits and quarries, stockpile management work.","Public-source category fit indicates aggregate production, pits and quarries, stockpile management, haul roads and site works responsibilities or market activity, creating a fit for DSCI aerial mapping, site documentation, LiDAR-ready capture and inspection support.",Pits and quarries; Stockpile management; Haul roads and site works,NOT CONFIRMED | NOT CONFIRMED | Website/contact form | https://www.nelsonaggregate.com,NOT CONFIRMED,NOT CONFIRMED,NOT CONFIRMED,"Offer stockpile volume surveys, quarry/pit mapping, haul-road documentation, rehabilitation progress imagery and site-change monitoring.",88,75,New,Wave 3 remaining-category expansion; verify contact details before outreach.,2026-07-20
on-wave3-aggregates-materials-pakenham-sand-gravel,Pakenham Sand & Gravel,Aggregates/Materials,Pakenham,Ontario,Ontario,Aggregate production; Pits and quarries; Stockpile management; Haul roads and site works,Aggregate producers; Construction materials firms; Site operations teams,https://www.pakenhamsandandgravel.ca; https://www.ossga.com/membership/active-members/,"Aggregates/Materials lead with public-source relevance to aggregate production, pits and quarries, stockpile management work.","Public-source category fit indicates aggregate production, pits and quarries, stockpile management, haul roads and site works responsibilities or market activity, creating a fit for DSCI aerial mapping, site documentation, LiDAR-ready capture and inspection support.",Pits and quarries; Stockpile management; Haul roads and site works,NOT CONFIRMED | NOT CONFIRMED | Website/contact form | https://www.pakenhamsandandgravel.ca,NOT CONFIRMED,NOT CONFIRMED,NOT CONFIRMED,"Offer stockpile volume surveys, quarry/pit mapping, haul-road documentation, rehabilitation progress imagery and site-change monitoring.",88,75,New,Wave 3 remaining-category expansion; verify contact details before outreach.,2026-07-20
on-wave3-aggregates-materials-r-w-tomlinson-limited,R.W. Tomlinson Limited,Aggregates/Materials,Ottawa,Ontario,Ontario,Aggregate production; Pits and quarries; Stockpile management; Haul roads and site works,Aggregate producers; Construction materials firms; Site operations teams,https://tomlinsongroup.com; https://www.ossga.com/membership/active-members/,"Aggregates/Materials lead with public-source relevance to aggregate production, pits and quarries, stockpile management work.","Public-source category fit indicates aggregate production, pits and quarries, stockpile management, haul roads and site works responsibilities or market activity, creating a fit for DSCI aerial mapping, site documentation, LiDAR-ready capture and inspection support.",Pits and quarries; Stockpile management; Haul roads and site works,NOT CONFIRMED | NOT CONFIRMED | Website/contact form | https://tomlinsongroup.com,NOT CONFIRMED,NOT CONFIRMED,NOT CONFIRMED,"Offer stockpile volume surveys, quarry/pit mapping, haul-road documentation, rehabilitation progress imagery and site-change monitoring.",88,75,New,Wave 3 remaining-category expansion; verify contact details before outreach.,2026-07-20
on-wave3-aggregates-materials-sarjeant-co-ltd,Sarjeant Co. Ltd.,Aggregates/Materials,Barrie,Ontario,Ontario,Aggregate production; Pits and quarries; Stockpile management; Haul roads and site works,Aggregate producers; Construction materials firms; Site operations teams,https://sarjeants.com; https://www.ossga.com/membership/active-members/,"Aggregates/Materials lead with public-source relevance to aggregate production, pits and quarries, stockpile management work.","Public-source category fit indicates aggregate production, pits and quarries, stockpile management, haul roads and site works responsibilities or market activity, creating a fit for DSCI aerial mapping, site documentation, LiDAR-ready capture and inspection support.",Pits and quarries; Stockpile management; Haul roads and site works,NOT CONFIRMED | NOT CONFIRMED | Website/contact form | https://sarjeants.com,NOT CONFIRMED,NOT CONFIRMED,NOT CONFIRMED,"Offer stockpile volume surveys, quarry/pit mapping, haul-road documentation, rehabilitation progress imagery and site-change monitoring.",88,75,New,Wave 3 remaining-category expansion; verify contact details before outreach.,2026-07-20
on-wave3-aggregates-materials-seeley-and-arnill-construction,Seeley and Arnill Construction,Aggregates/Materials,Collingwood,Ontario,Ontario,Aggregate production; Pits and quarries; Stockpile management; Haul roads and site works,Aggregate producers; Construction materials firms; Site operations teams,https://seeleyandarnill.com; https://www.ossga.com/membership/active-members/,"Aggregates/Materials lead with public-source relevance to aggregate production, pits and quarries, stockpile management work.","Public-source category fit indicates aggregate production, pits and quarries, stockpile management, haul roads and site works responsibilities or market activity, creating a fit for DSCI aerial mapping, site documentation, LiDAR-ready capture and inspection support.",Pits and quarries; Stockpile management; Haul roads and site works,NOT CONFIRMED | NOT CONFIRMED | Website/contact form | https://seeleyandarnill.com,NOT CONFIRMED,NOT CONFIRMED,NOT CONFIRMED,"Offer stockpile volume surveys, quarry/pit mapping, haul-road documentation, rehabilitation progress imagery and site-change monitoring.",88,75,New,Wave 3 remaining-category expansion; verify contact details before outreach.,2026-07-20
on-wave3-aggregates-materials-strada-aggregates,Strada Aggregates,Aggregates/Materials,Woodbridge,Ontario,Ontario,Aggregate production; Pits and quarries; Stockpile management; Haul roads and site works,Aggregate producers; Construction materials firms; Site operations teams,https://www.stradaaggregates.com; https://www.ossga.com/membership/active-members/,"Aggregates/Materials lead with public-source relevance to aggregate production, pits and quarries, stockpile management work.","Public-source category fit indicates aggregate production, pits and quarries, stockpile management, haul roads and site works responsibilities or market activity, creating a fit for DSCI aerial mapping, site documentation, LiDAR-ready capture and inspection support.",Pits and quarries; Stockpile management; Haul roads and site works,NOT CONFIRMED | NOT CONFIRMED | Website/contact form | https://www.stradaaggregates.com,NOT CONFIRMED,NOT CONFIRMED,NOT CONFIRMED,"Offer stockpile volume surveys, quarry/pit mapping, haul-road documentation, rehabilitation progress imagery and site-change monitoring.",88,75,New,Wave 3 remaining-category expansion; verify contact details before outreach.,2026-07-20
on-wave3-aggregates-materials-walker-aggregates-inc,Walker Aggregates Inc.,Aggregates/Materials,Niagara Falls,Ontario,Ontario,Aggregate production; Pits and quarries; Stockpile management; Haul roads and site works,Aggregate producers; Construction materials firms; Site operations teams,https://www.walkerind.com; https://www.ossga.com/membership/active-members/,"Aggregates/Materials lead with public-source relevance to aggregate production, pits and quarries, stockpile management work.","Public-source category fit indicates aggregate production, pits and quarries, stockpile management, haul roads and site works responsibilities or market activity, creating a fit for DSCI aerial mapping, site documentation, LiDAR-ready capture and inspection support.",Pits and quarries; Stockpile management; Haul roads and site works,NOT CONFIRMED | NOT CONFIRMED | Website/contact form | https://www.walkerind.com,NOT CONFIRMED,NOT CONFIRMED,NOT CONFIRMED,"Offer stockpile volume surveys, quarry/pit mapping, haul-road documentation, rehabilitation progress imagery and site-change monitoring.",88,75,New,Wave 3 remaining-category expansion; verify contact details before outreach.,2026-07-20
on-wave3-aggregates-materials-wendell-farquhar-trucking,Wendell Farquhar Trucking,Aggregates/Materials,Huntsville,Ontario,Ontario,Aggregate production; Pits and quarries; Stockpile management; Haul roads and site works,Aggregate producers; Construction materials firms; Site operations teams,https://farquhartrucking.ca; https://www.ossga.com/membership/active-members/,"Aggregates/Materials lead with public-source relevance to aggregate production, pits and quarries, stockpile management work.","Public-source category fit indicates aggregate production, pits and quarries, stockpile management, haul roads and site works responsibilities or market activity, creating a fit for DSCI aerial mapping, site documentation, LiDAR-ready capture and inspection support.",Pits and quarries; Stockpile management; Haul roads and site works,NOT CONFIRMED | NOT CONFIRMED | Website/contact form | https://farquhartrucking.ca,NOT CONFIRMED,NOT CONFIRMED,NOT CONFIRMED,"Offer stockpile volume surveys, quarry/pit mapping, haul-road documentation, rehabilitation progress imagery and site-change monitoring.",88,75,New,Wave 3 remaining-category expansion; verify contact details before outreach.,2026-07-20
on-wave3-aggregates-materials-dufferin-concrete,Dufferin Concrete,Aggregates/Materials,Oakville,Ontario,Ontario,Aggregate production; Pits and quarries; Stockpile management; Haul roads and site works,Aggregate producers; Construction materials firms; Site operations teams,https://www.dufferinconcrete.ca; https://www.ossga.com/membership/active-members/,"Aggregates/Materials lead with public-source relevance to aggregate production, pits and quarries, stockpile management work.","Public-source category fit indicates aggregate production, pits and quarries, stockpile management, haul roads and site works responsibilities or market activity, creating a fit for DSCI aerial mapping, site documentation, LiDAR-ready capture and inspection support.",Pits and quarries; Stockpile management; Haul roads and site works,NOT CONFIRMED | NOT CONFIRMED | Website/contact form | https://www.dufferinconcrete.ca,NOT CONFIRMED,NOT CONFIRMED,NOT CONFIRMED,"Offer stockpile volume surveys, quarry/pit mapping, haul-road documentation, rehabilitation progress imagery and site-change monitoring.",88,75,New,Wave 3 remaining-category expansion; verify contact details before outreach.,2026-07-20
on-wave3-aggregates-materials-thomas-cavanagh-construction-limited,Thomas Cavanagh Construction Limited,Aggregates/Materials,Ashton,Ontario,Ontario,Aggregate production; Pits and quarries; Stockpile management; Haul roads and site works,Aggregate producers; Construction materials firms; Site operations teams,https://www.thomascavanagh.ca; https://www.ossga.com/membership/active-members/,"Aggregates/Materials lead with public-source relevance to aggregate production, pits and quarries, stockpile management work.","Public-source category fit indicates aggregate production, pits and quarries, stockpile management, haul roads and site works responsibilities or market activity, creating a fit for DSCI aerial mapping, site documentation, LiDAR-ready capture and inspection support.",Pits and quarries; Stockpile management; Haul roads and site works,NOT CONFIRMED | NOT CONFIRMED | Website/contact form | https://www.thomascavanagh.ca,NOT CONFIRMED,NOT CONFIRMED,NOT CONFIRMED,"Offer stockpile volume surveys, quarry/pit mapping, haul-road documentation, rehabilitation progress imagery and site-change monitoring.",88,75,New,Wave 3 remaining-category expansion; verify contact details before outreach.,2026-07-20
on-wave3-aggregates-materials-greenwood-aggregates-limited,Greenwood Aggregates Limited,Aggregates/Materials,Orangeville,Ontario,Ontario,Aggregate production; Pits and quarries; Stockpile management; Haul roads and site works,Aggregate producers; Construction materials firms; Site operations teams,https://greenwoodaggregates.com; https://www.ossga.com/membership/active-members/,"Aggregates/Materials lead with public-source relevance to aggregate production, pits and quarries, stockpile management work.","Public-source category fit indicates aggregate production, pits and quarries, stockpile management, haul roads and site works responsibilities or market activity, creating a fit for DSCI aerial mapping, site documentation, LiDAR-ready capture and inspection support.",Pits and quarries; Stockpile management; Haul roads and site works,NOT CONFIRMED | NOT CONFIRMED | Website/contact form | https://greenwoodaggregates.com,NOT CONFIRMED,NOT CONFIRMED,NOT CONFIRMED,"Offer stockpile volume surveys, quarry/pit mapping, haul-road documentation, rehabilitation progress imagery and site-change monitoring.",88,75,New,Wave 3 remaining-category expansion; verify contact details before outreach.,2026-07-20
on-wave3-aggregates-materials-l-walter-sons-excavating-ltd,L. Walter & Sons Excavating Ltd.,Aggregates/Materials,Waterloo,Ontario,Ontario,Aggregate production; Pits and quarries; Stockpile management; Haul roads and site works,Aggregate producers; Construction materials firms; Site operations teams,https://www.lwalterandsons.ca; https://www.ossga.com/membership/active-members/,"Aggregates/Materials lead with public-source relevance to aggregate production, pits and quarries, stockpile management work.","Public-source category fit indicates aggregate production, pits and quarries, stockpile management, haul roads and site works responsibilities or market activity, creating a fit for DSCI aerial mapping, site documentation, LiDAR-ready capture and inspection support.",Pits and quarries; Stockpile management; Haul roads and site works,NOT CONFIRMED | NOT CONFIRMED | Website/contact form | https://www.lwalterandsons.ca,NOT CONFIRMED,NOT CONFIRMED,NOT CONFIRMED,"Offer stockpile volume surveys, quarry/pit mapping, haul-road documentation, rehabilitation progress imagery and site-change monitoring.",88,75,New,Wave 3 remaining-category expansion; verify contact details before outreach.,2026-07-20
on-wave3-aggregates-materials-priestly-demolition-inc,Priestly Demolition Inc.,Aggregates/Materials,King,Ontario,Ontario,Aggregate production; Pits and quarries; Stockpile management; Haul roads and site works,Aggregate producers; Construction materials firms; Site operations teams,https://www.priestly.ca; https://www.ossga.com/membership/active-members/,"Aggregates/Materials lead with public-source relevance to aggregate production, pits and quarries, stockpile management work.","Public-source category fit indicates aggregate production, pits and quarries, stockpile management, haul roads and site works responsibilities or market activity, creating a fit for DSCI aerial mapping, site documentation, LiDAR-ready capture and inspection support.",Pits and quarries; Stockpile management; Haul roads and site works,NOT CONFIRMED | NOT CONFIRMED | Website/contact form | https://www.priestly.ca,NOT CONFIRMED,NOT CONFIRMED,NOT CONFIRMED,"Offer stockpile volume surveys, quarry/pit mapping, haul-road documentation, rehabilitation progress imagery and site-change monitoring.",88,75,New,Wave 3 remaining-category expansion; verify contact details before outreach.,2026-07-20
on-wave3-aggregates-materials-toffanello-sons-aggregates-ltd,Toffanello & Sons Aggregates Ltd.,Aggregates/Materials,Sudbury,Ontario,Ontario,Aggregate production; Pits and quarries; Stockpile management; Haul roads and site works,Aggregate producers; Construction materials firms; Site operations teams,https://toffanello.com; https://www.ossga.com/membership/active-members/,"Aggregates/Materials lead with public-source relevance to aggregate production, pits and quarries, stockpile management work.","Public-source category fit indicates aggregate production, pits and quarries, stockpile management, haul roads and site works responsibilities or market activity, creating a fit for DSCI aerial mapping, site documentation, LiDAR-ready capture and inspection support.",Pits and quarries; Stockpile management; Haul roads and site works,NOT CONFIRMED | NOT CONFIRMED | Website/contact form | https://toffanello.com,NOT CONFIRMED,NOT CONFIRMED,NOT CONFIRMED,"Offer stockpile volume surveys, quarry/pit mapping, haul-road documentation, rehabilitation progress imagery and site-change monitoring.",88,75,New,Wave 3 remaining-category expansion; verify contact details before outreach.,2026-07-20
on-wave3-aggregates-materials-villeneuve-construction-co-ltd,Villeneuve Construction Co. Ltd.,Aggregates/Materials,Hearst,Ontario,Ontario,Aggregate production; Pits and quarries; Stockpile management; Haul roads and site works,Aggregate producers; Construction materials firms; Site operations teams,https://villeneuve.on.ca; https://www.ossga.com/membership/active-members/,"Aggregates/Materials lead with public-source relevance to aggregate production, pits and quarries, stockpile management work.","Public-source category fit indicates aggregate production, pits and quarries, stockpile management, haul roads and site works responsibilities or market activity, creating a fit for DSCI aerial mapping, site documentation, LiDAR-ready capture and inspection support.",Pits and quarries; Stockpile management; Haul roads and site works,NOT CONFIRMED | NOT CONFIRMED | Website/contact form | https://villeneuve.on.ca,NOT CONFIRMED,NOT CONFIRMED,NOT CONFIRMED,"Offer stockpile volume surveys, quarry/pit mapping, haul-road documentation, rehabilitation progress imagery and site-change monitoring.",88,75,New,Wave 3 remaining-category expansion; verify contact details before outreach.,2026-07-20
on-wave3-aggregates-materials-w-d-laflamme-limited,W.D. Laflamme Limited,Aggregates/Materials,Sudbury,Ontario,Ontario,Aggregate production; Pits and quarries; Stockpile management; Haul roads and site works,Aggregate producers; Construction materials firms; Site operations teams,https://www.wdlaflamme.ca; https://www.ossga.com/membership/active-members/,"Aggregates/Materials lead with public-source relevance to aggregate production, pits and quarries, stockpile management work.","Public-source category fit indicates aggregate production, pits and quarries, stockpile management, haul roads and site works responsibilities or market activity, creating a fit for DSCI aerial mapping, site documentation, LiDAR-ready capture and inspection support.",Pits and quarries; Stockpile management; Haul roads and site works,NOT CONFIRMED | NOT CONFIRMED | Website/contact form | https://www.wdlaflamme.ca,NOT CONFIRMED,NOT CONFIRMED,NOT CONFIRMED,"Offer stockpile volume surveys, quarry/pit mapping, haul-road documentation, rehabilitation progress imagery and site-change monitoring.",88,75,New,Wave 3 remaining-category expansion; verify contact details before outreach.,2026-07-20
on-wave3-developer-property-minto-communities,Minto Communities,Developer/Property,Ottawa,Ontario,Ontario,Land development; Construction projects; Property assets; Building envelope and site documentation,Developers; Property owners; Asset managers,https://www.minto.com; https://www.bildgta.ca/about/find-a-member/,"Developer/Property lead with public-source relevance to land development, construction projects, property assets work.","Public-source category fit indicates land development, construction projects, property assets, building envelope and site documentation responsibilities or market activity, creating a fit for DSCI aerial mapping, site documentation, LiDAR-ready capture and inspection support.",Land development; Construction projects; Property assets; Building envelope and site documentation,NOT CONFIRMED | NOT CONFIRMED | Website/contact form | https://www.minto.com,NOT CONFIRMED,NOT CONFIRMED,NOT CONFIRMED,"Offer construction progress capture, marketing-safe aerial documentation, roof/envelope inspection imagery and site condition records.",82,75,New,Wave 3 remaining-category expansion; verify contact details before outreach.,2026-07-20
on-wave3-developer-property-mattamy-homes,Mattamy Homes,Developer/Property,Toronto,Ontario,Ontario,Land development; Construction projects; Property assets; Building envelope and site documentation,Developers; Property owners; Asset managers,https://mattamyhomes.com; https://www.bildgta.ca/about/find-a-member/,"Developer/Property lead with public-source relevance to land development, construction projects, property assets work.","Public-source category fit indicates land development, construction projects, property assets, building envelope and site documentation responsibilities or market activity, creating a fit for DSCI aerial mapping, site documentation, LiDAR-ready capture and inspection support.",Land development; Construction projects; Property assets; Building envelope and site documentation,NOT CONFIRMED | NOT CONFIRMED | Website/contact form | https://mattamyhomes.com,NOT CONFIRMED,NOT CONFIRMED,NOT CONFIRMED,"Offer construction progress capture, marketing-safe aerial documentation, roof/envelope inspection imagery and site condition records.",82,75,New,Wave 3 remaining-category expansion; verify contact details before outreach.,2026-07-20
on-wave3-developer-property-tridel,Tridel,Developer/Property,Toronto,Ontario,Ontario,Land development; Construction projects; Property assets; Building envelope and site documentation,Developers; Property owners; Asset managers,https://www.tridel.com; https://www.bildgta.ca/about/find-a-member/,"Developer/Property lead with public-source relevance to land development, construction projects, property assets work.","Public-source category fit indicates land development, construction projects, property assets, building envelope and site documentation responsibilities or market activity, creating a fit for DSCI aerial mapping, site documentation, LiDAR-ready capture and inspection support.",Land development; Construction projects; Property assets; Building envelope and site documentation,NOT CONFIRMED | NOT CONFIRMED | Website/contact form | https://www.tridel.com,NOT CONFIRMED,NOT CONFIRMED,NOT CONFIRMED,"Offer construction progress capture, marketing-safe aerial documentation, roof/envelope inspection imagery and site condition records.",82,75,New,Wave 3 remaining-category expansion; verify contact details before outreach.,2026-07-20
on-wave3-developer-property-the-daniels-corporation,The Daniels Corporation,Developer/Property,Toronto,Ontario,Ontario,Land development; Construction projects; Property assets; Building envelope and site documentation,Developers; Property owners; Asset managers,https://danielshomes.ca; https://www.bildgta.ca/about/find-a-member/,"Developer/Property lead with public-source relevance to land development, construction projects, property assets work.","Public-source category fit indicates land development, construction projects, property assets, building envelope and site documentation responsibilities or market activity, creating a fit for DSCI aerial mapping, site documentation, LiDAR-ready capture and inspection support.",Land development; Construction projects; Property assets; Building envelope and site documentation,NOT CONFIRMED | NOT CONFIRMED | Website/contact form | https://danielshomes.ca,NOT CONFIRMED,NOT CONFIRMED,NOT CONFIRMED,"Offer construction progress capture, marketing-safe aerial documentation, roof/envelope inspection imagery and site condition records.",82,75,New,Wave 3 remaining-category expansion; verify contact details before outreach.,2026-07-20
on-wave3-developer-property-menkes-developments,Menkes Developments,Developer/Property,Toronto,Ontario,Ontario,Land development; Construction projects; Property assets; Building envelope and site documentation,Developers; Property owners; Asset managers,https://www.menkes.com; https://www.bildgta.ca/about/find-a-member/,"Developer/Property lead with public-source relevance to land development, construction projects, property assets work.","Public-source category fit indicates land development, construction projects, property assets, building envelope and site documentation responsibilities or market activity, creating a fit for DSCI aerial mapping, site documentation, LiDAR-ready capture and inspection support.",Land development; Construction projects; Property assets; Building envelope and site documentation,NOT CONFIRMED | NOT CONFIRMED | Website/contact form | https://www.menkes.com,NOT CONFIRMED,NOT CONFIRMED,NOT CONFIRMED,"Offer construction progress capture, marketing-safe aerial documentation, roof/envelope inspection imagery and site condition records.",82,75,New,Wave 3 remaining-category expansion; verify contact details before outreach.,2026-07-20
on-wave3-developer-property-great-gulf,Great Gulf,Developer/Property,Toronto,Ontario,Ontario,Land development; Construction projects; Property assets; Building envelope and site documentation,Developers; Property owners; Asset managers,https://greatgulf.com; https://www.bildgta.ca/about/find-a-member/,"Developer/Property lead with public-source relevance to land development, construction projects, property assets work.","Public-source category fit indicates land development, construction projects, property assets, building envelope and site documentation responsibilities or market activity, creating a fit for DSCI aerial mapping, site documentation, LiDAR-ready capture and inspection support.",Land development; Construction projects; Property assets; Building envelope and site documentation,NOT CONFIRMED | NOT CONFIRMED | Website/contact form | https://greatgulf.com,NOT CONFIRMED,NOT CONFIRMED,NOT CONFIRMED,"Offer construction progress capture, marketing-safe aerial documentation, roof/envelope inspection imagery and site condition records.",82,75,New,Wave 3 remaining-category expansion; verify contact details before outreach.,2026-07-20
on-wave3-developer-property-broccolini,Broccolini,Developer/Property,Toronto,Ontario,Ontario,Land development; Construction projects; Property assets; Building envelope and site documentation,Developers; Property owners; Asset managers,https://broccolini.com; https://www.bildgta.ca/about/find-a-member/,"Developer/Property lead with public-source relevance to land development, construction projects, property assets work.","Public-source category fit indicates land development, construction projects, property assets, building envelope and site documentation responsibilities or market activity, creating a fit for DSCI aerial mapping, site documentation, LiDAR-ready capture and inspection support.",Land development; Construction projects; Property assets; Building envelope and site documentation,NOT CONFIRMED | NOT CONFIRMED | Website/contact form | https://broccolini.com,NOT CONFIRMED,NOT CONFIRMED,NOT CONFIRMED,"Offer construction progress capture, marketing-safe aerial documentation, roof/envelope inspection imagery and site condition records.",82,75,New,Wave 3 remaining-category expansion; verify contact details before outreach.,2026-07-20
on-wave3-developer-property-dream-unlimited,Dream Unlimited,Developer/Property,Toronto,Ontario,Ontario,Land development; Construction projects; Property assets; Building envelope and site documentation,Developers; Property owners; Asset managers,https://dream.ca; https://www.bildgta.ca/about/find-a-member/,"Developer/Property lead with public-source relevance to land development, construction projects, property assets work.","Public-source category fit indicates land development, construction projects, property assets, building envelope and site documentation responsibilities or market activity, creating a fit for DSCI aerial mapping, site documentation, LiDAR-ready capture and inspection support.",Land development; Construction projects; Property assets; Building envelope and site documentation,NOT CONFIRMED | NOT CONFIRMED | Website/contact form | https://dream.ca,NOT CONFIRMED,NOT CONFIRMED,NOT CONFIRMED,"Offer construction progress capture, marketing-safe aerial documentation, roof/envelope inspection imagery and site condition records.",82,75,New,Wave 3 remaining-category expansion; verify contact details before outreach.,2026-07-20
on-wave3-developer-property-riocan-reit,RioCan REIT,Developer/Property,Toronto,Ontario,Ontario,Land development; Construction projects; Property assets; Building envelope and site documentation,Developers; Property owners; Asset managers,https://www.riocan.com; https://www.bildgta.ca/about/find-a-member/,"Developer/Property lead with public-source relevance to land development, construction projects, property assets work.","Public-source category fit indicates land development, construction projects, property assets, building envelope and site documentation responsibilities or market activity, creating a fit for DSCI aerial mapping, site documentation, LiDAR-ready capture and inspection support.",Land development; Construction projects; Property assets; Building envelope and site documentation,NOT CONFIRMED | NOT CONFIRMED | Website/contact form | https://www.riocan.com,NOT CONFIRMED,NOT CONFIRMED,NOT CONFIRMED,"Offer construction progress capture, marketing-safe aerial documentation, roof/envelope inspection imagery and site condition records.",82,75,New,Wave 3 remaining-category expansion; verify contact details before outreach.,2026-07-20
on-wave3-developer-property-choice-properties-reit,Choice Properties REIT,Developer/Property,Toronto,Ontario,Ontario,Land development; Construction projects; Property assets; Building envelope and site documentation,Developers; Property owners; Asset managers,https://www.choicereit.ca; https://www.bildgta.ca/about/find-a-member/,"Developer/Property lead with public-source relevance to land development, construction projects, property assets work.","Public-source category fit indicates land development, construction projects, property assets, building envelope and site documentation responsibilities or market activity, creating a fit for DSCI aerial mapping, site documentation, LiDAR-ready capture and inspection support.",Land development; Construction projects; Property assets; Building envelope and site documentation,NOT CONFIRMED | NOT CONFIRMED | Website/contact form | https://www.choicereit.ca,NOT CONFIRMED,NOT CONFIRMED,NOT CONFIRMED,"Offer construction progress capture, marketing-safe aerial documentation, roof/envelope inspection imagery and site condition records.",82,75,New,Wave 3 remaining-category expansion; verify contact details before outreach.,2026-07-20
on-wave3-developer-property-smartcentres-reit,SmartCentres REIT,Developer/Property,Vaughan,Ontario,Ontario,Land development; Construction projects; Property assets; Building envelope and site documentation,Developers; Property owners; Asset managers,https://www.smartcentres.com; https://www.bildgta.ca/about/find-a-member/,"Developer/Property lead with public-source relevance to land development, construction projects, property assets work.","Public-source category fit indicates land development, construction projects, property assets, building envelope and site documentation responsibilities or market activity, creating a fit for DSCI aerial mapping, site documentation, LiDAR-ready capture and inspection support.",Land development; Construction projects; Property assets; Building envelope and site documentation,NOT CONFIRMED | NOT CONFIRMED | Website/contact form | https://www.smartcentres.com,NOT CONFIRMED,NOT CONFIRMED,NOT CONFIRMED,"Offer construction progress capture, marketing-safe aerial documentation, roof/envelope inspection imagery and site condition records.",82,75,New,Wave 3 remaining-category expansion; verify contact details before outreach.,2026-07-20
on-wave3-developer-property-first-capital-reit,First Capital REIT,Developer/Property,Toronto,Ontario,Ontario,Land development; Construction projects; Property assets; Building envelope and site documentation,Developers; Property owners; Asset managers,https://fcr.ca; https://www.bildgta.ca/about/find-a-member/,"Developer/Property lead with public-source relevance to land development, construction projects, property assets work.","Public-source category fit indicates land development, construction projects, property assets, building envelope and site documentation responsibilities or market activity, creating a fit for DSCI aerial mapping, site documentation, LiDAR-ready capture and inspection support.",Land development; Construction projects; Property assets; Building envelope and site documentation,NOT CONFIRMED | NOT CONFIRMED | Website/contact form | https://fcr.ca,NOT CONFIRMED,NOT CONFIRMED,NOT CONFIRMED,"Offer construction progress capture, marketing-safe aerial documentation, roof/envelope inspection imagery and site condition records.",82,75,New,Wave 3 remaining-category expansion; verify contact details before outreach.,2026-07-20
on-wave3-developer-property-allied-properties-reit,Allied Properties REIT,Developer/Property,Toronto,Ontario,Ontario,Land development; Construction projects; Property assets; Building envelope and site documentation,Developers; Property owners; Asset managers,https://www.alliedreit.com; https://www.bildgta.ca/about/find-a-member/,"Developer/Property lead with public-source relevance to land development, construction projects, property assets work.","Public-source category fit indicates land development, construction projects, property assets, building envelope and site documentation responsibilities or market activity, creating a fit for DSCI aerial mapping, site documentation, LiDAR-ready capture and inspection support.",Land development; Construction projects; Property assets; Building envelope and site documentation,NOT CONFIRMED | NOT CONFIRMED | Website/contact form | https://www.alliedreit.com,NOT CONFIRMED,NOT CONFIRMED,NOT CONFIRMED,"Offer construction progress capture, marketing-safe aerial documentation, roof/envelope inspection imagery and site condition records.",82,75,New,Wave 3 remaining-category expansion; verify contact details before outreach.,2026-07-20
on-wave3-developer-property-cadillac-fairview,Cadillac Fairview,Developer/Property,Toronto,Ontario,Ontario,Land development; Construction projects; Property assets; Building envelope and site documentation,Developers; Property owners; Asset managers,https://www.cadillacfairview.com; https://www.bildgta.ca/about/find-a-member/,"Developer/Property lead with public-source relevance to land development, construction projects, property assets work.","Public-source category fit indicates land development, construction projects, property assets, building envelope and site documentation responsibilities or market activity, creating a fit for DSCI aerial mapping, site documentation, LiDAR-ready capture and inspection support.",Land development; Construction projects; Property assets; Building envelope and site documentation,NOT CONFIRMED | NOT CONFIRMED | Website/contact form | https://www.cadillacfairview.com,NOT CONFIRMED,NOT CONFIRMED,NOT CONFIRMED,"Offer construction progress capture, marketing-safe aerial documentation, roof/envelope inspection imagery and site condition records.",82,75,New,Wave 3 remaining-category expansion; verify contact details before outreach.,2026-07-20
on-wave3-developer-property-oxford-properties,Oxford Properties,Developer/Property,Toronto,Ontario,Ontario,Land development; Construction projects; Property assets; Building envelope and site documentation,Developers; Property owners; Asset managers,https://www.oxfordproperties.com; https://www.bildgta.ca/about/find-a-member/,"Developer/Property lead with public-source relevance to land development, construction projects, property assets work.","Public-source category fit indicates land development, construction projects, property assets, building envelope and site documentation responsibilities or market activity, creating a fit for DSCI aerial mapping, site documentation, LiDAR-ready capture and inspection support.",Land development; Construction projects; Property assets; Building envelope and site documentation,NOT CONFIRMED | NOT CONFIRMED | Website/contact form | https://www.oxfordproperties.com,NOT CONFIRMED,NOT CONFIRMED,NOT CONFIRMED,"Offer construction progress capture, marketing-safe aerial documentation, roof/envelope inspection imagery and site condition records.",82,75,New,Wave 3 remaining-category expansion; verify contact details before outreach.,2026-07-20
on-wave3-developer-property-bgo,BGO,Developer/Property,Toronto,Ontario,Ontario,Land development; Construction projects; Property assets; Building envelope and site documentation,Developers; Property owners; Asset managers,https://www.bgo.com; https://www.bildgta.ca/about/find-a-member/,"Developer/Property lead with public-source relevance to land development, construction projects, property assets work.","Public-source category fit indicates land development, construction projects, property assets, building envelope and site documentation responsibilities or market activity, creating a fit for DSCI aerial mapping, site documentation, LiDAR-ready capture and inspection support.",Land development; Construction projects; Property assets; Building envelope and site documentation,NOT CONFIRMED | NOT CONFIRMED | Website/contact form | https://www.bgo.com,NOT CONFIRMED,NOT CONFIRMED,NOT CONFIRMED,"Offer construction progress capture, marketing-safe aerial documentation, roof/envelope inspection imagery and site condition records.",82,75,New,Wave 3 remaining-category expansion; verify contact details before outreach.,2026-07-20
on-wave3-developer-property-quadreal-property-group,QuadReal Property Group,Developer/Property,Toronto,Ontario,Ontario,Land development; Construction projects; Property assets; Building envelope and site documentation,Developers; Property owners; Asset managers,https://www.quadreal.com; https://www.bildgta.ca/about/find-a-member/,"Developer/Property lead with public-source relevance to land development, construction projects, property assets work.","Public-source category fit indicates land development, construction projects, property assets, building envelope and site documentation responsibilities or market activity, creating a fit for DSCI aerial mapping, site documentation, LiDAR-ready capture and inspection support.",Land development; Construction projects; Property assets; Building envelope and site documentation,NOT CONFIRMED | NOT CONFIRMED | Website/contact form | https://www.quadreal.com,NOT CONFIRMED,NOT CONFIRMED,NOT CONFIRMED,"Offer construction progress capture, marketing-safe aerial documentation, roof/envelope inspection imagery and site condition records.",82,75,New,Wave 3 remaining-category expansion; verify contact details before outreach.,2026-07-20
on-wave3-developer-property-gwl-realty-advisors,GWL Realty Advisors,Developer/Property,Toronto,Ontario,Ontario,Land development; Construction projects; Property assets; Building envelope and site documentation,Developers; Property owners; Asset managers,https://www.gwlrealtyadvisors.com; https://www.bildgta.ca/about/find-a-member/,"Developer/Property lead with public-source relevance to land development, construction projects, property assets work.","Public-source category fit indicates land development, construction projects, property assets, building envelope and site documentation responsibilities or market activity, creating a fit for DSCI aerial mapping, site documentation, LiDAR-ready capture and inspection support.",Land development; Construction projects; Property assets; Building envelope and site documentation,NOT CONFIRMED | NOT CONFIRMED | Website/contact form | https://www.gwlrealtyadvisors.com,NOT CONFIRMED,NOT CONFIRMED,NOT CONFIRMED,"Offer construction progress capture, marketing-safe aerial documentation, roof/envelope inspection imagery and site condition records.",82,75,New,Wave 3 remaining-category expansion; verify contact details before outreach.,2026-07-20
on-wave3-developer-property-kingsett-capital,KingSett Capital,Developer/Property,Toronto,Ontario,Ontario,Land development; Construction projects; Property assets; Building envelope and site documentation,Developers; Property owners; Asset managers,https://www.kingsettcapital.com; https://www.bildgta.ca/about/find-a-member/,"Developer/Property lead with public-source relevance to land development, construction projects, property assets work.","Public-source category fit indicates land development, construction projects, property assets, building envelope and site documentation responsibilities or market activity, creating a fit for DSCI aerial mapping, site documentation, LiDAR-ready capture and inspection support.",Land development; Construction projects; Property assets; Building envelope and site documentation,NOT CONFIRMED | NOT CONFIRMED | Website/contact form | https://www.kingsettcapital.com,NOT CONFIRMED,NOT CONFIRMED,NOT CONFIRMED,"Offer construction progress capture, marketing-safe aerial documentation, roof/envelope inspection imagery and site condition records.",82,75,New,Wave 3 remaining-category expansion; verify contact details before outreach.,2026-07-20
on-wave3-developer-property-canderel,Canderel,Developer/Property,Toronto,Ontario,Ontario,Land development; Construction projects; Property assets; Building envelope and site documentation,Developers; Property owners; Asset managers,https://www.canderel.com; https://www.bildgta.ca/about/find-a-member/,"Developer/Property lead with public-source relevance to land development, construction projects, property assets work.","Public-source category fit indicates land development, construction projects, property assets, building envelope and site documentation responsibilities or market activity, creating a fit for DSCI aerial mapping, site documentation, LiDAR-ready capture and inspection support.",Land development; Construction projects; Property assets; Building envelope and site documentation,NOT CONFIRMED | NOT CONFIRMED | Website/contact form | https://www.canderel.com,NOT CONFIRMED,NOT CONFIRMED,NOT CONFIRMED,"Offer construction progress capture, marketing-safe aerial documentation, roof/envelope inspection imagery and site condition records.",82,75,New,Wave 3 remaining-category expansion; verify contact details before outreach.,2026-07-20
on-wave3-developer-property-morguard,Morguard,Developer/Property,Mississauga,Ontario,Ontario,Land development; Construction projects; Property assets; Building envelope and site documentation,Developers; Property owners; Asset managers,https://www.morguard.com; https://www.bildgta.ca/about/find-a-member/,"Developer/Property lead with public-source relevance to land development, construction projects, property assets work.","Public-source category fit indicates land development, construction projects, property assets, building envelope and site documentation responsibilities or market activity, creating a fit for DSCI aerial mapping, site documentation, LiDAR-ready capture and inspection support.",Land development; Construction projects; Property assets; Building envelope and site documentation,NOT CONFIRMED | NOT CONFIRMED | Website/contact form | https://www.morguard.com,NOT CONFIRMED,NOT CONFIRMED,NOT CONFIRMED,"Offer construction progress capture, marketing-safe aerial documentation, roof/envelope inspection imagery and site condition records.",82,75,New,Wave 3 remaining-category expansion; verify contact details before outreach.,2026-07-20
on-wave3-developer-property-hazelview-properties,Hazelview Properties,Developer/Property,Toronto,Ontario,Ontario,Land development; Construction projects; Property assets; Building envelope and site documentation,Developers; Property owners; Asset managers,https://www.hazelviewproperties.com; https://www.bildgta.ca/about/find-a-member/,"Developer/Property lead with public-source relevance to land development, construction projects, property assets work.","Public-source category fit indicates land development, construction projects, property assets, building envelope and site documentation responsibilities or market activity, creating a fit for DSCI aerial mapping, site documentation, LiDAR-ready capture and inspection support.",Land development; Construction projects; Property assets; Building envelope and site documentation,NOT CONFIRMED | NOT CONFIRMED | Website/contact form | https://www.hazelviewproperties.com,NOT CONFIRMED,NOT CONFIRMED,NOT CONFIRMED,"Offer construction progress capture, marketing-safe aerial documentation, roof/envelope inspection imagery and site condition records.",82,75,New,Wave 3 remaining-category expansion; verify contact details before outreach.,2026-07-20
on-wave3-developer-property-capreit,CAPREIT,Developer/Property,Toronto,Ontario,Ontario,Land development; Construction projects; Property assets; Building envelope and site documentation,Developers; Property owners; Asset managers,https://www.capreit.ca; https://www.bildgta.ca/about/find-a-member/,"Developer/Property lead with public-source relevance to land development, construction projects, property assets work.","Public-source category fit indicates land development, construction projects, property assets, building envelope and site documentation responsibilities or market activity, creating a fit for DSCI aerial mapping, site documentation, LiDAR-ready capture and inspection support.",Land development; Construction projects; Property assets; Building envelope and site documentation,NOT CONFIRMED | NOT CONFIRMED | Website/contact form | https://www.capreit.ca,NOT CONFIRMED,NOT CONFIRMED,NOT CONFIRMED,"Offer construction progress capture, marketing-safe aerial documentation, roof/envelope inspection imagery and site condition records.",82,75,New,Wave 3 remaining-category expansion; verify contact details before outreach.,2026-07-20
on-wave3-developer-property-starlight-investments,Starlight Investments,Developer/Property,Toronto,Ontario,Ontario,Land development; Construction projects; Property assets; Building envelope and site documentation,Developers; Property owners; Asset managers,https://www.starlightinvest.com; https://www.bildgta.ca/about/find-a-member/,"Developer/Property lead with public-source relevance to land development, construction projects, property assets work.","Public-source category fit indicates land development, construction projects, property assets, building envelope and site documentation responsibilities or market activity, creating a fit for DSCI aerial mapping, site documentation, LiDAR-ready capture and inspection support.",Land development; Construction projects; Property assets; Building envelope and site documentation,NOT CONFIRMED | NOT CONFIRMED | Website/contact form | https://www.starlightinvest.com,NOT CONFIRMED,NOT CONFIRMED,NOT CONFIRMED,"Offer construction progress capture, marketing-safe aerial documentation, roof/envelope inspection imagery and site condition records.",82,75,New,Wave 3 remaining-category expansion; verify contact details before outreach.,2026-07-20
on-wave3-developer-property-greenwin,Greenwin,Developer/Property,Toronto,Ontario,Ontario,Land development; Construction projects; Property assets; Building envelope and site documentation,Developers; Property owners; Asset managers,https://www.greenwin.ca; https://www.bildgta.ca/about/find-a-member/,"Developer/Property lead with public-source relevance to land development, construction projects, property assets work.","Public-source category fit indicates land development, construction projects, property assets, building envelope and site documentation responsibilities or market activity, creating a fit for DSCI aerial mapping, site documentation, LiDAR-ready capture and inspection support.",Land development; Construction projects; Property assets; Building envelope and site documentation,NOT CONFIRMED | NOT CONFIRMED | Website/contact form | https://www.greenwin.ca,NOT CONFIRMED,NOT CONFIRMED,NOT CONFIRMED,"Offer construction progress capture, marketing-safe aerial documentation, roof/envelope inspection imagery and site condition records.",82,75,New,Wave 3 remaining-category expansion; verify contact details before outreach.,2026-07-20
on-wave3-developer-property-pemberton-group,Pemberton Group,Developer/Property,Toronto,Ontario,Ontario,Land development; Construction projects; Property assets; Building envelope and site documentation,Developers; Property owners; Asset managers,https://www.pembertongroup.com; https://www.bildgta.ca/about/find-a-member/,"Developer/Property lead with public-source relevance to land development, construction projects, property assets work.","Public-source category fit indicates land development, construction projects, property assets, building envelope and site documentation responsibilities or market activity, creating a fit for DSCI aerial mapping, site documentation, LiDAR-ready capture and inspection support.",Land development; Construction projects; Property assets; Building envelope and site documentation,NOT CONFIRMED | NOT CONFIRMED | Website/contact form | https://www.pembertongroup.com,NOT CONFIRMED,NOT CONFIRMED,NOT CONFIRMED,"Offer construction progress capture, marketing-safe aerial documentation, roof/envelope inspection imagery and site condition records.",82,75,New,Wave 3 remaining-category expansion; verify contact details before outreach.,2026-07-20
on-wave3-developer-property-times-group-corporation,Times Group Corporation,Developer/Property,Markham,Ontario,Ontario,Land development; Construction projects; Property assets; Building envelope and site documentation,Developers; Property owners; Asset managers,https://timesgroupcorp.com; https://www.bildgta.ca/about/find-a-member/,"Developer/Property lead with public-source relevance to land development, construction projects, property assets work.","Public-source category fit indicates land development, construction projects, property assets, building envelope and site documentation responsibilities or market activity, creating a fit for DSCI aerial mapping, site documentation, LiDAR-ready capture and inspection support.",Land development; Construction projects; Property assets; Building envelope and site documentation,NOT CONFIRMED | NOT CONFIRMED | Website/contact form | https://timesgroupcorp.com,NOT CONFIRMED,NOT CONFIRMED,NOT CONFIRMED,"Offer construction progress capture, marketing-safe aerial documentation, roof/envelope inspection imagery and site condition records.",82,75,New,Wave 3 remaining-category expansion; verify contact details before outreach.,2026-07-20
on-wave3-developer-property-the-remington-group,The Remington Group,Developer/Property,Vaughan,Ontario,Ontario,Land development; Construction projects; Property assets; Building envelope and site documentation,Developers; Property owners; Asset managers,https://www.remingtongroupinc.com; https://www.bildgta.ca/about/find-a-member/,"Developer/Property lead with public-source relevance to land development, construction projects, property assets work.","Public-source category fit indicates land development, construction projects, property assets, building envelope and site documentation responsibilities or market activity, creating a fit for DSCI aerial mapping, site documentation, LiDAR-ready capture and inspection support.",Land development; Construction projects; Property assets; Building envelope and site documentation,NOT CONFIRMED | NOT CONFIRMED | Website/contact form | https://www.remingtongroupinc.com,NOT CONFIRMED,NOT CONFIRMED,NOT CONFIRMED,"Offer construction progress capture, marketing-safe aerial documentation, roof/envelope inspection imagery and site condition records.",82,75,New,Wave 3 remaining-category expansion; verify contact details before outreach.,2026-07-20
on-wave3-developer-property-tribute-communities,Tribute Communities,Developer/Property,Pickering,Ontario,Ontario,Land development; Construction projects; Property assets; Building envelope and site documentation,Developers; Property owners; Asset managers,https://www.tributecommunities.com; https://www.bildgta.ca/about/find-a-member/,"Developer/Property lead with public-source relevance to land development, construction projects, property assets work.","Public-source category fit indicates land development, construction projects, property assets, building envelope and site documentation responsibilities or market activity, creating a fit for DSCI aerial mapping, site documentation, LiDAR-ready capture and inspection support.",Land development; Construction projects; Property assets; Building envelope and site documentation,NOT CONFIRMED | NOT CONFIRMED | Website/contact form | https://www.tributecommunities.com,NOT CONFIRMED,NOT CONFIRMED,NOT CONFIRMED,"Offer construction progress capture, marketing-safe aerial documentation, roof/envelope inspection imagery and site condition records.",82,75,New,Wave 3 remaining-category expansion; verify contact details before outreach.,2026-07-20
on-wave3-developer-property-empire-communities,Empire Communities,Developer/Property,Vaughan,Ontario,Ontario,Land development; Construction projects; Property assets; Building envelope and site documentation,Developers; Property owners; Asset managers,https://www.empirecommunities.com; https://www.bildgta.ca/about/find-a-member/,"Developer/Property lead with public-source relevance to land development, construction projects, property assets work.","Public-source category fit indicates land development, construction projects, property assets, building envelope and site documentation responsibilities or market activity, creating a fit for DSCI aerial mapping, site documentation, LiDAR-ready capture and inspection support.",Land development; Construction projects; Property assets; Building envelope and site documentation,NOT CONFIRMED | NOT CONFIRMED | Website/contact form | https://www.empirecommunities.com,NOT CONFIRMED,NOT CONFIRMED,NOT CONFIRMED,"Offer construction progress capture, marketing-safe aerial documentation, roof/envelope inspection imagery and site condition records.",82,75,New,Wave 3 remaining-category expansion; verify contact details before outreach.,2026-07-20
on-wave3-developer-property-fieldgate-homes,Fieldgate Homes,Developer/Property,Markham,Ontario,Ontario,Land development; Construction projects; Property assets; Building envelope and site documentation,Developers; Property owners; Asset managers,https://www.fieldgatehomes.com; https://www.bildgta.ca/about/find-a-member/,"Developer/Property lead with public-source relevance to land development, construction projects, property assets work.","Public-source category fit indicates land development, construction projects, property assets, building envelope and site documentation responsibilities or market activity, creating a fit for DSCI aerial mapping, site documentation, LiDAR-ready capture and inspection support.",Land development; Construction projects; Property assets; Building envelope and site documentation,NOT CONFIRMED | NOT CONFIRMED | Website/contact form | https://www.fieldgatehomes.com,NOT CONFIRMED,NOT CONFIRMED,NOT CONFIRMED,"Offer construction progress capture, marketing-safe aerial documentation, roof/envelope inspection imagery and site condition records.",82,75,New,Wave 3 remaining-category expansion; verify contact details before outreach.,2026-07-20
on-wave3-developer-property-cachet-homes,Cachet Homes,Developer/Property,Mississauga,Ontario,Ontario,Land development; Construction projects; Property assets; Building envelope and site documentation,Developers; Property owners; Asset managers,https://www.cachethomes.com; https://www.bildgta.ca/about/find-a-member/,"Developer/Property lead with public-source relevance to land development, construction projects, property assets work.","Public-source category fit indicates land development, construction projects, property assets, building envelope and site documentation responsibilities or market activity, creating a fit for DSCI aerial mapping, site documentation, LiDAR-ready capture and inspection support.",Land development; Construction projects; Property assets; Building envelope and site documentation,NOT CONFIRMED | NOT CONFIRMED | Website/contact form | https://www.cachethomes.com,NOT CONFIRMED,NOT CONFIRMED,NOT CONFIRMED,"Offer construction progress capture, marketing-safe aerial documentation, roof/envelope inspection imagery and site condition records.",82,75,New,Wave 3 remaining-category expansion; verify contact details before outreach.,2026-07-20
on-wave3-developer-property-brookfield-residential-ontario,Brookfield Residential Ontario,Developer/Property,Toronto,Ontario,Ontario,Land development; Construction projects; Property assets; Building envelope and site documentation,Developers; Property owners; Asset managers,https://www.brookfieldresidential.com; https://www.bildgta.ca/about/find-a-member/,"Developer/Property lead with public-source relevance to land development, construction projects, property assets work.","Public-source category fit indicates land development, construction projects, property assets, building envelope and site documentation responsibilities or market activity, creating a fit for DSCI aerial mapping, site documentation, LiDAR-ready capture and inspection support.",Land development; Construction projects; Property assets; Building envelope and site documentation,NOT CONFIRMED | NOT CONFIRMED | Website/contact form | https://www.brookfieldresidential.com,NOT CONFIRMED,NOT CONFIRMED,NOT CONFIRMED,"Offer construction progress capture, marketing-safe aerial documentation, roof/envelope inspection imagery and site condition records.",82,75,New,Wave 3 remaining-category expansion; verify contact details before outreach.,2026-07-20
on-wave3-developer-property-aspen-ridge-homes,Aspen Ridge Homes,Developer/Property,Vaughan,Ontario,Ontario,Land development; Construction projects; Property assets; Building envelope and site documentation,Developers; Property owners; Asset managers,https://www.aspenridgehomes.com; https://www.bildgta.ca/about/find-a-member/,"Developer/Property lead with public-source relevance to land development, construction projects, property assets work.","Public-source category fit indicates land development, construction projects, property assets, building envelope and site documentation responsibilities or market activity, creating a fit for DSCI aerial mapping, site documentation, LiDAR-ready capture and inspection support.",Land development; Construction projects; Property assets; Building envelope and site documentation,NOT CONFIRMED | NOT CONFIRMED | Website/contact form | https://www.aspenridgehomes.com,NOT CONFIRMED,NOT CONFIRMED,NOT CONFIRMED,"Offer construction progress capture, marketing-safe aerial documentation, roof/envelope inspection imagery and site condition records.",82,75,New,Wave 3 remaining-category expansion; verify contact details before outreach.,2026-07-20
on-wave3-developer-property-geranium,Geranium,Developer/Property,Markham,Ontario,Ontario,Land development; Construction projects; Property assets; Building envelope and site documentation,Developers; Property owners; Asset managers,https://www.geranium.com; https://www.bildgta.ca/about/find-a-member/,"Developer/Property lead with public-source relevance to land development, construction projects, property assets work.","Public-source category fit indicates land development, construction projects, property assets, building envelope and site documentation responsibilities or market activity, creating a fit for DSCI aerial mapping, site documentation, LiDAR-ready capture and inspection support.",Land development; Construction projects; Property assets; Building envelope and site documentation,NOT CONFIRMED | NOT CONFIRMED | Website/contact form | https://www.geranium.com,NOT CONFIRMED,NOT CONFIRMED,NOT CONFIRMED,"Offer construction progress capture, marketing-safe aerial documentation, roof/envelope inspection imagery and site condition records.",82,75,New,Wave 3 remaining-category expansion; verify contact details before outreach.,2026-07-20
on-wave3-developer-property-fusion-homes,Fusion Homes,Developer/Property,Guelph,Ontario,Ontario,Land development; Construction projects; Property assets; Building envelope and site documentation,Developers; Property owners; Asset managers,https://www.fusionhomes.com; https://www.bildgta.ca/about/find-a-member/,"Developer/Property lead with public-source relevance to land development, construction projects, property assets work.","Public-source category fit indicates land development, construction projects, property assets, building envelope and site documentation responsibilities or market activity, creating a fit for DSCI aerial mapping, site documentation, LiDAR-ready capture and inspection support.",Land development; Construction projects; Property assets; Building envelope and site documentation,NOT CONFIRMED | NOT CONFIRMED | Website/contact form | https://www.fusionhomes.com,NOT CONFIRMED,NOT CONFIRMED,NOT CONFIRMED,"Offer construction progress capture, marketing-safe aerial documentation, roof/envelope inspection imagery and site condition records.",82,75,New,Wave 3 remaining-category expansion; verify contact details before outreach.,2026-07-20
on-wave3-developer-property-reid-s-heritage-homes,Reid's Heritage Homes,Developer/Property,Cambridge,Ontario,Ontario,Land development; Construction projects; Property assets; Building envelope and site documentation,Developers; Property owners; Asset managers,https://www.reidsheritagehomes.com; https://www.bildgta.ca/about/find-a-member/,"Developer/Property lead with public-source relevance to land development, construction projects, property assets work.","Public-source category fit indicates land development, construction projects, property assets, building envelope and site documentation responsibilities or market activity, creating a fit for DSCI aerial mapping, site documentation, LiDAR-ready capture and inspection support.",Land development; Construction projects; Property assets; Building envelope and site documentation,NOT CONFIRMED | NOT CONFIRMED | Website/contact form | https://www.reidsheritagehomes.com,NOT CONFIRMED,NOT CONFIRMED,NOT CONFIRMED,"Offer construction progress capture, marketing-safe aerial documentation, roof/envelope inspection imagery and site condition records.",82,75,New,Wave 3 remaining-category expansion; verify contact details before outreach.,2026-07-20
on-wave3-developer-property-granite-homes,Granite Homes,Developer/Property,Guelph,Ontario,Ontario,Land development; Construction projects; Property assets; Building envelope and site documentation,Developers; Property owners; Asset managers,https://granitehomes.ca; https://www.bildgta.ca/about/find-a-member/,"Developer/Property lead with public-source relevance to land development, construction projects, property assets work.","Public-source category fit indicates land development, construction projects, property assets, building envelope and site documentation responsibilities or market activity, creating a fit for DSCI aerial mapping, site documentation, LiDAR-ready capture and inspection support.",Land development; Construction projects; Property assets; Building envelope and site documentation,NOT CONFIRMED | NOT CONFIRMED | Website/contact form | https://granitehomes.ca,NOT CONFIRMED,NOT CONFIRMED,NOT CONFIRMED,"Offer construction progress capture, marketing-safe aerial documentation, roof/envelope inspection imagery and site condition records.",82,75,New,Wave 3 remaining-category expansion; verify contact details before outreach.,2026-07-20
on-wave3-developer-property-losani-homes,Losani Homes,Developer/Property,Hamilton,Ontario,Ontario,Land development; Construction projects; Property assets; Building envelope and site documentation,Developers; Property owners; Asset managers,https://www.losanihomes.com; https://www.bildgta.ca/about/find-a-member/,"Developer/Property lead with public-source relevance to land development, construction projects, property assets work.","Public-source category fit indicates land development, construction projects, property assets, building envelope and site documentation responsibilities or market activity, creating a fit for DSCI aerial mapping, site documentation, LiDAR-ready capture and inspection support.",Land development; Construction projects; Property assets; Building envelope and site documentation,NOT CONFIRMED | NOT CONFIRMED | Website/contact form | https://www.losanihomes.com,NOT CONFIRMED,NOT CONFIRMED,NOT CONFIRMED,"Offer construction progress capture, marketing-safe aerial documentation, roof/envelope inspection imagery and site condition records.",82,75,New,Wave 3 remaining-category expansion; verify contact details before outreach.,2026-07-20
on-wave3-developer-property-marlin-spring,Marlin Spring,Developer/Property,Toronto,Ontario,Ontario,Land development; Construction projects; Property assets; Building envelope and site documentation,Developers; Property owners; Asset managers,https://marlinspring.com; https://www.bildgta.ca/about/find-a-member/,"Developer/Property lead with public-source relevance to land development, construction projects, property assets work.","Public-source category fit indicates land development, construction projects, property assets, building envelope and site documentation responsibilities or market activity, creating a fit for DSCI aerial mapping, site documentation, LiDAR-ready capture and inspection support.",Land development; Construction projects; Property assets; Building envelope and site documentation,NOT CONFIRMED | NOT CONFIRMED | Website/contact form | https://marlinspring.com,NOT CONFIRMED,NOT CONFIRMED,NOT CONFIRMED,"Offer construction progress capture, marketing-safe aerial documentation, roof/envelope inspection imagery and site condition records.",82,75,New,Wave 3 remaining-category expansion; verify contact details before outreach.,2026-07-20
on-wave3-developer-property-plaza,Plaza,Developer/Property,Toronto,Ontario,Ontario,Land development; Construction projects; Property assets; Building envelope and site documentation,Developers; Property owners; Asset managers,https://www.pureplaza.com; https://www.bildgta.ca/about/find-a-member/,"Developer/Property lead with public-source relevance to land development, construction projects, property assets work.","Public-source category fit indicates land development, construction projects, property assets, building envelope and site documentation responsibilities or market activity, creating a fit for DSCI aerial mapping, site documentation, LiDAR-ready capture and inspection support.",Land development; Construction projects; Property assets; Building envelope and site documentation,NOT CONFIRMED | NOT CONFIRMED | Website/contact form | https://www.pureplaza.com,NOT CONFIRMED,NOT CONFIRMED,NOT CONFIRMED,"Offer construction progress capture, marketing-safe aerial documentation, roof/envelope inspection imagery and site condition records.",82,75,New,Wave 3 remaining-category expansion; verify contact details before outreach.,2026-07-20
on-wave3-developer-property-centrecourt,CentreCourt,Developer/Property,Toronto,Ontario,Ontario,Land development; Construction projects; Property assets; Building envelope and site documentation,Developers; Property owners; Asset managers,https://centrecourt.com; https://www.bildgta.ca/about/find-a-member/,"Developer/Property lead with public-source relevance to land development, construction projects, property assets work.","Public-source category fit indicates land development, construction projects, property assets, building envelope and site documentation responsibilities or market activity, creating a fit for DSCI aerial mapping, site documentation, LiDAR-ready capture and inspection support.",Land development; Construction projects; Property assets; Building envelope and site documentation,NOT CONFIRMED | NOT CONFIRMED | Website/contact form | https://centrecourt.com,NOT CONFIRMED,NOT CONFIRMED,NOT CONFIRMED,"Offer construction progress capture, marketing-safe aerial documentation, roof/envelope inspection imagery and site condition records.",82,75,New,Wave 3 remaining-category expansion; verify contact details before outreach.,2026-07-20
on-wave3-developer-property-alterra,Alterra,Developer/Property,Toronto,Ontario,Ontario,Land development; Construction projects; Property assets; Building envelope and site documentation,Developers; Property owners; Asset managers,https://alterra.com; https://www.bildgta.ca/about/find-a-member/,"Developer/Property lead with public-source relevance to land development, construction projects, property assets work.","Public-source category fit indicates land development, construction projects, property assets, building envelope and site documentation responsibilities or market activity, creating a fit for DSCI aerial mapping, site documentation, LiDAR-ready capture and inspection support.",Land development; Construction projects; Property assets; Building envelope and site documentation,NOT CONFIRMED | NOT CONFIRMED | Website/contact form | https://alterra.com,NOT CONFIRMED,NOT CONFIRMED,NOT CONFIRMED,"Offer construction progress capture, marketing-safe aerial documentation, roof/envelope inspection imagery and site condition records.",82,75,New,Wave 3 remaining-category expansion; verify contact details before outreach.,2026-07-20
on-wave3-developer-property-tas,TAS,Developer/Property,Toronto,Ontario,Ontario,Land development; Construction projects; Property assets; Building envelope and site documentation,Developers; Property owners; Asset managers,https://tasimpact.ca; https://www.bildgta.ca/about/find-a-member/,"Developer/Property lead with public-source relevance to land development, construction projects, property assets work.","Public-source category fit indicates land development, construction projects, property assets, building envelope and site documentation responsibilities or market activity, creating a fit for DSCI aerial mapping, site documentation, LiDAR-ready capture and inspection support.",Land development; Construction projects; Property assets; Building envelope and site documentation,NOT CONFIRMED | NOT CONFIRMED | Website/contact form | https://tasimpact.ca,NOT CONFIRMED,NOT CONFIRMED,NOT CONFIRMED,"Offer construction progress capture, marketing-safe aerial documentation, roof/envelope inspection imagery and site condition records.",82,75,New,Wave 3 remaining-category expansion; verify contact details before outreach.,2026-07-20
on-wave3-developer-property-devron,Devron,Developer/Property,Toronto,Ontario,Ontario,Land development; Construction projects; Property assets; Building envelope and site documentation,Developers; Property owners; Asset managers,https://devron.com; https://www.bildgta.ca/about/find-a-member/,"Developer/Property lead with public-source relevance to land development, construction projects, property assets work.","Public-source category fit indicates land development, construction projects, property assets, building envelope and site documentation responsibilities or market activity, creating a fit for DSCI aerial mapping, site documentation, LiDAR-ready capture and inspection support.",Land development; Construction projects; Property assets; Building envelope and site documentation,NOT CONFIRMED | NOT CONFIRMED | Website/contact form | https://devron.com,NOT CONFIRMED,NOT CONFIRMED,NOT CONFIRMED,"Offer construction progress capture, marketing-safe aerial documentation, roof/envelope inspection imagery and site condition records.",82,75,New,Wave 3 remaining-category expansion; verify contact details before outreach.,2026-07-20
on-wave3-developer-property-collecdev,Collecdev,Developer/Property,Toronto,Ontario,Ontario,Land development; Construction projects; Property assets; Building envelope and site documentation,Developers; Property owners; Asset managers,https://collecdev.com; https://www.bildgta.ca/about/find-a-member/,"Developer/Property lead with public-source relevance to land development, construction projects, property assets work.","Public-source category fit indicates land development, construction projects, property assets, building envelope and site documentation responsibilities or market activity, creating a fit for DSCI aerial mapping, site documentation, LiDAR-ready capture and inspection support.",Land development; Construction projects; Property assets; Building envelope and site documentation,NOT CONFIRMED | NOT CONFIRMED | Website/contact form | https://collecdev.com,NOT CONFIRMED,NOT CONFIRMED,NOT CONFIRMED,"Offer construction progress capture, marketing-safe aerial documentation, roof/envelope inspection imagery and site condition records.",82,75,New,Wave 3 remaining-category expansion; verify contact details before outreach.,2026-07-20
on-wave3-developer-property-altree-developments,Altree Developments,Developer/Property,Toronto,Ontario,Ontario,Land development; Construction projects; Property assets; Building envelope and site documentation,Developers; Property owners; Asset managers,https://www.altreedevelopments.com; https://www.bildgta.ca/about/find-a-member/,"Developer/Property lead with public-source relevance to land development, construction projects, property assets work.","Public-source category fit indicates land development, construction projects, property assets, building envelope and site documentation responsibilities or market activity, creating a fit for DSCI aerial mapping, site documentation, LiDAR-ready capture and inspection support.",Land development; Construction projects; Property assets; Building envelope and site documentation,NOT CONFIRMED | NOT CONFIRMED | Website/contact form | https://www.altreedevelopments.com,NOT CONFIRMED,NOT CONFIRMED,NOT CONFIRMED,"Offer construction progress capture, marketing-safe aerial documentation, roof/envelope inspection imagery and site condition records.",82,75,New,Wave 3 remaining-category expansion; verify contact details before outreach.,2026-07-20
on-wave3-developer-property-fitzrovia,Fitzrovia,Developer/Property,Toronto,Ontario,Ontario,Land development; Construction projects; Property assets; Building envelope and site documentation,Developers; Property owners; Asset managers,https://fitzrovia.ca; https://www.bildgta.ca/about/find-a-member/,"Developer/Property lead with public-source relevance to land development, construction projects, property assets work.","Public-source category fit indicates land development, construction projects, property assets, building envelope and site documentation responsibilities or market activity, creating a fit for DSCI aerial mapping, site documentation, LiDAR-ready capture and inspection support.",Land development; Construction projects; Property assets; Building envelope and site documentation,NOT CONFIRMED | NOT CONFIRMED | Website/contact form | https://fitzrovia.ca,NOT CONFIRMED,NOT CONFIRMED,NOT CONFIRMED,"Offer construction progress capture, marketing-safe aerial documentation, roof/envelope inspection imagery and site condition records.",82,75,New,Wave 3 remaining-category expansion; verify contact details before outreach.,2026-07-20
on-wave3-developer-property-hullmark,Hullmark,Developer/Property,Toronto,Ontario,Ontario,Land development; Construction projects; Property assets; Building envelope and site documentation,Developers; Property owners; Asset managers,https://www.hullmark.ca; https://www.bildgta.ca/about/find-a-member/,"Developer/Property lead with public-source relevance to land development, construction projects, property assets work.","Public-source category fit indicates land development, construction projects, property assets, building envelope and site documentation responsibilities or market activity, creating a fit for DSCI aerial mapping, site documentation, LiDAR-ready capture and inspection support.",Land development; Construction projects; Property assets; Building envelope and site documentation,NOT CONFIRMED | NOT CONFIRMED | Website/contact form | https://www.hullmark.ca,NOT CONFIRMED,NOT CONFIRMED,NOT CONFIRMED,"Offer construction progress capture, marketing-safe aerial documentation, roof/envelope inspection imagery and site condition records.",82,75,New,Wave 3 remaining-category expansion; verify contact details before outreach.,2026-07-20
on-wave3-developer-property-freed-developments,Freed Developments,Developer/Property,Toronto,Ontario,Ontario,Land development; Construction projects; Property assets; Building envelope and site documentation,Developers; Property owners; Asset managers,https://freeddevelopments.com; https://www.bildgta.ca/about/find-a-member/,"Developer/Property lead with public-source relevance to land development, construction projects, property assets work.","Public-source category fit indicates land development, construction projects, property assets, building envelope and site documentation responsibilities or market activity, creating a fit for DSCI aerial mapping, site documentation, LiDAR-ready capture and inspection support.",Land development; Construction projects; Property assets; Building envelope and site documentation,NOT CONFIRMED | NOT CONFIRMED | Website/contact form | https://freeddevelopments.com,NOT CONFIRMED,NOT CONFIRMED,NOT CONFIRMED,"Offer construction progress capture, marketing-safe aerial documentation, roof/envelope inspection imagery and site condition records.",82,75,New,Wave 3 remaining-category expansion; verify contact details before outreach.,2026-07-20
on-wave3-developer-property-urban-capital,Urban Capital,Developer/Property,Toronto,Ontario,Ontario,Land development; Construction projects; Property assets; Building envelope and site documentation,Developers; Property owners; Asset managers,https://www.urbancapital.ca; https://www.bildgta.ca/about/find-a-member/,"Developer/Property lead with public-source relevance to land development, construction projects, property assets work.","Public-source category fit indicates land development, construction projects, property assets, building envelope and site documentation responsibilities or market activity, creating a fit for DSCI aerial mapping, site documentation, LiDAR-ready capture and inspection support.",Land development; Construction projects; Property assets; Building envelope and site documentation,NOT CONFIRMED | NOT CONFIRMED | Website/contact form | https://www.urbancapital.ca,NOT CONFIRMED,NOT CONFIRMED,NOT CONFIRMED,"Offer construction progress capture, marketing-safe aerial documentation, roof/envelope inspection imagery and site condition records.",82,75,New,Wave 3 remaining-category expansion; verify contact details before outreach.,2026-07-20
on-wave3-developer-property-starlane-home-corporation,Starlane Home Corporation,Developer/Property,Vaughan,Ontario,Ontario,Land development; Construction projects; Property assets; Building envelope and site documentation,Developers; Property owners; Asset managers,https://www.starlanehomes.com; https://www.bildgta.ca/about/find-a-member/,"Developer/Property lead with public-source relevance to land development, construction projects, property assets work.","Public-source category fit indicates land development, construction projects, property assets, building envelope and site documentation responsibilities or market activity, creating a fit for DSCI aerial mapping, site documentation, LiDAR-ready capture and inspection support.",Land development; Construction projects; Property assets; Building envelope and site documentation,NOT CONFIRMED | NOT CONFIRMED | Website/contact form | https://www.starlanehomes.com,NOT CONFIRMED,NOT CONFIRMED,NOT CONFIRMED,"Offer construction progress capture, marketing-safe aerial documentation, roof/envelope inspection imagery and site condition records.",82,75,New,Wave 3 remaining-category expansion; verify contact details before outreach.,2026-07-20
